10/02/20,15:06:55,Secador 3,1,2002101506,254,0,0,0,0,0,0,0,0,0,0,0,0,0,0,,0,0,0,0,0,0,0,0,0,,
10/02/20,12:09:06,Secador 3,1,2002101506,198,0,0,0,0,0,0,0,0,0,0,0,0,0,0,,0,0,0,0,0,0,0,0,0,,
10/02/20,12:12:32,Secador 3,1,2002101506,213,0,0,0,0,0,0,0,0,0,0,0,0,0,0,,0,0,0,0,0,0,0,0,0,,
10/02/20,12:13:09,Secador 3,1,2002101506,186,0,0,0,0,0,0,0,0,0,0,0,0,0,0,,0,0,0,0,0,0,0,0,0,,
10/02/20,12:13:47,Secador 3,1,2002101506,201,0,0,0,0,0,0,0,0,0,0,0,0,0,0,,0,0,0,0,0,0,0,0,0,,
10/02/20,12:14:24,Secador 3,1,2002101506,200,0,0,0,0,0,0,0,0,0,0,0,0,0,0,,0,0,0,0,0,0,0,0,0,,
10/02/20,12:15:02,Secador 3,1,2002101506,201,0,0,0,0,0,0,0,0,0,0,0,0,0,0,,0,0,0,0,0,0,0,0,0,,
10/02/20,12:15:39,Secador 3,1,2002101506,206,0,0,0,0,0,0,0,0,0,0,0,0,0,0,,0,0,0,0,0,0,0,0,0,,
10/02/20,12:17:58,Secador 3,1,2002101506,198,0,0,0,0,0,0,0,0,0,0,0,0,0,0,,0,0,0,0,0,0,0,0,0,,
10/02/20,12:18:56,Secador 3,1,2002101506,200,0,0,0,0,0,0,0,0,0,0,0,0,0,0,,0,0,0,0,0,0,0,0,0,,
10/02/20,12:20:05,Secador 3,1,2002101506,198,0,0,0,0,0,0,0,0,0,0,0,0,0,0,,0,0,0,0,0,0,0,0,0,,
10/02/20,12:21:18,Secador 3,1,2002101506,199,0,0,0,0,0,0,0,0,0,0,0,0,0,0,,0,0,0,0,0,0,0,0,0,,
10/02/20,12:22:36,Secador 3,1,2002101506,201,0,0,0,0,0,0,0,0,0,0,0,0,0,0,,0,0,0,0,0,0,0,0,0,,
10/02/20,12:23:49,Secador 3,1,2002101506,199,0,0,0,0,0,0,0,0,0,0,0,0,0,0,,0,0,0,0,0,0,0,0,0,,
10/02/20,12:39:27,Secador 3,1,2002101506,201,0,0,0,0,0,0,0,0,0,0,0,0,0,0,,0,0,0,0,0,0,0,0,0,,
10/02/20,12:40:44,Secador 3,1,2002101506,200,0,0,0,0,0,0,0,0,0,0,0,0,0,0,,0,0,0,0,0,0,0,0,0,,
10/02/20,12:42:16,Secador 3,1,2002101506,200,0,0,0,0,0,0,0,0,0,0,0,0,0,0,,0,0,0,0,0,0,0,0,0,,
10/02/20,12:43:37,Secador 3,1,2002101506,200,0,0,0,0,0,0,0,0,0,0,0,0,0,0,,0,0,0,0,0,0,0,0,0,,
10/02/20,12:44:57,Secador 3,1,2002101506,200,0,0,0,0,0,0,0,0,0,0,0,0,0,0,,0,0,0,0,0,0,0,0,0,,
10/02/20,12:46:25,Secador 3,1,2002101506,199,0,0,0,0,0,0,0,0,0,0,0,0,0,0,,0,0,0,0,0,0,0,0,0,,
10/02/20,12:48:20,Secador 3,1,2002101506,199,0,0,0,0,0,0,0,0,0,0,0,0,0,0,,0,0,0,0,0,0,0,0,0,,
10/02/20,12:50:31,Secador 3,1,2002101506,206,0,0,0,0,0,0,0,0,0,0,0,0,0,0,,0,0,0,0,0,0,0,0,0,,
10/02/20,12:51:34,Secador 3,1,2002101506,198,0,0,0,0,0,0,0,0,0,0,0,0,0,0,,0,0,0,0,0,0,0,0,0,,
10/02/20,12:52:43,Secador 3,1,2002101506,198,0,0,0,0,0,0,0,0,0,0,0,0,0,0,,0,0,0,0,0,0,0,0,0,,
10/02/20,12:54:46,Secador 3,1,2002101506,198,0,0,0,0,0,0,0,0,0,0,0,0,0,0,,0,0,0,0,0,0,0,0,0,,
10/02/20,12:56:15,Secador 3,1,2002101506,199,0,0,0,0,0,0,0,0,0,0,0,0,0,0,,0,0,0,0,0,0,0,0,0,,
10/02/20,12:58:21,Secador 3,1,2002101506,202,0,0,0,0,0,0,0,0,0,0,0,0,0,0,,0,0,0,0,0,0,0,0,0,,
10/02/20,12:59:59,Secador 3,1,2002101506,200,0,0,0,0,0,0,0,0,0,0,0,0,0,0,,0,0,0,0,0,0,0,0,0,,
10/02/20,13:01:17,Secador 3,1,2002101506,204,0,0,0,0,0,0,0,0,0,0,0,0,0,0,,0,0,0,0,0,0,0,0,0,,
10/02/20,13:02:04,Secador 3,1,2002101506,202,0,0,0,0,0,0,0,0,0,0,0,0,0,0,,0,0,0,0,0,0,0,0,0,,
10/02/20,13:02:54,Secador 3,1,2002101506,196,0,0,0,0,0,0,0,0,0,0,0,0,0,0,,0,0,0,0,0,0,0,0,0,,
10/02/20,13:04:11,Secador 3,1,2002101506,201,0,0,0,0,0,0,0,0,0,0,0,0,0,0,,0,0,0,0,0,0,0,0,0,,
10/02/20,13:05:02,Secador 3,1,2002101506,203,0,0,0,0,0,0,0,0,0,0,0,0,0,0,,0,0,0,0,0,0,0,0,0,,
10/02/20,13:05:53,Secador 3,1,2002101506,198,0,0,0,0,0,0,0,0,0,0,0,0,0,0,,0,0,0,0,0,0,0,0,0,,
10/02/20,13:06:47,Secador 3,1,2002101506,198,0,0,0,0,0,0,0,0,0,0,0,0,0,0,,0,0,0,0,0,0,0,0,0,,
10/02/20,13:07:43,Secador 3,1,2002101506,203,0,0,0,0,0,0,0,0,0,0,0,0,0,0,,0,0,0,0,0,0,0,0,0,,
10/02/20,13:08:37,Secador 3,1,2002101506,199,0,0,0,0,0,0,0,0,0,0,0,0,0,0,,0,0,0,0,0,0,0,0,0,,
10/02/20,13:09:27,Secador 3,1,2002101506,200,0,0,0,0,0,0,0,0,0,0,0,0,0,0,,0,0,0,0,0,0,0,0,0,,
10/02/20,13:10:30,Secador 3,1,2002101506,200,0,0,0,0,0,0,0,0,0,0,0,0,0,0,,0,0,0,0,0,0,0,0,0,,
10/02/20,13:11:20,Secador 3,1,2002101506,201,0,0,0,0,0,0,0,0,0,0,0,0,0,0,,0,0,0,0,0,0,0,0,0,,
10/02/20,13:12:13,Secador 3,1,2002101506,198,0,0,0,0,0,0,0,0,0,0,0,0,0,0,,0,0,0,0,0,0,0,0,0,,
10/02/20,13:13:06,Secador 3,1,2002101506,202,0,0,0,0,0,0,0,0,0,0,0,0,0,0,,0,0,0,0,0,0,0,0,0,,
10/02/20,13:13:57,Secador 3,1,2002101506,199,0,0,0,0,0,0,0,0,0,0,0,0,0,0,,0,0,0,0,0,0,0,0,0,,
10/02/20,13:16:19,Secador 3,1,2002101506,197,0,0,0,0,0,0,0,0,0,0,0,0,0,0,,0,0,0,0,0,0,0,0,0,,
10/02/20,13:17:32,Secador 3,1,2002101506,200,0,0,0,0,0,0,0,0,0,0,0,0,0,0,,0,0,0,0,0,0,0,0,0,,
10/02/20,13:18:38,Secador 3,1,2002101506,200,0,0,0,0,0,0,0,0,0,0,0,0,0,0,,0,0,0,0,0,0,0,0,0,,
10/02/20,13:19:51,Secador 3,1,2002101506,200,0,0,0,0,0,0,0,0,0,0,0,0,0,0,,0,0,0,0,0,0,0,0,0,,
10/02/20,13:22:24,Secador 3,1,2002101506,196,0,0,0,0,0,0,0,0,0,0,0,0,0,0,,0,0,0,0,0,0,0,0,0,,
10/02/20,13:24:43,Secador 3,1,2002101506,202,0,0,0,0,0,0,0,0,0,0,0,0,0,0,,0,0,0,0,0,0,0,0,0,,
10/02/20,13:26:38,Secador 3,1,2002101506,201,0,0,0,0,0,0,0,0,0,0,0,0,0,0,,0,0,0,0,0,0,0,0,0,,
10/02/20,13:28:17,Secador 3,1,2002101506,199,0,0,0,0,0,0,0,0,0,0,0,0,0,0,,0,0,0,0,0,0,0,0,0,,
10/02/20,13:29:44,Secador 3,1,2002101506,203,0,0,0,0,0,0,0,0,0,0,0,0,0,0,,0,0,0,0,0,0,0,0,0,,
10/02/20,13:31:47,Secador 3,1,2002101506,197,0,0,0,0,0,0,0,0,0,0,0,0,0,0,,0,0,0,0,0,0,0,0,0,,
10/02/20,13:40:52,Secador 3,1,2002101506,152,0,0,0,0,0,0,0,0,0,0,0,0,0,0,,0,0,0,0,0,0,0,0,0,,
14/02/20,13:42:49,Secador 1,3,2002141335,210,0,0,0,0,0,0,0,0,0,0,0,0,0,0,,0,0,0,0,0,0,0,0,0,,
14/02/20,13:43:10,Secador 1,3,2002141335,207,0,0,0,0,0,0,0,0,0,0,0,0,0,0,,0,0,0,0,0,0,0,0,0,,
14/02/20,13:43:32,Secador 1,3,2002141335,202,0,0,0,0,0,0,0,0,0,0,0,0,0,0,,0,0,0,0,0,0,0,0,0,,
14/02/20,13:45:40,Secador 1,3,2002141335,192,0,0,0,0,0,0,0,0,0,0,0,0,0,0,,0,0,0,0,0,0,0,0,0,,
14/02/20,13:46:29,Secador 1,3,2002141335,198,0,0,0,0,0,0,0,0,0,0,0,0,0,0,,0,0,0,0,0,0,0,0,0,,
14/02/20,13:47:24,Secador 1,3,2002141335,199,0,0,0,0,0,0,0,0,0,0,0,0,0,0,,0,0,0,0,0,0,0,0,0,,
14/02/20,13:48:21,Secador 1,3,2002141335,199,0,0,0,0,0,0,0,0,0,0,0,0,0,0,,0,0,0,0,0,0,0,0,0,,
14/02/20,13:49:21,Secador 1,3,2002141335,200,0,0,0,0,0,0,0,0,0,0,0,0,0,0,,0,0,0,0,0,0,0,0,0,,
14/02/20,13:50:31,Secador 1,3,2002141335,199,0,0,0,0,0,0,0,0,0,0,0,0,0,0,,0,0,0,0,0,0,0,0,0,,
14/02/20,13:51:47,Secador 1,3,2002141335,199,0,0,0,0,0,0,0,0,0,0,0,0,0,0,,0,0,0,0,0,0,0,0,0,,
14/02/20,13:52:47,Secador 1,3,2002141335,206,0,0,0,0,0,0,0,0,0,0,0,0,0,0,,0,0,0,0,0,0,0,0,0,,
14/02/20,13:53:29,Secador 1,3,2002141335,199,0,0,0,0,0,0,0,0,0,0,0,0,0,0,,0,0,0,0,0,0,0,0,0,,
14/02/20,13:54:12,Secador 1,3,2002141335,199,0,0,0,0,0,0,0,0,0,0,0,0,0,0,,0,0,0,0,0,0,0,0,0,,
14/02/20,13:54:57,Secador 1,3,2002141335,201,0,0,0,0,0,0,0,0,0,0,0,0,0,0,,0,0,0,0,0,0,0,0,0,,
14/02/20,13:55:42,Secador 1,3,2002141335,200,0,0,0,0,0,0,0,0,0,0,0,0,0,0,,0,0,0,0,0,0,0,0,0,,
14/02/20,13:56:27,Secador 1,3,2002141335,199,0,0,0,0,0,0,0,0,0,0,0,0,0,0,,0,0,0,0,0,0,0,0,0,,
14/02/20,13:57:11,Secador 1,3,2002141335,201,0,0,0,0,0,0,0,0,0,0,0,0,0,0,,0,0,0,0,0,0,0,0,0,,
14/02/20,13:57:56,Secador 1,3,2002141335,200,0,0,0,0,0,0,0,0,0,0,0,0,0,0,,0,0,0,0,0,0,0,0,0,,
14/02/20,13:58:34,Secador 1,3,2002141335,195,0,0,0,0,0,0,0,0,0,0,0,0,0,0,,0,0,0,0,0,0,0,0,0,,
14/02/20,13:59:08,Secador 1,3,2002141335,199,0,0,0,0,0,0,0,0,0,0,0,0,0,0,,0,0,0,0,0,0,0,0,0,,
14/02/20,13:59:41,Secador 1,3,2002141335,201,0,0,0,0,0,0,0,0,0,0,0,0,0,0,,0,0,0,0,0,0,0,0,0,,
14/02/20,14:00:15,Secador 1,3,2002141335,200,0,0,0,0,0,0,0,0,0,0,0,0,0,0,,0,0,0,0,0,0,0,0,0,,
14/02/20,14:00:49,Secador 1,3,2002141335,200,0,0,0,0,0,0,0,0,0,0,0,0,0,0,,0,0,0,0,0,0,0,0,0,,
14/02/20,14:01:21,Secador 1,3,2002141335,199,0,0,0,0,0,0,0,0,0,0,0,0,0,0,,0,0,0,0,0,0,0,0,0,,
14/02/20,14:01:53,Secador 1,3,2002141335,201,0,0,0,0,0,0,0,0,0,0,0,0,0,0,,0,0,0,0,0,0,0,0,0,,
14/02/20,14:02:25,Secador 1,3,2002141335,199,0,0,0,0,0,0,0,0,0,0,0,0,0,0,,0,0,0,0,0,0,0,0,0,,
14/02/20,14:02:56,Secador 1,3,2002141335,201,0,0,0,0,0,0,0,0,0,0,0,0,0,0,,0,0,0,0,0,0,0,0,0,,
14/02/20,14:03:28,Secador 1,3,2002141335,198,0,0,0,0,0,0,0,0,0,0,0,0,0,0,,0,0,0,0,0,0,0,0,0,,
14/02/20,14:04:01,Secador 1,3,2002141335,202,0,0,0,0,0,0,0,0,0,0,0,0,0,0,,0,0,0,0,0,0,0,0,0,,
14/02/20,14:04:33,Secador 1,3,2002141335,200,0,0,0,0,0,0,0,0,0,0,0,0,0,0,,0,0,0,0,0,0,0,0,0,,
14/02/20,14:05:06,Secador 1,3,2002141335,199,0,0,0,0,0,0,0,0,0,0,0,0,0,0,,0,0,0,0,0,0,0,0,0,,
14/02/20,14:05:38,Secador 1,3,2002141335,200,0,0,0,0,0,0,0,0,0,0,0,0,0,0,,0,0,0,0,0,0,0,0,0,,
14/02/20,14:06:45,Secador 1,3,2002141335,206,0,0,0,0,0,0,0,0,0,0,0,0,0,0,,0,0,0,0,0,0,0,0,0,,
14/02/20,14:07:31,Secador 1,3,2002141335,199,0,0,0,0,0,0,0,0,0,0,0,0,0,0,,0,0,0,0,0,0,0,0,0,,
14/02/20,14:08:17,Secador 1,3,2002141335,201,0,0,0,0,0,0,0,0,0,0,0,0,0,0,,0,0,0,0,0,0,0,0,0,,
14/02/20,14:09:03,Secador 1,3,2002141335,201,0,0,0,0,0,0,0,0,0,0,0,0,0,0,,0,0,0,0,0,0,0,0,0,,
14/02/20,14:09:48,Secador 1,3,2002141335,199,0,0,0,0,0,0,0,0,0,0,0,0,0,0,,0,0,0,0,0,0,0,0,0,,
14/02/20,14:10:32,Secador 1,3,2002141335,201,0,0,0,0,0,0,0,0,0,0,0,0,0,0,,0,0,0,0,0,0,0,0,0,,
14/02/20,14:11:15,Secador 1,3,2002141335,200,0,0,0,0,0,0,0,0,0,0,0,0,0,0,,0,0,0,0,0,0,0,0,0,,
14/02/20,14:11:59,Secador 1,3,2002141335,200,0,0,0,0,0,0,0,0,0,0,0,0,0,0,,0,0,0,0,0,0,0,0,0,,
14/02/20,14:12:42,Secador 1,3,2002141335,198,0,0,0,0,0,0,0,0,0,0,0,0,0,0,,0,0,0,0,0,0,0,0,0,,
14/02/20,14:13:25,Secador 1,3,2002141335,201,0,0,0,0,0,0,0,0,0,0,0,0,0,0,,0,0,0,0,0,0,0,0,0,,
14/02/20,14:14:05,Secador 1,3,2002141335,194,0,0,0,0,0,0,0,0,0,0,0,0,0,0,,0,0,0,0,0,0,0,0,0,,
14/02/20,14:14:39,Secador 1,3,2002141335,200,0,0,0,0,0,0,0,0,0,0,0,0,0,0,,0,0,0,0,0,0,0,0,0,,
14/02/20,14:15:12,Secador 1,3,2002141335,201,0,0,0,0,0,0,0,0,0,0,0,0,0,0,,0,0,0,0,0,0,0,0,0,,
14/02/20,14:15:47,Secador 1,3,2002141335,199,0,0,0,0,0,0,0,0,0,0,0,0,0,0,,0,0,0,0,0,0,0,0,0,,
14/02/20,14:16:21,Secador 1,3,2002141335,200,0,0,0,0,0,0,0,0,0,0,0,0,0,0,,0,0,0,0,0,0,0,0,0,,
14/02/20,14:16:57,Secador 1,3,2002141335,200,0,0,0,0,0,0,0,0,0,0,0,0,0,0,,0,0,0,0,0,0,0,0,0,,
14/02/20,14:17:50,Secador 1,3,2002141335,199,0,0,0,0,0,0,0,0,0,0,0,0,0,0,,0,0,0,0,0,0,0,0,0,,
14/02/20,14:18:28,Secador 1,3,2002141335,201,0,0,0,0,0,0,0,0,0,0,0,0,0,0,,0,0,0,0,0,0,0,0,0,,
14/02/20,14:19:05,Secador 1,3,2002141335,201,0,0,0,0,0,0,0,0,0,0,0,0,0,0,,0,0,0,0,0,0,0,0,0,,
14/02/20,14:19:40,Secador 1,3,2002141335,199,0,0,0,0,0,0,0,0,0,0,0,0,0,0,,0,0,0,0,0,0,0,0,0,,
14/02/20,14:20:14,Secador 1,3,2002141335,200,0,0,0,0,0,0,0,0,0,0,0,0,0,0,,0,0,0,0,0,0,0,0,0,,
14/02/20,14:20:49,Secador 1,3,2002141335,209,0,0,0,0,0,0,0,0,0,0,0,0,0,0,,0,0,0,0,0,0,0,0,0,,
14/02/20,14:21:22,Secador 1,3,2002141335,192,0,0,0,0,0,0,0,0,0,0,0,0,0,0,,0,0,0,0,0,0,0,0,0,,
14/02/20,14:21:57,Secador 1,3,2002141335,201,0,0,0,0,0,0,0,0,0,0,0,0,0,0,,0,0,0,0,0,0,0,0,0,,
14/02/20,14:23:42,Secador 1,3,2002141335,198,0,0,0,0,0,0,0,0,0,0,0,0,0,0,,0,0,0,0,0,0,0,0,0,,
14/02/20,14:25:06,Secador 1,3,2002141335,200,0,0,0,0,0,0,0,0,0,0,0,0,0,0,,0,0,0,0,0,0,0,0,0,,
14/02/20,14:26:33,Secador 1,3,2002141335,202,0,0,0,0,0,0,0,0,0,0,0,0,0,0,,0,0,0,0,0,0,0,0,0,,
14/02/20,14:27:55,Secador 1,3,2002141335,198,0,0,0,0,0,0,0,0,0,0,0,0,0,0,,0,0,0,0,0,0,0,0,0,,
14/02/20,14:29:03,Secador 1,3,2002141335,199,0,0,0,0,0,0,0,0,0,0,0,0,0,0,,0,0,0,0,0,0,0,0,0,,
14/02/20,14:31:42,Secador 1,3,2002141335,23,0,0,0,0,0,0,0,0,0,0,0,0,0,0,,0,0,0,0,0,0,0,0,0,,
14/02/20,14:55:07,Secador 4,2,2002141447,201,0,0,0,0,0,0,0,0,0,0,0,0,0,0,,0,0,0,0,0,0,0,0,0,,
14/02/20,14:56:09,Secador 4,2,2002141447,204,0,0,0,0,0,0,0,0,0,0,0,0,0,0,,0,0,0,0,0,0,0,0,0,,
14/02/20,14:57:01,Secador 4,2,2002141447,202,0,0,0,0,0,0,0,0,0,0,0,0,0,0,,0,0,0,0,0,0,0,0,0,,
14/02/20,14:57:49,Secador 4,2,2002141447,199,0,0,0,0,0,0,0,0,0,0,0,0,0,0,,0,0,0,0,0,0,0,0,0,,
14/02/20,14:58:39,Secador 4,2,2002141447,200,0,0,0,0,0,0,0,0,0,0,0,0,0,0,,0,0,0,0,0,0,0,0,0,,
14/02/20,14:59:29,Secador 4,2,2002141447,200,0,0,0,0,0,0,0,0,0,0,0,0,0,0,,0,0,0,0,0,0,0,0,0,,
14/02/20,15:00:23,Secador 4,2,2002141447,199,0,0,0,0,0,0,0,0,0,0,0,0,0,0,,0,0,0,0,0,0,0,0,0,,
14/02/20,15:01:14,Secador 4,2,2002141447,200,0,0,0,0,0,0,0,0,0,0,0,0,0,0,,0,0,0,0,0,0,0,0,0,,
14/02/20,15:02:08,Secador 4,2,2002141447,201,0,0,0,0,0,0,0,0,0,0,0,0,0,0,,0,0,0,0,0,0,0,0,0,,
14/02/20,15:03:01,Secador 4,2,2002141447,199,0,0,0,0,0,0,0,0,0,0,0,0,0,0,,0,0,0,0,0,0,0,0,0,,
14/02/20,15:03:56,Secador 4,2,2002141447,200,0,0,0,0,0,0,0,0,0,0,0,0,0,0,,0,0,0,0,0,0,0,0,0,,
14/02/20,15:04:48,Secador 4,2,2002141447,202,0,0,0,0,0,0,0,0,0,0,0,0,0,0,,0,0,0,0,0,0,0,0,0,,
14/02/20,15:05:40,Secador 4,2,2002141447,199,0,0,0,0,0,0,0,0,0,0,0,0,0,0,,0,0,0,0,0,0,0,0,0,,
14/02/20,15:06:31,Secador 4,2,2002141447,198,0,0,0,0,0,0,0,0,0,0,0,0,0,0,,0,0,0,0,0,0,0,0,0,,
14/02/20,15:07:30,Secador 4,2,2002141447,200,0,0,0,0,0,0,0,0,0,0,0,0,0,0,,0,0,0,0,0,0,0,0,0,,
14/02/20,15:08:30,Secador 4,2,2002141447,201,0,0,0,0,0,0,0,0,0,0,0,0,0,0,,0,0,0,0,0,0,0,0,0,,
14/02/20,15:09:25,Secador 4,2,2002141447,199,0,0,0,0,0,0,0,0,0,0,0,0,0,0,,0,0,0,0,0,0,0,0,0,,
14/02/20,15:10:23,Secador 4,2,2002141447,202,0,0,0,0,0,0,0,0,0,0,0,0,0,0,,0,0,0,0,0,0,0,0,0,,
14/02/20,15:11:22,Secador 4,2,2002141447,198,0,0,0,0,0,0,0,0,0,0,0,0,0,0,,0,0,0,0,0,0,0,0,0,,
14/02/20,15:12:22,Secador 4,2,2002141447,201,0,0,0,0,0,0,0,0,0,0,0,0,0,0,,0,0,0,0,0,0,0,0,0,,
14/02/20,15:13:27,Secador 4,2,2002141447,197,0,0,0,0,0,0,0,0,0,0,0,0,0,0,,0,0,0,0,0,0,0,0,0,,
14/02/20,15:14:38,Secador 4,2,2002141447,201,0,0,0,0,0,0,0,0,0,0,0,0,0,0,,0,0,0,0,0,0,0,0,0,,
14/02/20,15:15:39,Secador 4,2,2002141447,203,0,0,0,0,0,0,0,0,0,0,0,0,0,0,,0,0,0,0,0,0,0,0,0,,
14/02/20,15:16:23,Secador 4,2,2002141447,201,0,0,0,0,0,0,0,0,0,0,0,0,0,0,,0,0,0,0,0,0,0,0,0,,
14/02/20,15:17:06,Secador 4,2,2002141447,200,0,0,0,0,0,0,0,0,0,0,0,0,0,0,,0,0,0,0,0,0,0,0,0,,
14/02/20,15:18:01,Secador 4,2,2002141447,198,0,0,0,0,0,0,0,0,0,0,0,0,0,0,,0,0,0,0,0,0,0,0,0,,
14/02/20,15:18:58,Secador 4,2,2002141447,201,0,0,0,0,0,0,0,0,0,0,0,0,0,0,,0,0,0,0,0,0,0,0,0,,
14/02/20,15:19:53,Secador 4,2,2002141447,198,0,0,0,0,0,0,0,0,0,0,0,0,0,0,,0,0,0,0,0,0,0,0,0,,
14/02/20,15:20:50,Secador 4,2,2002141447,200,0,0,0,0,0,0,0,0,0,0,0,0,0,0,,0,0,0,0,0,0,0,0,0,,
14/02/20,15:21:51,Secador 4,2,2002141447,199,0,0,0,0,0,0,0,0,0,0,0,0,0,0,,0,0,0,0,0,0,0,0,0,,
14/02/20,15:22:59,Secador 4,2,2002141447,202,0,0,0,0,0,0,0,0,0,0,0,0,0,0,,0,0,0,0,0,0,0,0,0,,
14/02/20,15:23:44,Secador 4,2,2002141447,202,0,0,0,0,0,0,0,0,0,0,0,0,0,0,,0,0,0,0,0,0,0,0,0,,
14/02/20,15:24:27,Secador 4,2,2002141447,200,0,0,0,0,0,0,0,0,0,0,0,0,0,0,,0,0,0,0,0,0,0,0,0,,
14/02/20,15:25:09,Secador 4,2,2002141447,200,0,0,0,0,0,0,0,0,0,0,0,0,0,0,,0,0,0,0,0,0,0,0,0,,
14/02/20,15:25:52,Secador 4,2,2002141447,199,0,0,0,0,0,0,0,0,0,0,0,0,0,0,,0,0,0,0,0,0,0,0,0,,
14/02/20,15:26:37,Secador 4,2,2002141447,200,0,0,0,0,0,0,0,0,0,0,0,0,0,0,,0,0,0,0,0,0,0,0,0,,
14/02/20,15:27:22,Secador 4,2,2002141447,201,0,0,0,0,0,0,0,0,0,0,0,0,0,0,,0,0,0,0,0,0,0,0,0,,
14/02/20,15:28:08,Secador 4,2,2002141447,199,0,0,0,0,0,0,0,0,0,0,0,0,0,0,,0,0,0,0,0,0,0,0,0,,
14/02/20,15:28:55,Secador 4,2,2002141447,199,0,0,0,0,0,0,0,0,0,0,0,0,0,0,,0,0,0,0,0,0,0,0,0,,
14/02/20,15:29:41,Secador 4,2,2002141447,194,0,0,0,0,0,0,0,0,0,0,0,0,0,0,,0,0,0,0,0,0,0,0,0,,
14/02/20,15:30:28,Secador 4,2,2002141447,208,0,0,0,0,0,0,0,0,0,0,0,0,0,0,,0,0,0,0,0,0,0,0,0,,
14/02/20,15:31:12,Secador 4,2,2002141447,199,0,0,0,0,0,0,0,0,0,0,0,0,0,0,,0,0,0,0,0,0,0,0,0,,
14/02/20,15:31:57,Secador 4,2,2002141447,194,0,0,0,0,0,0,0,0,0,0,0,0,0,0,,0,0,0,0,0,0,0,0,0,,
14/02/20,15:32:40,Secador 4,2,2002141447,199,0,0,0,0,0,0,0,0,0,0,0,0,0,0,,0,0,0,0,0,0,0,0,0,,
14/02/20,15:33:24,Secador 4,2,2002141447,207,0,0,0,0,0,0,0,0,0,0,0,0,0,0,,0,0,0,0,0,0,0,0,0,,
14/02/20,15:34:08,Secador 4,2,2002141447,200,0,0,0,0,0,0,0,0,0,0,0,0,0,0,,0,0,0,0,0,0,0,0,0,,
14/02/20,15:34:52,Secador 4,2,2002141447,201,0,0,0,0,0,0,0,0,0,0,0,0,0,0,,0,0,0,0,0,0,0,0,0,,
14/02/20,15:35:37,Secador 4,2,2002141447,199,0,0,0,0,0,0,0,0,0,0,0,0,0,0,,0,0,0,0,0,0,0,0,0,,
14/02/20,15:36:22,Secador 4,2,2002141447,200,0,0,0,0,0,0,0,0,0,0,0,0,0,0,,0,0,0,0,0,0,0,0,0,,
14/02/20,15:37:06,Secador 4,2,2002141447,200,0,0,0,0,0,0,0,0,0,0,0,0,0,0,,0,0,0,0,0,0,0,0,0,,
14/02/20,15:37:51,Secador 4,2,2002141447,201,0,0,0,0,0,0,0,0,0,0,0,0,0,0,,0,0,0,0,0,0,0,0,0,,
14/02/20,15:38:35,Secador 4,2,2002141447,199,0,0,0,0,0,0,0,0,0,0,0,0,0,0,,0,0,0,0,0,0,0,0,0,,
14/02/20,15:39:21,Secador 4,2,2002141447,200,0,0,0,0,0,0,0,0,0,0,0,0,0,0,,0,0,0,0,0,0,0,0,0,,
14/02/20,15:40:08,Secador 4,2,2002141447,200,0,0,0,0,0,0,0,0,0,0,0,0,0,0,,0,0,0,0,0,0,0,0,0,,
14/02/20,15:41:00,Secador 4,2,2002141447,200,0,0,0,0,0,0,0,0,0,0,0,0,0,0,,0,0,0,0,0,0,0,0,0,,
14/02/20,15:41:58,Secador 4,2,2002141447,201,0,0,0,0,0,0,0,0,0,0,0,0,0,0,,0,0,0,0,0,0,0,0,0,,
14/02/20,15:42:51,Secador 4,2,2002141447,196,0,0,0,0,0,0,0,0,0,0,0,0,0,0,,0,0,0,0,0,0,0,0,0,,
14/02/20,15:44:07,Secador 4,2,2002141447,197,0,0,0,0,0,0,0,0,0,0,0,0,0,0,,0,0,0,0,0,0,0,0,0,,
14/02/20,15:45:52,Secador 4,2,2002141447,203,0,0,0,0,0,0,0,0,0,0,0,0,0,0,,0,0,0,0,0,0,0,0,0,,
14/02/20,15:47:55,Secador 4,2,2002141447,194,0,0,0,0,0,0,0,0,0,0,0,0,0,0,,0,0,0,0,0,0,0,0,0,,
14/02/20,15:54:43,Secador 4,2,2002141447,9,0,0,0,0,0,0,0,0,0,0,0,0,0,0,,0,0,0,0,0,0,0,0,0,,
14/02/20,17:08:42,Secador 2,4,2002141702,205,0,0,0,0,0,0,0,0,0,0,0,0,0,0,,0,0,0,0,0,0,0,0,0,,
14/02/20,17:09:17,Secador 2,4,2002141702,200,0,0,0,0,0,0,0,0,0,0,0,0,0,0,,0,0,0,0,0,0,0,0,0,,
14/02/20,17:09:53,Secador 2,4,2002141702,200,0,0,0,0,0,0,0,0,0,0,0,0,0,0,,0,0,0,0,0,0,0,0,0,,
14/02/20,17:10:28,Secador 2,4,2002141702,199,0,0,0,0,0,0,0,0,0,0,0,0,0,0,,0,0,0,0,0,0,0,0,0,,
14/02/20,17:11:04,Secador 2,4,2002141702,201,0,0,0,0,0,0,0,0,0,0,0,0,0,0,,0,0,0,0,0,0,0,0,0,,
14/02/20,17:11:39,Secador 2,4,2002141702,199,0,0,0,0,0,0,0,0,0,0,0,0,0,0,,0,0,0,0,0,0,0,0,0,,
14/02/20,17:12:15,Secador 2,4,2002141702,201,0,0,0,0,0,0,0,0,0,0,0,0,0,0,,0,0,0,0,0,0,0,0,0,,
14/02/20,17:12:51,Secador 2,4,2002141702,199,0,0,0,0,0,0,0,0,0,0,0,0,0,0,,0,0,0,0,0,0,0,0,0,,
14/02/20,17:13:26,Secador 2,4,2002141702,200,0,0,0,0,0,0,0,0,0,0,0,0,0,0,,0,0,0,0,0,0,0,0,0,,
14/02/20,17:14:02,Secador 2,4,2002141702,199,0,0,0,0,0,0,0,0,0,0,0,0,0,0,,0,0,0,0,0,0,0,0,0,,
14/02/20,17:14:38,Secador 2,4,2002141702,200,0,0,0,0,0,0,0,0,0,0,0,0,0,0,,0,0,0,0,0,0,0,0,0,,
14/02/20,17:15:15,Secador 2,4,2002141702,201,0,0,0,0,0,0,0,0,0,0,0,0,0,0,,0,0,0,0,0,0,0,0,0,,
14/02/20,17:15:52,Secador 2,4,2002141702,199,0,0,0,0,0,0,0,0,0,0,0,0,0,0,,0,0,0,0,0,0,0,0,0,,
14/02/20,17:16:30,Secador 2,4,2002141702,202,0,0,0,0,0,0,0,0,0,0,0,0,0,0,,0,0,0,0,0,0,0,0,0,,
14/02/20,17:17:05,Secador 2,4,2002141702,199,0,0,0,0,0,0,0,0,0,0,0,0,0,0,,0,0,0,0,0,0,0,0,0,,
14/02/20,17:17:39,Secador 2,4,2002141702,201,0,0,0,0,0,0,0,0,0,0,0,0,0,0,,0,0,0,0,0,0,0,0,0,,
14/02/20,17:18:11,Secador 2,4,2002141702,200,0,0,0,0,0,0,0,0,0,0,0,0,0,0,,0,0,0,0,0,0,0,0,0,,
14/02/20,17:18:44,Secador 2,4,2002141702,199,0,0,0,0,0,0,0,0,0,0,0,0,0,0,,0,0,0,0,0,0,0,0,0,,
14/02/20,17:19:16,Secador 2,4,2002141702,201,0,0,0,0,0,0,0,0,0,0,0,0,0,0,,0,0,0,0,0,0,0,0,0,,
14/02/20,17:19:49,Secador 2,4,2002141702,199,0,0,0,0,0,0,0,0,0,0,0,0,0,0,,0,0,0,0,0,0,0,0,0,,
14/02/20,17:20:22,Secador 2,4,2002141702,201,0,0,0,0,0,0,0,0,0,0,0,0,0,0,,0,0,0,0,0,0,0,0,0,,
14/02/20,17:20:55,Secador 2,4,2002141702,201,0,0,0,0,0,0,0,0,0,0,0,0,0,0,,0,0,0,0,0,0,0,0,0,,
14/02/20,17:21:28,Secador 2,4,2002141702,198,0,0,0,0,0,0,0,0,0,0,0,0,0,0,,0,0,0,0,0,0,0,0,0,,
14/02/20,17:22:01,Secador 2,4,2002141702,201,0,0,0,0,0,0,0,0,0,0,0,0,0,0,,0,0,0,0,0,0,0,0,0,,
14/02/20,17:22:35,Secador 2,4,2002141702,200,0,0,0,0,0,0,0,0,0,0,0,0,0,0,,0,0,0,0,0,0,0,0,0,,
14/02/20,17:23:09,Secador 2,4,2002141702,200,0,0,0,0,0,0,0,0,0,0,0,0,0,0,,0,0,0,0,0,0,0,0,0,,
14/02/20,17:23:42,Secador 2,4,2002141702,200,0,0,0,0,0,0,0,0,0,0,0,0,0,0,,0,0,0,0,0,0,0,0,0,,
14/02/20,17:24:16,Secador 2,4,2002141702,200,0,0,0,0,0,0,0,0,0,0,0,0,0,0,,0,0,0,0,0,0,0,0,0,,
14/02/20,17:24:49,Secador 2,4,2002141702,198,0,0,0,0,0,0,0,0,0,0,0,0,0,0,,0,0,0,0,0,0,0,0,0,,
14/02/20,17:25:23,Secador 2,4,2002141702,201,0,0,0,0,0,0,0,0,0,0,0,0,0,0,,0,0,0,0,0,0,0,0,0,,
14/02/20,17:25:56,Secador 2,4,2002141702,201,0,0,0,0,0,0,0,0,0,0,0,0,0,0,,0,0,0,0,0,0,0,0,0,,
14/02/20,17:26:29,Secador 2,4,2002141702,199,0,0,0,0,0,0,0,0,0,0,0,0,0,0,,0,0,0,0,0,0,0,0,0,,
14/02/20,17:27:04,Secador 2,4,2002141702,200,0,0,0,0,0,0,0,0,0,0,0,0,0,0,,0,0,0,0,0,0,0,0,0,,
14/02/20,17:27:37,Secador 2,4,2002141702,201,0,0,0,0,0,0,0,0,0,0,0,0,0,0,,0,0,0,0,0,0,0,0,0,,
14/02/20,17:28:10,Secador 2,4,2002141702,199,0,0,0,0,0,0,0,0,0,0,0,0,0,0,,0,0,0,0,0,0,0,0,0,,
14/02/20,17:28:43,Secador 2,4,2002141702,201,0,0,0,0,0,0,0,0,0,0,0,0,0,0,,0,0,0,0,0,0,0,0,0,,
14/02/20,17:29:16,Secador 2,4,2002141702,199,0,0,0,0,0,0,0,0,0,0,0,0,0,0,,0,0,0,0,0,0,0,0,0,,
14/02/20,17:29:48,Secador 2,4,2002141702,202,0,0,0,0,0,0,0,0,0,0,0,0,0,0,,0,0,0,0,0,0,0,0,0,,
14/02/20,17:30:19,Secador 2,4,2002141702,198,0,0,0,0,0,0,0,0,0,0,0,0,0,0,,0,0,0,0,0,0,0,0,0,,
14/02/20,17:30:51,Secador 2,4,2002141702,202,0,0,0,0,0,0,0,0,0,0,0,0,0,0,,0,0,0,0,0,0,0,0,0,,
14/02/20,17:31:21,Secador 2,4,2002141702,200,0,0,0,0,0,0,0,0,0,0,0,0,0,0,,0,0,0,0,0,0,0,0,0,,
14/02/20,17:31:50,Secador 2,4,2002141702,200,0,0,0,0,0,0,0,0,0,0,0,0,0,0,,0,0,0,0,0,0,0,0,0,,
14/02/20,17:32:18,Secador 2,4,2002141702,198,0,0,0,0,0,0,0,0,0,0,0,0,0,0,,0,0,0,0,0,0,0,0,0,,
14/02/20,17:32:47,Secador 2,4,2002141702,202,0,0,0,0,0,0,0,0,0,0,0,0,0,0,,0,0,0,0,0,0,0,0,0,,
14/02/20,17:33:16,Secador 2,4,2002141702,199,0,0,0,0,0,0,0,0,0,0,0,0,0,0,,0,0,0,0,0,0,0,0,0,,
14/02/20,17:33:46,Secador 2,4,2002141702,199,0,0,0,0,0,0,0,0,0,0,0,0,0,0,,0,0,0,0,0,0,0,0,0,,
14/02/20,17:34:16,Secador 2,4,2002141702,202,0,0,0,0,0,0,0,0,0,0,0,0,0,0,,0,0,0,0,0,0,0,0,0,,
14/02/20,17:34:46,Secador 2,4,2002141702,200,0,0,0,0,0,0,0,0,0,0,0,0,0,0,,0,0,0,0,0,0,0,0,0,,
14/02/20,17:35:16,Secador 2,4,2002141702,198,0,0,0,0,0,0,0,0,0,0,0,0,0,0,,0,0,0,0,0,0,0,0,0,,
14/02/20,17:35:46,Secador 2,4,2002141702,202,0,0,0,0,0,0,0,0,0,0,0,0,0,0,,0,0,0,0,0,0,0,0,0,,
14/02/20,17:36:16,Secador 2,4,2002141702,199,0,0,0,0,0,0,0,0,0,0,0,0,0,0,,0,0,0,0,0,0,0,0,0,,
14/02/20,17:36:46,Secador 2,4,2002141702,201,0,0,0,0,0,0,0,0,0,0,0,0,0,0,,0,0,0,0,0,0,0,0,0,,
14/02/20,17:37:16,Secador 2,4,2002141702,199,0,0,0,0,0,0,0,0,0,0,0,0,0,0,,0,0,0,0,0,0,0,0,0,,
14/02/20,17:37:46,Secador 2,4,2002141702,200,0,0,0,0,0,0,0,0,0,0,0,0,0,0,,0,0,0,0,0,0,0,0,0,,
14/02/20,17:38:16,Secador 2,4,2002141702,201,0,0,0,0,0,0,0,0,0,0,0,0,0,0,,0,0,0,0,0,0,0,0,0,,
14/02/20,17:38:46,Secador 2,4,2002141702,199,0,0,0,0,0,0,0,0,0,0,0,0,0,0,,0,0,0,0,0,0,0,0,0,,
14/02/20,17:39:16,Secador 2,4,2002141702,199,0,0,0,0,0,0,0,0,0,0,0,0,0,0,,0,0,0,0,0,0,0,0,0,,
14/02/20,17:39:47,Secador 2,4,2002141702,200,0,0,0,0,0,0,0,0,0,0,0,0,0,0,,0,0,0,0,0,0,0,0,0,,
14/02/20,17:40:18,Secador 2,4,2002141702,200,0,0,0,0,0,0,0,0,0,0,0,0,0,0,,0,0,0,0,0,0,0,0,0,,
14/02/20,17:42:01,Secador 2,4,2002141702,200,0,0,0,0,0,0,0,0,0,0,0,0,0,0,,0,0,0,0,0,0,0,0,0,,
14/02/20,17:44:44,Secador 2,4,2002141702,39,0,0,0,0,0,0,0,0,0,0,0,0,0,0,,0,0,0,0,0,0,0,0,0,,
14/02/20,19:14:31,Secador 6,6,2002141913,1,0,0,0,0,0,0,0,0,0,0,0,0,0,0,,0,0,0,0,0,0,0,0,0,,
14/02/20,19:17:20,Secador 6,6,2002141915,1,0,0,0,0,0,0,0,0,0,0,0,0,0,0,,0,0,0,0,0,0,0,0,0,,
15/02/20,01:28:19,Secador 6,6,2002150113,206,0,0,0,0,0,0,0,0,0,0,0,0,0,0,,0,0,0,0,0,0,0,0,0,,
15/02/20,01:29:03,Secador 6,6,2002150113,200,0,0,0,0,0,0,0,0,0,0,0,0,0,0,,0,0,0,0,0,0,0,0,0,,
15/02/20,01:29:49,Secador 6,6,2002150113,199,0,0,0,0,0,0,0,0,0,0,0,0,0,0,,0,0,0,0,0,0,0,0,0,,
15/02/20,01:30:35,Secador 6,6,2002150113,194,0,0,0,0,0,0,0,0,0,0,0,0,0,0,,0,0,0,0,0,0,0,0,0,,
15/02/20,01:31:21,Secador 6,6,2002150113,207,0,0,0,0,0,0,0,0,0,0,0,0,0,0,,0,0,0,0,0,0,0,0,0,,
15/02/20,01:32:06,Secador 6,6,2002150113,199,0,0,0,0,0,0,0,0,0,0,0,0,0,0,,0,0,0,0,0,0,0,0,0,,
15/02/20,01:32:53,Secador 6,6,2002150113,199,0,0,0,0,0,0,0,0,0,0,0,0,0,0,,0,0,0,0,0,0,0,0,0,,
15/02/20,01:33:39,Secador 6,6,2002150113,202,0,0,0,0,0,0,0,0,0,0,0,0,0,0,,0,0,0,0,0,0,0,0,0,,
15/02/20,01:34:24,Secador 6,6,2002150113,199,0,0,0,0,0,0,0,0,0,0,0,0,0,0,,0,0,0,0,0,0,0,0,0,,
15/02/20,01:35:11,Secador 6,6,2002150113,200,0,0,0,0,0,0,0,0,0,0,0,0,0,0,,0,0,0,0,0,0,0,0,0,,
15/02/20,01:35:56,Secador 6,6,2002150113,201,0,0,0,0,0,0,0,0,0,0,0,0,0,0,,0,0,0,0,0,0,0,0,0,,
15/02/20,01:36:41,Secador 6,6,2002150113,199,0,0,0,0,0,0,0,0,0,0,0,0,0,0,,0,0,0,0,0,0,0,0,0,,
15/02/20,01:37:26,Secador 6,6,2002150113,200,0,0,0,0,0,0,0,0,0,0,0,0,0,0,,0,0,0,0,0,0,0,0,0,,
15/02/20,01:38:12,Secador 6,6,2002150113,200,0,0,0,0,0,0,0,0,0,0,0,0,0,0,,0,0,0,0,0,0,0,0,0,,
15/02/20,01:39:00,Secador 6,6,2002150113,200,0,0,0,0,0,0,0,0,0,0,0,0,0,0,,0,0,0,0,0,0,0,0,0,,
15/02/20,01:39:47,Secador 6,6,2002150113,200,0,0,0,0,0,0,0,0,0,0,0,0,0,0,,0,0,0,0,0,0,0,0,0,,
15/02/20,01:40:35,Secador 6,6,2002150113,199,0,0,0,0,0,0,0,0,0,0,0,0,0,0,,0,0,0,0,0,0,0,0,0,,
15/02/20,01:41:23,Secador 6,6,2002150113,202,0,0,0,0,0,0,0,0,0,0,0,0,0,0,,0,0,0,0,0,0,0,0,0,,
15/02/20,01:42:11,Secador 6,6,2002150113,199,0,0,0,0,0,0,0,0,0,0,0,0,0,0,,0,0,0,0,0,0,0,0,0,,
15/02/20,01:42:58,Secador 6,6,2002150113,200,0,0,0,0,0,0,0,0,0,0,0,0,0,0,,0,0,0,0,0,0,0,0,0,,
15/02/20,01:43:45,Secador 6,6,2002150113,201,0,0,0,0,0,0,0,0,0,0,0,0,0,0,,0,0,0,0,0,0,0,0,0,,
15/02/20,01:44:33,Secador 6,6,2002150113,200,0,0,0,0,0,0,0,0,0,0,0,0,0,0,,0,0,0,0,0,0,0,0,0,,
15/02/20,01:45:20,Secador 6,6,2002150113,199,0,0,0,0,0,0,0,0,0,0,0,0,0,0,,0,0,0,0,0,0,0,0,0,,
15/02/20,01:46:09,Secador 6,6,2002150113,200,0,0,0,0,0,0,0,0,0,0,0,0,0,0,,0,0,0,0,0,0,0,0,0,,
15/02/20,01:46:56,Secador 6,6,2002150113,201,0,0,0,0,0,0,0,0,0,0,0,0,0,0,,0,0,0,0,0,0,0,0,0,,
15/02/20,01:47:42,Secador 6,6,2002150113,199,0,0,0,0,0,0,0,0,0,0,0,0,0,0,,0,0,0,0,0,0,0,0,0,,
15/02/20,01:48:29,Secador 6,6,2002150113,201,0,0,0,0,0,0,0,0,0,0,0,0,0,0,,0,0,0,0,0,0,0,0,0,,
15/02/20,01:49:16,Secador 6,6,2002150113,201,0,0,0,0,0,0,0,0,0,0,0,0,0,0,,0,0,0,0,0,0,0,0,0,,
15/02/20,01:50:04,Secador 6,6,2002150113,199,0,0,0,0,0,0,0,0,0,0,0,0,0,0,,0,0,0,0,0,0,0,0,0,,
15/02/20,01:50:50,Secador 6,6,2002150113,198,0,0,0,0,0,0,0,0,0,0,0,0,0,0,,0,0,0,0,0,0,0,0,0,,
15/02/20,01:51:39,Secador 6,6,2002150113,202,0,0,0,0,0,0,0,0,0,0,0,0,0,0,,0,0,0,0,0,0,0,0,0,,
15/02/20,01:52:28,Secador 6,6,2002150113,199,0,0,0,0,0,0,0,0,0,0,0,0,0,0,,0,0,0,0,0,0,0,0,0,,
15/02/20,01:53:16,Secador 6,6,2002150113,200,0,0,0,0,0,0,0,0,0,0,0,0,0,0,,0,0,0,0,0,0,0,0,0,,
15/02/20,01:54:04,Secador 6,6,2002150113,199,0,0,0,0,0,0,0,0,0,0,0,0,0,0,,0,0,0,0,0,0,0,0,0,,
15/02/20,01:54:52,Secador 6,6,2002150113,200,0,0,0,0,0,0,0,0,0,0,0,0,0,0,,0,0,0,0,0,0,0,0,0,,
15/02/20,01:55:40,Secador 6,6,2002150113,202,0,0,0,0,0,0,0,0,0,0,0,0,0,0,,0,0,0,0,0,0,0,0,0,,
15/02/20,01:56:29,Secador 6,6,2002150113,200,0,0,0,0,0,0,0,0,0,0,0,0,0,0,,0,0,0,0,0,0,0,0,0,,
15/02/20,01:57:17,Secador 6,6,2002150113,199,0,0,0,0,0,0,0,0,0,0,0,0,0,0,,0,0,0,0,0,0,0,0,0,,
15/02/20,01:58:03,Secador 6,6,2002150113,201,0,0,0,0,0,0,0,0,0,0,0,0,0,0,,0,0,0,0,0,0,0,0,0,,
15/02/20,01:58:50,Secador 6,6,2002150113,198,0,0,0,0,0,0,0,0,0,0,0,0,0,0,,0,0,0,0,0,0,0,0,0,,
15/02/20,01:59:42,Secador 6,6,2002150113,201,0,0,0,0,0,0,0,0,0,0,0,0,0,0,,0,0,0,0,0,0,0,0,0,,
15/02/20,02:00:34,Secador 6,6,2002150113,199,0,0,0,0,0,0,0,0,0,0,0,0,0,0,,0,0,0,0,0,0,0,0,0,,
15/02/20,02:01:26,Secador 6,6,2002150113,199,0,0,0,0,0,0,0,0,0,0,0,0,0,0,,0,0,0,0,0,0,0,0,0,,
15/02/20,02:02:20,Secador 6,6,2002150113,202,0,0,0,0,0,0,0,0,0,0,0,0,0,0,,0,0,0,0,0,0,0,0,0,,
15/02/20,02:03:13,Secador 6,6,2002150113,200,0,0,0,0,0,0,0,0,0,0,0,0,0,0,,0,0,0,0,0,0,0,0,0,,
15/02/20,02:04:05,Secador 6,6,2002150113,200,0,0,0,0,0,0,0,0,0,0,0,0,0,0,,0,0,0,0,0,0,0,0,0,,
15/02/20,02:04:57,Secador 6,6,2002150113,200,0,0,0,0,0,0,0,0,0,0,0,0,0,0,,0,0,0,0,0,0,0,0,0,,
15/02/20,02:05:50,Secador 6,6,2002150113,200,0,0,0,0,0,0,0,0,0,0,0,0,0,0,,0,0,0,0,0,0,0,0,0,,
15/02/20,02:06:42,Secador 6,6,2002150113,200,0,0,0,0,0,0,0,0,0,0,0,0,0,0,,0,0,0,0,0,0,0,0,0,,
15/02/20,02:07:34,Secador 6,6,2002150113,200,0,0,0,0,0,0,0,0,0,0,0,0,0,0,,0,0,0,0,0,0,0,0,0,,
15/02/20,02:08:28,Secador 6,6,2002150113,200,0,0,0,0,0,0,0,0,0,0,0,0,0,0,,0,0,0,0,0,0,0,0,0,,
15/02/20,02:09:20,Secador 6,6,2002150113,199,0,0,0,0,0,0,0,0,0,0,0,0,0,0,,0,0,0,0,0,0,0,0,0,,
15/02/20,02:10:13,Secador 6,6,2002150113,202,0,0,0,0,0,0,0,0,0,0,0,0,0,0,,0,0,0,0,0,0,0,0,0,,
15/02/20,02:11:07,Secador 6,6,2002150113,198,0,0,0,0,0,0,0,0,0,0,0,0,0,0,,0,0,0,0,0,0,0,0,0,,
15/02/20,02:12:00,Secador 6,6,2002150113,201,0,0,0,0,0,0,0,0,0,0,0,0,0,0,,0,0,0,0,0,0,0,0,0,,
15/02/20,02:12:52,Secador 6,6,2002150113,199,0,0,0,0,0,0,0,0,0,0,0,0,0,0,,0,0,0,0,0,0,0,0,0,,
15/02/20,02:13:47,Secador 6,6,2002150113,201,0,0,0,0,0,0,0,0,0,0,0,0,0,0,,0,0,0,0,0,0,0,0,0,,
15/02/20,02:14:39,Secador 6,6,2002150113,200,0,0,0,0,0,0,0,0,0,0,0,0,0,0,,0,0,0,0,0,0,0,0,0,,
15/02/20,02:15:32,Secador 6,6,2002150113,199,0,0,0,0,0,0,0,0,0,0,0,0,0,0,,0,0,0,0,0,0,0,0,0,,
15/02/20,02:16:26,Secador 6,6,2002150113,200,0,0,0,0,0,0,0,0,0,0,0,0,0,0,,0,0,0,0,0,0,0,0,0,,
15/02/20,02:17:19,Secador 6,6,2002150113,200,0,0,0,0,0,0,0,0,0,0,0,0,0,0,,0,0,0,0,0,0,0,0,0,,
15/02/20,02:18:15,Secador 6,6,2002150113,201,0,0,0,0,0,0,0,0,0,0,0,0,0,0,,0,0,0,0,0,0,0,0,0,,
15/02/20,02:19:11,Secador 6,6,2002150113,200,0,0,0,0,0,0,0,0,0,0,0,0,0,0,,0,0,0,0,0,0,0,0,0,,
15/02/20,02:23:39,Secador 6,6,2002150113,147,0,0,0,0,0,0,0,0,0,0,0,0,0,0,,0,0,0,0,0,0,0,0,0,,
15/02/20,03:21:34,Secador 5,5,2002150315,201,0,0,0,0,0,0,0,0,0,0,0,0,0,0,,0,0,0,0,0,0,0,0,0,,
15/02/20,03:22:17,Secador 5,5,2002150315,199,0,0,0,0,0,0,0,0,0,0,0,0,0,0,,0,0,0,0,0,0,0,0,0,,
15/02/20,03:23:00,Secador 5,5,2002150315,194,0,0,0,0,0,0,0,0,0,0,0,0,0,0,,0,0,0,0,0,0,0,0,0,,
15/02/20,03:23:43,Secador 5,5,2002150315,206,0,0,0,0,0,0,0,0,0,0,0,0,0,0,,0,0,0,0,0,0,0,0,0,,
15/02/20,03:24:26,Secador 5,5,2002150315,202,0,0,0,0,0,0,0,0,0,0,0,0,0,0,,0,0,0,0,0,0,0,0,0,,
15/02/20,03:25:09,Secador 5,5,2002150315,199,0,0,0,0,0,0,0,0,0,0,0,0,0,0,,0,0,0,0,0,0,0,0,0,,
15/02/20,03:25:52,Secador 5,5,2002150315,200,0,0,0,0,0,0,0,0,0,0,0,0,0,0,,0,0,0,0,0,0,0,0,0,,
15/02/20,03:26:35,Secador 5,5,2002150315,193,0,0,0,0,0,0,0,0,0,0,0,0,0,0,,0,0,0,0,0,0,0,0,0,,
15/02/20,03:27:17,Secador 5,5,2002150315,200,0,0,0,0,0,0,0,0,0,0,0,0,0,0,,0,0,0,0,0,0,0,0,0,,
15/02/20,03:28:00,Secador 5,5,2002150315,207,0,0,0,0,0,0,0,0,0,0,0,0,0,0,,0,0,0,0,0,0,0,0,0,,
15/02/20,03:28:42,Secador 5,5,2002150315,200,0,0,0,0,0,0,0,0,0,0,0,0,0,0,,0,0,0,0,0,0,0,0,0,,
15/02/20,03:29:26,Secador 5,5,2002150315,199,0,0,0,0,0,0,0,0,0,0,0,0,0,0,,0,0,0,0,0,0,0,0,0,,
15/02/20,03:30:09,Secador 5,5,2002150315,200,0,0,0,0,0,0,0,0,0,0,0,0,0,0,,0,0,0,0,0,0,0,0,0,,
15/02/20,03:30:53,Secador 5,5,2002150315,200,0,0,0,0,0,0,0,0,0,0,0,0,0,0,,0,0,0,0,0,0,0,0,0,,
15/02/20,03:31:38,Secador 5,5,2002150315,201,0,0,0,0,0,0,0,0,0,0,0,0,0,0,,0,0,0,0,0,0,0,0,0,,
15/02/20,03:32:22,Secador 5,5,2002150315,199,0,0,0,0,0,0,0,0,0,0,0,0,0,0,,0,0,0,0,0,0,0,0,0,,
15/02/20,03:33:06,Secador 5,5,2002150315,194,0,0,0,0,0,0,0,0,0,0,0,0,0,0,,0,0,0,0,0,0,0,0,0,,
15/02/20,03:33:50,Secador 5,5,2002150315,199,0,0,0,0,0,0,0,0,0,0,0,0,0,0,,0,0,0,0,0,0,0,0,0,,
15/02/20,03:34:35,Secador 5,5,2002150315,207,0,0,0,0,0,0,0,0,0,0,0,0,0,0,,0,0,0,0,0,0,0,0,0,,
15/02/20,03:35:21,Secador 5,5,2002150315,201,0,0,0,0,0,0,0,0,0,0,0,0,0,0,,0,0,0,0,0,0,0,0,0,,
15/02/20,03:36:05,Secador 5,5,2002150315,199,0,0,0,0,0,0,0,0,0,0,0,0,0,0,,0,0,0,0,0,0,0,0,0,,
15/02/20,03:36:49,Secador 5,5,2002150315,201,0,0,0,0,0,0,0,0,0,0,0,0,0,0,,0,0,0,0,0,0,0,0,0,,
15/02/20,03:37:34,Secador 5,5,2002150315,199,0,0,0,0,0,0,0,0,0,0,0,0,0,0,,0,0,0,0,0,0,0,0,0,,
15/02/20,03:38:19,Secador 5,5,2002150315,201,0,0,0,0,0,0,0,0,0,0,0,0,0,0,,0,0,0,0,0,0,0,0,0,,
15/02/20,03:39:03,Secador 5,5,2002150315,198,0,0,0,0,0,0,0,0,0,0,0,0,0,0,,0,0,0,0,0,0,0,0,0,,
15/02/20,03:39:48,Secador 5,5,2002150315,201,0,0,0,0,0,0,0,0,0,0,0,0,0,0,,0,0,0,0,0,0,0,0,0,,
15/02/20,03:40:33,Secador 5,5,2002150315,194,0,0,0,0,0,0,0,0,0,0,0,0,0,0,,0,0,0,0,0,0,0,0,0,,
15/02/20,03:41:18,Secador 5,5,2002150315,206,0,0,0,0,0,0,0,0,0,0,0,0,0,0,,0,0,0,0,0,0,0,0,0,,
15/02/20,03:42:04,Secador 5,5,2002150315,200,0,0,0,0,0,0,0,0,0,0,0,0,0,0,,0,0,0,0,0,0,0,0,0,,
15/02/20,03:42:50,Secador 5,5,2002150315,200,0,0,0,0,0,0,0,0,0,0,0,0,0,0,,0,0,0,0,0,0,0,0,0,,
15/02/20,03:43:36,Secador 5,5,2002150315,199,0,0,0,0,0,0,0,0,0,0,0,0,0,0,,0,0,0,0,0,0,0,0,0,,
15/02/20,03:44:22,Secador 5,5,2002150315,202,0,0,0,0,0,0,0,0,0,0,0,0,0,0,,0,0,0,0,0,0,0,0,0,,
15/02/20,03:45:08,Secador 5,5,2002150315,200,0,0,0,0,0,0,0,0,0,0,0,0,0,0,,0,0,0,0,0,0,0,0,0,,
15/02/20,03:45:55,Secador 5,5,2002150315,199,0,0,0,0,0,0,0,0,0,0,0,0,0,0,,0,0,0,0,0,0,0,0,0,,
15/02/20,03:46:42,Secador 5,5,2002150315,201,0,0,0,0,0,0,0,0,0,0,0,0,0,0,,0,0,0,0,0,0,0,0,0,,
15/02/20,03:47:28,Secador 5,5,2002150315,199,0,0,0,0,0,0,0,0,0,0,0,0,0,0,,0,0,0,0,0,0,0,0,0,,
15/02/20,03:48:14,Secador 5,5,2002150315,200,0,0,0,0,0,0,0,0,0,0,0,0,0,0,,0,0,0,0,0,0,0,0,0,,
15/02/20,03:49:00,Secador 5,5,2002150315,201,0,0,0,0,0,0,0,0,0,0,0,0,0,0,,0,0,0,0,0,0,0,0,0,,
15/02/20,03:49:47,Secador 5,5,2002150315,199,0,0,0,0,0,0,0,0,0,0,0,0,0,0,,0,0,0,0,0,0,0,0,0,,
15/02/20,03:50:33,Secador 5,5,2002150315,200,0,0,0,0,0,0,0,0,0,0,0,0,0,0,,0,0,0,0,0,0,0,0,0,,
15/02/20,03:51:20,Secador 5,5,2002150315,200,0,0,0,0,0,0,0,0,0,0,0,0,0,0,,0,0,0,0,0,0,0,0,0,,
15/02/20,03:52:06,Secador 5,5,2002150315,201,0,0,0,0,0,0,0,0,0,0,0,0,0,0,,0,0,0,0,0,0,0,0,0,,
15/02/20,03:53:00,Secador 5,5,2002150315,197,0,0,0,0,0,0,0,0,0,0,0,0,0,0,,0,0,0,0,0,0,0,0,0,,
15/02/20,03:53:57,Secador 5,5,2002150315,200,0,0,0,0,0,0,0,0,0,0,0,0,0,0,,0,0,0,0,0,0,0,0,0,,
15/02/20,03:54:56,Secador 5,5,2002150315,201,0,0,0,0,0,0,0,0,0,0,0,0,0,0,,0,0,0,0,0,0,0,0,0,,
15/02/20,03:55:54,Secador 5,5,2002150315,198,0,0,0,0,0,0,0,0,0,0,0,0,0,0,,0,0,0,0,0,0,0,0,0,,
15/02/20,03:56:52,Secador 5,5,2002150315,201,0,0,0,0,0,0,0,0,0,0,0,0,0,0,,0,0,0,0,0,0,0,0,0,,
15/02/20,03:57:54,Secador 5,5,2002150315,198,0,0,0,0,0,0,0,0,0,0,0,0,0,0,,0,0,0,0,0,0,0,0,0,,
15/02/20,03:59:05,Secador 5,5,2002150315,200,0,0,0,0,0,0,0,0,0,0,0,0,0,0,,0,0,0,0,0,0,0,0,0,,
15/02/20,04:00:14,Secador 5,5,2002150315,200,0,0,0,0,0,0,0,0,0,0,0,0,0,0,,0,0,0,0,0,0,0,0,0,,
15/02/20,04:01:19,Secador 5,5,2002150315,202,0,0,0,0,0,0,0,0,0,0,0,0,0,0,,0,0,0,0,0,0,0,0,0,,
15/02/20,04:02:20,Secador 5,5,2002150315,200,0,0,0,0,0,0,0,0,0,0,0,0,0,0,,0,0,0,0,0,0,0,0,0,,
15/02/20,04:03:20,Secador 5,5,2002150315,199,0,0,0,0,0,0,0,0,0,0,0,0,0,0,,0,0,0,0,0,0,0,0,0,,
15/02/20,04:04:21,Secador 5,5,2002150315,200,0,0,0,0,0,0,0,0,0,0,0,0,0,0,,0,0,0,0,0,0,0,0,0,,
15/02/20,04:05:22,Secador 5,5,2002150315,201,0,0,0,0,0,0,0,0,0,0,0,0,0,0,,0,0,0,0,0,0,0,0,0,,
15/02/20,04:06:23,Secador 5,5,2002150315,200,0,0,0,0,0,0,0,0,0,0,0,0,0,0,,0,0,0,0,0,0,0,0,0,,
15/02/20,04:07:16,Secador 5,5,2002150315,201,0,0,0,0,0,0,0,0,0,0,0,0,0,0,,0,0,0,0,0,0,0,0,0,,
15/02/20,04:08:04,Secador 5,5,2002150315,201,0,0,0,0,0,0,0,0,0,0,0,0,0,0,,0,0,0,0,0,0,0,0,0,,
15/02/20,04:10:00,Secador 5,5,2002150315,191,0,0,0,0,0,0,0,0,0,0,0,0,0,0,,0,0,0,0,0,0,0,0,0,,
15/02/20,04:12:56,Secador 5,5,2002150315,2,0,0,0,0,0,0,0,0,0,0,0,0,0,0,,0,0,0,0,0,0,0,0,0,,
15/02/20,14:54:29,Secador 4,11,2002151448,204,0,0,0,0,0,0,0,0,0,0,0,0,0,0,,0,0,0,0,0,0,0,0,0,,
15/02/20,14:55:04,Secador 4,11,2002151448,200,0,0,0,0,0,0,0,0,0,0,0,0,0,0,,0,0,0,0,0,0,0,0,0,,
15/02/20,14:55:39,Secador 4,11,2002151448,200,0,0,0,0,0,0,0,0,0,0,0,0,0,0,,0,0,0,0,0,0,0,0,0,,
15/02/20,14:56:14,Secador 4,11,2002151448,200,0,0,0,0,0,0,0,0,0,0,0,0,0,0,,0,0,0,0,0,0,0,0,0,,
15/02/20,14:56:49,Secador 4,11,2002151448,200,0,0,0,0,0,0,0,0,0,0,0,0,0,0,,0,0,0,0,0,0,0,0,0,,
15/02/20,14:57:22,Secador 4,11,2002151448,201,0,0,0,0,0,0,0,0,0,0,0,0,0,0,,0,0,0,0,0,0,0,0,0,,
15/02/20,14:57:56,Secador 4,11,2002151448,201,0,0,0,0,0,0,0,0,0,0,0,0,0,0,,0,0,0,0,0,0,0,0,0,,
15/02/20,14:58:29,Secador 4,11,2002151448,198,0,0,0,0,0,0,0,0,0,0,0,0,0,0,,0,0,0,0,0,0,0,0,0,,
15/02/20,14:59:02,Secador 4,11,2002151448,202,0,0,0,0,0,0,0,0,0,0,0,0,0,0,,0,0,0,0,0,0,0,0,0,,
15/02/20,14:59:33,Secador 4,11,2002151448,199,0,0,0,0,0,0,0,0,0,0,0,0,0,0,,0,0,0,0,0,0,0,0,0,,
15/02/20,15:00:04,Secador 4,11,2002151448,200,0,0,0,0,0,0,0,0,0,0,0,0,0,0,,0,0,0,0,0,0,0,0,0,,
15/02/20,15:00:35,Secador 4,11,2002151448,200,0,0,0,0,0,0,0,0,0,0,0,0,0,0,,0,0,0,0,0,0,0,0,0,,
15/02/20,15:01:05,Secador 4,11,2002151448,200,0,0,0,0,0,0,0,0,0,0,0,0,0,0,,0,0,0,0,0,0,0,0,0,,
15/02/20,15:01:36,Secador 4,11,2002151448,199,0,0,0,0,0,0,0,0,0,0,0,0,0,0,,0,0,0,0,0,0,0,0,0,,
15/02/20,15:02:07,Secador 4,11,2002151448,201,0,0,0,0,0,0,0,0,0,0,0,0,0,0,,0,0,0,0,0,0,0,0,0,,
15/02/20,15:02:37,Secador 4,11,2002151448,200,0,0,0,0,0,0,0,0,0,0,0,0,0,0,,0,0,0,0,0,0,0,0,0,,
15/02/20,15:03:07,Secador 4,11,2002151448,200,0,0,0,0,0,0,0,0,0,0,0,0,0,0,,0,0,0,0,0,0,0,0,0,,
15/02/20,15:03:37,Secador 4,11,2002151448,200,0,0,0,0,0,0,0,0,0,0,0,0,0,0,,0,0,0,0,0,0,0,0,0,,
15/02/20,15:04:08,Secador 4,11,2002151448,200,0,0,0,0,0,0,0,0,0,0,0,0,0,0,,0,0,0,0,0,0,0,0,0,,
15/02/20,15:04:38,Secador 4,11,2002151448,199,0,0,0,0,0,0,0,0,0,0,0,0,0,0,,0,0,0,0,0,0,0,0,0,,
15/02/20,15:05:08,Secador 4,11,2002151448,199,0,0,0,0,0,0,0,0,0,0,0,0,0,0,,0,0,0,0,0,0,0,0,0,,
15/02/20,15:05:38,Secador 4,11,2002151448,201,0,0,0,0,0,0,0,0,0,0,0,0,0,0,,0,0,0,0,0,0,0,0,0,,
15/02/20,15:06:09,Secador 4,11,2002151448,202,0,0,0,0,0,0,0,0,0,0,0,0,0,0,,0,0,0,0,0,0,0,0,0,,
15/02/20,15:06:40,Secador 4,11,2002151448,199,0,0,0,0,0,0,0,0,0,0,0,0,0,0,,0,0,0,0,0,0,0,0,0,,
15/02/20,15:07:11,Secador 4,11,2002151448,199,0,0,0,0,0,0,0,0,0,0,0,0,0,0,,0,0,0,0,0,0,0,0,0,,
15/02/20,15:07:42,Secador 4,11,2002151448,200,0,0,0,0,0,0,0,0,0,0,0,0,0,0,,0,0,0,0,0,0,0,0,0,,
15/02/20,15:08:13,Secador 4,11,2002151448,200,0,0,0,0,0,0,0,0,0,0,0,0,0,0,,0,0,0,0,0,0,0,0,0,,
15/02/20,15:08:43,Secador 4,11,2002151448,200,0,0,0,0,0,0,0,0,0,0,0,0,0,0,,0,0,0,0,0,0,0,0,0,,
15/02/20,15:09:15,Secador 4,11,2002151448,202,0,0,0,0,0,0,0,0,0,0,0,0,0,0,,0,0,0,0,0,0,0,0,0,,
15/02/20,15:09:46,Secador 4,11,2002151448,198,0,0,0,0,0,0,0,0,0,0,0,0,0,0,,0,0,0,0,0,0,0,0,0,,
15/02/20,15:10:17,Secador 4,11,2002151448,200,0,0,0,0,0,0,0,0,0,0,0,0,0,0,,0,0,0,0,0,0,0,0,0,,
15/02/20,15:10:49,Secador 4,11,2002151448,199,0,0,0,0,0,0,0,0,0,0,0,0,0,0,,0,0,0,0,0,0,0,0,0,,
15/02/20,15:11:20,Secador 4,11,2002151448,202,0,0,0,0,0,0,0,0,0,0,0,0,0,0,,0,0,0,0,0,0,0,0,0,,
15/02/20,15:11:53,Secador 4,11,2002151448,199,0,0,0,0,0,0,0,0,0,0,0,0,0,0,,0,0,0,0,0,0,0,0,0,,
15/02/20,15:12:26,Secador 4,11,2002151448,200,0,0,0,0,0,0,0,0,0,0,0,0,0,0,,0,0,0,0,0,0,0,0,0,,
15/02/20,15:12:58,Secador 4,11,2002151448,200,0,0,0,0,0,0,0,0,0,0,0,0,0,0,,0,0,0,0,0,0,0,0,0,,
15/02/20,15:13:30,Secador 4,11,2002151448,200,0,0,0,0,0,0,0,0,0,0,0,0,0,0,,0,0,0,0,0,0,0,0,0,,
15/02/20,15:14:03,Secador 4,11,2002151448,201,0,0,0,0,0,0,0,0,0,0,0,0,0,0,,0,0,0,0,0,0,0,0,0,,
15/02/20,15:14:36,Secador 4,11,2002151448,199,0,0,0,0,0,0,0,0,0,0,0,0,0,0,,0,0,0,0,0,0,0,0,0,,
15/02/20,15:15:07,Secador 4,11,2002151448,200,0,0,0,0,0,0,0,0,0,0,0,0,0,0,,0,0,0,0,0,0,0,0,0,,
15/02/20,15:15:39,Secador 4,11,2002151448,201,0,0,0,0,0,0,0,0,0,0,0,0,0,0,,0,0,0,0,0,0,0,0,0,,
15/02/20,15:16:10,Secador 4,11,2002151448,200,0,0,0,0,0,0,0,0,0,0,0,0,0,0,,0,0,0,0,0,0,0,0,0,,
15/02/20,15:16:41,Secador 4,11,2002151448,199,0,0,0,0,0,0,0,0,0,0,0,0,0,0,,0,0,0,0,0,0,0,0,0,,
15/02/20,15:17:13,Secador 4,11,2002151448,202,0,0,0,0,0,0,0,0,0,0,0,0,0,0,,0,0,0,0,0,0,0,0,0,,
15/02/20,15:17:43,Secador 4,11,2002151448,198,0,0,0,0,0,0,0,0,0,0,0,0,0,0,,0,0,0,0,0,0,0,0,0,,
15/02/20,15:18:14,Secador 4,11,2002151448,200,0,0,0,0,0,0,0,0,0,0,0,0,0,0,,0,0,0,0,0,0,0,0,0,,
15/02/20,15:18:45,Secador 4,11,2002151448,201,0,0,0,0,0,0,0,0,0,0,0,0,0,0,,0,0,0,0,0,0,0,0,0,,
15/02/20,15:19:15,Secador 4,11,2002151448,200,0,0,0,0,0,0,0,0,0,0,0,0,0,0,,0,0,0,0,0,0,0,0,0,,
15/02/20,15:19:45,Secador 4,11,2002151448,199,0,0,0,0,0,0,0,0,0,0,0,0,0,0,,0,0,0,0,0,0,0,0,0,,
15/02/20,15:20:16,Secador 4,11,2002151448,200,0,0,0,0,0,0,0,0,0,0,0,0,0,0,,0,0,0,0,0,0,0,0,0,,
15/02/20,15:20:46,Secador 4,11,2002151448,201,0,0,0,0,0,0,0,0,0,0,0,0,0,0,,0,0,0,0,0,0,0,0,0,,
15/02/20,15:21:17,Secador 4,11,2002151448,199,0,0,0,0,0,0,0,0,0,0,0,0,0,0,,0,0,0,0,0,0,0,0,0,,
15/02/20,15:21:47,Secador 4,11,2002151448,201,0,0,0,0,0,0,0,0,0,0,0,0,0,0,,0,0,0,0,0,0,0,0,0,,
15/02/20,15:22:19,Secador 4,11,2002151448,200,0,0,0,0,0,0,0,0,0,0,0,0,0,0,,0,0,0,0,0,0,0,0,0,,
15/02/20,15:22:50,Secador 4,11,2002151448,200,0,0,0,0,0,0,0,0,0,0,0,0,0,0,,0,0,0,0,0,0,0,0,0,,
15/02/20,15:23:21,Secador 4,11,2002151448,199,0,0,0,0,0,0,0,0,0,0,0,0,0,0,,0,0,0,0,0,0,0,0,0,,
15/02/20,15:23:52,Secador 4,11,2002151448,201,0,0,0,0,0,0,0,0,0,0,0,0,0,0,,0,0,0,0,0,0,0,0,0,,
15/02/20,15:24:23,Secador 4,11,2002151448,200,0,0,0,0,0,0,0,0,0,0,0,0,0,0,,0,0,0,0,0,0,0,0,0,,
15/02/20,15:24:55,Secador 4,11,2002151448,200,0,0,0,0,0,0,0,0,0,0,0,0,0,0,,0,0,0,0,0,0,0,0,0,,
15/02/20,15:25:26,Secador 4,11,2002151448,200,0,0,0,0,0,0,0,0,0,0,0,0,0,0,,0,0,0,0,0,0,0,0,0,,
15/02/20,15:25:57,Secador 4,11,2002151448,201,0,0,0,0,0,0,0,0,0,0,0,0,0,0,,0,0,0,0,0,0,0,0,0,,
15/02/20,15:26:29,Secador 4,11,2002151448,199,0,0,0,0,0,0,0,0,0,0,0,0,0,0,,0,0,0,0,0,0,0,0,0,,
15/02/20,15:27:01,Secador 4,11,2002151448,201,0,0,0,0,0,0,0,0,0,0,0,0,0,0,,0,0,0,0,0,0,0,0,0,,
15/02/20,15:27:34,Secador 4,11,2002151448,197,0,0,0,0,0,0,0,0,0,0,0,0,0,0,,0,0,0,0,0,0,0,0,0,,
15/02/20,15:28:24,Secador 4,11,2002151448,203,0,0,0,0,0,0,0,0,0,0,0,0,0,0,,0,0,0,0,0,0,0,0,0,,
15/02/20,15:29:19,Secador 4,11,2002151448,203,0,0,0,0,0,0,0,0,0,0,0,0,0,0,,0,0,0,0,0,0,0,0,0,,
15/02/20,15:30:04,Secador 4,11,2002151448,200,0,0,0,0,0,0,0,0,0,0,0,0,0,0,,0,0,0,0,0,0,0,0,0,,
15/02/20,15:41:19,Secador 4,11,2002151448,67,0,0,0,0,0,0,0,0,0,0,0,0,0,0,,0,0,0,0,0,0,0,0,0,,
15/02/20,15:53:42,Secador 2,9,2002151545,193,0,0,0,0,0,0,0,0,0,0,0,0,0,0,,0,0,0,0,0,0,0,0,0,,
15/02/20,15:55:18,Secador 2,9,2002151545,205,0,0,0,0,0,0,0,0,0,0,0,0,0,0,,0,0,0,0,0,0,0,0,0,,
15/02/20,15:56:26,Secador 2,9,2002151545,199,0,0,0,0,0,0,0,0,0,0,0,0,0,0,,0,0,0,0,0,0,0,0,0,,
15/02/20,15:57:35,Secador 2,9,2002151545,196,0,0,0,0,0,0,0,0,0,0,0,0,0,0,,0,0,0,0,0,0,0,0,0,,
15/02/20,15:58:48,Secador 2,9,2002151545,204,0,0,0,0,0,0,0,0,0,0,0,0,0,0,,0,0,0,0,0,0,0,0,0,,
15/02/20,15:59:46,Secador 2,9,2002151545,202,0,0,0,0,0,0,0,0,0,0,0,0,0,0,,0,0,0,0,0,0,0,0,0,,
15/02/20,16:00:50,Secador 2,9,2002151545,197,0,0,0,0,0,0,0,0,0,0,0,0,0,0,,0,0,0,0,0,0,0,0,0,,
15/02/20,16:02:11,Secador 2,9,2002151545,199,0,0,0,0,0,0,0,0,0,0,0,0,0,0,,0,0,0,0,0,0,0,0,0,,
15/02/20,16:03:49,Secador 2,9,2002151545,200,0,0,0,0,0,0,0,0,0,0,0,0,0,0,,0,0,0,0,0,0,0,0,0,,
15/02/20,16:05:34,Secador 2,9,2002151545,200,0,0,0,0,0,0,0,0,0,0,0,0,0,0,,0,0,0,0,0,0,0,0,0,,
15/02/20,16:07:03,Secador 2,9,2002151545,200,0,0,0,0,0,0,0,0,0,0,0,0,0,0,,0,0,0,0,0,0,0,0,0,,
15/02/20,16:08:00,Secador 2,9,2002151545,205,0,0,0,0,0,0,0,0,0,0,0,0,0,0,,0,0,0,0,0,0,0,0,0,,
15/02/20,16:08:47,Secador 2,9,2002151545,199,0,0,0,0,0,0,0,0,0,0,0,0,0,0,,0,0,0,0,0,0,0,0,0,,
15/02/20,16:09:41,Secador 2,9,2002151545,200,0,0,0,0,0,0,0,0,0,0,0,0,0,0,,0,0,0,0,0,0,0,0,0,,
15/02/20,16:10:29,Secador 2,9,2002151545,200,0,0,0,0,0,0,0,0,0,0,0,0,0,0,,0,0,0,0,0,0,0,0,0,,
15/02/20,16:11:15,Secador 2,9,2002151545,201,0,0,0,0,0,0,0,0,0,0,0,0,0,0,,0,0,0,0,0,0,0,0,0,,
15/02/20,16:11:59,Secador 2,9,2002151545,200,0,0,0,0,0,0,0,0,0,0,0,0,0,0,,0,0,0,0,0,0,0,0,0,,
15/02/20,16:12:45,Secador 2,9,2002151545,201,0,0,0,0,0,0,0,0,0,0,0,0,0,0,,0,0,0,0,0,0,0,0,0,,
15/02/20,16:13:31,Secador 2,9,2002151545,200,0,0,0,0,0,0,0,0,0,0,0,0,0,0,,0,0,0,0,0,0,0,0,0,,
15/02/20,16:14:25,Secador 2,9,2002151545,197,0,0,0,0,0,0,0,0,0,0,0,0,0,0,,0,0,0,0,0,0,0,0,0,,
15/02/20,16:15:26,Secador 2,9,2002151545,199,0,0,0,0,0,0,0,0,0,0,0,0,0,0,,0,0,0,0,0,0,0,0,0,,
15/02/20,16:16:28,Secador 2,9,2002151545,200,0,0,0,0,0,0,0,0,0,0,0,0,0,0,,0,0,0,0,0,0,0,0,0,,
15/02/20,16:17:34,Secador 2,9,2002151545,199,0,0,0,0,0,0,0,0,0,0,0,0,0,0,,0,0,0,0,0,0,0,0,0,,
15/02/20,16:18:45,Secador 2,9,2002151545,200,0,0,0,0,0,0,0,0,0,0,0,0,0,0,,0,0,0,0,0,0,0,0,0,,
15/02/20,16:19:53,Secador 2,9,2002151545,199,0,0,0,0,0,0,0,0,0,0,0,0,0,0,,0,0,0,0,0,0,0,0,0,,
15/02/20,16:21:07,Secador 2,9,2002151545,201,0,0,0,0,0,0,0,0,0,0,0,0,0,0,,0,0,0,0,0,0,0,0,0,,
15/02/20,16:22:16,Secador 2,9,2002151545,200,0,0,0,0,0,0,0,0,0,0,0,0,0,0,,0,0,0,0,0,0,0,0,0,,
15/02/20,16:23:07,Secador 2,9,2002151545,202,0,0,0,0,0,0,0,0,0,0,0,0,0,0,,0,0,0,0,0,0,0,0,0,,
15/02/20,16:24:09,Secador 2,9,2002151545,198,0,0,0,0,0,0,0,0,0,0,0,0,0,0,,0,0,0,0,0,0,0,0,0,,
15/02/20,16:25:13,Secador 2,9,2002151545,201,0,0,0,0,0,0,0,0,0,0,0,0,0,0,,0,0,0,0,0,0,0,0,0,,
15/02/20,16:26:14,Secador 2,9,2002151545,200,0,0,0,0,0,0,0,0,0,0,0,0,0,0,,0,0,0,0,0,0,0,0,0,,
15/02/20,16:27:20,Secador 2,9,2002151545,199,0,0,0,0,0,0,0,0,0,0,0,0,0,0,,0,0,0,0,0,0,0,0,0,,
15/02/20,16:28:24,Secador 2,9,2002151545,202,0,0,0,0,0,0,0,0,0,0,0,0,0,0,,0,0,0,0,0,0,0,0,0,,
15/02/20,16:29:22,Secador 2,9,2002151545,199,0,0,0,0,0,0,0,0,0,0,0,0,0,0,,0,0,0,0,0,0,0,0,0,,
15/02/20,16:30:35,Secador 2,9,2002151545,199,0,0,0,0,0,0,0,0,0,0,0,0,0,0,,0,0,0,0,0,0,0,0,0,,
15/02/20,16:31:39,Secador 2,9,2002151545,201,0,0,0,0,0,0,0,0,0,0,0,0,0,0,,0,0,0,0,0,0,0,0,0,,
15/02/20,16:33:08,Secador 2,9,2002151545,200,0,0,0,0,0,0,0,0,0,0,0,0,0,0,,0,0,0,0,0,0,0,0,0,,
15/02/20,16:35:14,Secador 2,9,2002151545,196,0,0,0,0,0,0,0,0,0,0,0,0,0,0,,0,0,0,0,0,0,0,0,0,,
15/02/20,16:36:25,Secador 2,9,2002151545,203,0,0,0,0,0,0,0,0,0,0,0,0,0,0,,0,0,0,0,0,0,0,0,0,,
15/02/20,16:37:07,Secador 2,9,2002151545,198,0,0,0,0,0,0,0,0,0,0,0,0,0,0,,0,0,0,0,0,0,0,0,0,,
15/02/20,16:38:36,Secador 2,9,2002151545,200,0,0,0,0,0,0,0,0,0,0,0,0,0,0,,0,0,0,0,0,0,0,0,0,,
15/02/20,16:41:44,Secador 2,9,2002151545,201,0,0,0,0,0,0,0,0,0,0,0,0,0,0,,0,0,0,0,0,0,0,0,0,,
15/02/20,16:44:08,Secador 2,9,2002151545,196,0,0,0,0,0,0,0,0,0,0,0,0,0,0,,0,0,0,0,0,0,0,0,0,,
15/02/20,16:47:26,Secador 2,9,2002151545,208,0,0,0,0,0,0,0,0,0,0,0,0,0,0,,0,0,0,0,0,0,0,0,0,,
15/02/20,16:48:49,Secador 2,9,2002151545,197,0,0,0,0,0,0,0,0,0,0,0,0,0,0,,0,0,0,0,0,0,0,0,0,,
15/02/20,16:50:42,Secador 2,9,2002151545,198,0,0,0,0,0,0,0,0,0,0,0,0,0,0,,0,0,0,0,0,0,0,0,0,,
15/02/20,16:52:25,Secador 2,9,2002151545,203,0,0,0,0,0,0,0,0,0,0,0,0,0,0,,0,0,0,0,0,0,0,0,0,,
15/02/20,16:53:41,Secador 2,9,2002151545,198,0,0,0,0,0,0,0,0,0,0,0,0,0,0,,0,0,0,0,0,0,0,0,0,,
15/02/20,16:57:12,Secador 2,9,2002151545,199,0,0,0,0,0,0,0,0,0,0,0,0,0,0,,0,0,0,0,0,0,0,0,0,,
15/02/20,16:58:53,Secador 2,9,2002151545,200,0,0,0,0,0,0,0,0,0,0,0,0,0,0,,0,0,0,0,0,0,0,0,0,,
15/02/20,17:00:17,Secador 2,9,2002151545,204,0,0,0,0,0,0,0,0,0,0,0,0,0,0,,0,0,0,0,0,0,0,0,0,,
15/02/20,17:01:16,Secador 2,9,2002151545,200,0,0,0,0,0,0,0,0,0,0,0,0,0,0,,0,0,0,0,0,0,0,0,0,,
15/02/20,17:02:01,Secador 2,9,2002151545,195,0,0,0,0,0,0,0,0,0,0,0,0,0,0,,0,0,0,0,0,0,0,0,0,,
15/02/20,17:02:39,Secador 2,9,2002151545,204,0,0,0,0,0,0,0,0,0,0,0,0,0,0,,0,0,0,0,0,0,0,0,0,,
15/02/20,17:06:23,Secador 2,9,2002151545,194,0,0,0,0,0,0,0,0,0,0,0,0,0,0,,0,0,0,0,0,0,0,0,0,,
15/02/20,17:14:42,Secador 2,9,2002151545,2,0,0,0,0,0,0,0,0,0,0,0,0,0,0,,0,0,0,0,0,0,0,0,0,,
15/02/20,18:40:10,Secador 8,7,2002151835,205,0,0,0,0,0,0,0,0,0,0,0,0,0,0,,0,0,0,0,0,0,0,0,0,,
15/02/20,18:41:29,Secador 8,7,2002151835,200,0,0,0,0,0,0,0,0,0,0,0,0,0,0,,0,0,0,0,0,0,0,0,0,,
15/02/20,18:42:50,Secador 8,7,2002151835,199,0,0,0,0,0,0,0,0,0,0,0,0,0,0,,0,0,0,0,0,0,0,0,0,,
15/02/20,18:44:13,Secador 8,7,2002151835,200,0,0,0,0,0,0,0,0,0,0,0,0,0,0,,0,0,0,0,0,0,0,0,0,,
15/02/20,18:45:38,Secador 8,7,2002151835,201,0,0,0,0,0,0,0,0,0,0,0,0,0,0,,0,0,0,0,0,0,0,0,0,,
15/02/20,18:47:07,Secador 8,7,2002151835,200,0,0,0,0,0,0,0,0,0,0,0,0,0,0,,0,0,0,0,0,0,0,0,0,,
15/02/20,18:48:08,Secador 8,7,2002151835,204,0,0,0,0,0,0,0,0,0,0,0,0,0,0,,0,0,0,0,0,0,0,0,0,,
15/02/20,18:49:05,Secador 8,7,2002151835,198,0,0,0,0,0,0,0,0,0,0,0,0,0,0,,0,0,0,0,0,0,0,0,0,,
15/02/20,18:50:02,Secador 8,7,2002151835,202,0,0,0,0,0,0,0,0,0,0,0,0,0,0,,0,0,0,0,0,0,0,0,0,,
15/02/20,18:50:58,Secador 8,7,2002151835,199,0,0,0,0,0,0,0,0,0,0,0,0,0,0,,0,0,0,0,0,0,0,0,0,,
15/02/20,18:52:01,Secador 8,7,2002151835,199,0,0,0,0,0,0,0,0,0,0,0,0,0,0,,0,0,0,0,0,0,0,0,0,,
15/02/20,18:53:19,Secador 8,7,2002151835,197,0,0,0,0,0,0,0,0,0,0,0,0,0,0,,0,0,0,0,0,0,0,0,0,,
15/02/20,18:54:47,Secador 8,7,2002151835,201,0,0,0,0,0,0,0,0,0,0,0,0,0,0,,0,0,0,0,0,0,0,0,0,,
15/02/20,18:56:20,Secador 8,7,2002151835,199,0,0,0,0,0,0,0,0,0,0,0,0,0,0,,0,0,0,0,0,0,0,0,0,,
15/02/20,18:58:21,Secador 8,7,2002151835,198,0,0,0,0,0,0,0,0,0,0,0,0,0,0,,0,0,0,0,0,0,0,0,0,,
15/02/20,18:59:52,Secador 8,7,2002151835,206,0,0,0,0,0,0,0,0,0,0,0,0,0,0,,0,0,0,0,0,0,0,0,0,,
15/02/20,19:00:55,Secador 8,7,2002151835,198,0,0,0,0,0,0,0,0,0,0,0,0,0,0,,0,0,0,0,0,0,0,0,0,,
15/02/20,19:02:00,Secador 8,7,2002151835,199,0,0,0,0,0,0,0,0,0,0,0,0,0,0,,0,0,0,0,0,0,0,0,0,,
15/02/20,19:03:06,Secador 8,7,2002151835,200,0,0,0,0,0,0,0,0,0,0,0,0,0,0,,0,0,0,0,0,0,0,0,0,,
15/02/20,19:04:14,Secador 8,7,2002151835,200,0,0,0,0,0,0,0,0,0,0,0,0,0,0,,0,0,0,0,0,0,0,0,0,,
15/02/20,19:05:18,Secador 8,7,2002151835,203,0,0,0,0,0,0,0,0,0,0,0,0,0,0,,0,0,0,0,0,0,0,0,0,,
15/02/20,19:06:21,Secador 8,7,2002151835,197,0,0,0,0,0,0,0,0,0,0,0,0,0,0,,0,0,0,0,0,0,0,0,0,,
15/02/20,19:07:26,Secador 8,7,2002151835,201,0,0,0,0,0,0,0,0,0,0,0,0,0,0,,0,0,0,0,0,0,0,0,0,,
15/02/20,19:08:32,Secador 8,7,2002151835,200,0,0,0,0,0,0,0,0,0,0,0,0,0,0,,0,0,0,0,0,0,0,0,0,,
15/02/20,19:09:39,Secador 8,7,2002151835,201,0,0,0,0,0,0,0,0,0,0,0,0,0,0,,0,0,0,0,0,0,0,0,0,,
15/02/20,19:10:43,Secador 8,7,2002151835,199,0,0,0,0,0,0,0,0,0,0,0,0,0,0,,0,0,0,0,0,0,0,0,0,,
15/02/20,19:11:51,Secador 8,7,2002151835,199,0,0,0,0,0,0,0,0,0,0,0,0,0,0,,0,0,0,0,0,0,0,0,0,,
15/02/20,19:13:01,Secador 8,7,2002151835,201,0,0,0,0,0,0,0,0,0,0,0,0,0,0,,0,0,0,0,0,0,0,0,0,,
15/02/20,19:14:14,Secador 8,7,2002151835,199,0,0,0,0,0,0,0,0,0,0,0,0,0,0,,0,0,0,0,0,0,0,0,0,,
15/02/20,19:15:33,Secador 8,7,2002151835,201,0,0,0,0,0,0,0,0,0,0,0,0,0,0,,0,0,0,0,0,0,0,0,0,,
15/02/20,19:16:47,Secador 8,7,2002151835,199,0,0,0,0,0,0,0,0,0,0,0,0,0,0,,0,0,0,0,0,0,0,0,0,,
15/02/20,19:18:02,Secador 8,7,2002151835,201,0,0,0,0,0,0,0,0,0,0,0,0,0,0,,0,0,0,0,0,0,0,0,0,,
15/02/20,19:19:16,Secador 8,7,2002151835,198,0,0,0,0,0,0,0,0,0,0,0,0,0,0,,0,0,0,0,0,0,0,0,0,,
15/02/20,19:20:41,Secador 8,7,2002151835,198,0,0,0,0,0,0,0,0,0,0,0,0,0,0,,0,0,0,0,0,0,0,0,0,,
15/02/20,19:25:48,Secador 8,7,2002151835,199,0,0,0,0,0,0,0,0,0,0,0,0,0,0,,0,0,0,0,0,0,0,0,0,,
15/02/20,19:31:18,Secador 8,7,2002151835,206,0,0,0,0,0,0,0,0,0,0,0,0,0,0,,0,0,0,0,0,0,0,0,0,,
15/02/20,19:32:14,Secador 8,7,2002151835,199,0,0,0,0,0,0,0,0,0,0,0,0,0,0,,0,0,0,0,0,0,0,0,0,,
15/02/20,19:33:14,Secador 8,7,2002151835,201,0,0,0,0,0,0,0,0,0,0,0,0,0,0,,0,0,0,0,0,0,0,0,0,,
15/02/20,19:34:11,Secador 8,7,2002151835,201,0,0,0,0,0,0,0,0,0,0,0,0,0,0,,0,0,0,0,0,0,0,0,0,,
15/02/20,19:35:06,Secador 8,7,2002151835,198,0,0,0,0,0,0,0,0,0,0,0,0,0,0,,0,0,0,0,0,0,0,0,0,,
15/02/20,19:36:01,Secador 8,7,2002151835,203,0,0,0,0,0,0,0,0,0,0,0,0,0,0,,0,0,0,0,0,0,0,0,0,,
15/02/20,19:36:54,Secador 8,7,2002151835,200,0,0,0,0,0,0,0,0,0,0,0,0,0,0,,0,0,0,0,0,0,0,0,0,,
15/02/20,19:37:51,Secador 8,7,2002151835,200,0,0,0,0,0,0,0,0,0,0,0,0,0,0,,0,0,0,0,0,0,0,0,0,,
15/02/20,19:38:46,Secador 8,7,2002151835,199,0,0,0,0,0,0,0,0,0,0,0,0,0,0,,0,0,0,0,0,0,0,0,0,,
15/02/20,19:39:41,Secador 8,7,2002151835,200,0,0,0,0,0,0,0,0,0,0,0,0,0,0,,0,0,0,0,0,0,0,0,0,,
15/02/20,19:40:37,Secador 8,7,2002151835,202,0,0,0,0,0,0,0,0,0,0,0,0,0,0,,0,0,0,0,0,0,0,0,0,,
15/02/20,19:41:31,Secador 8,7,2002151835,198,0,0,0,0,0,0,0,0,0,0,0,0,0,0,,0,0,0,0,0,0,0,0,0,,
15/02/20,19:42:28,Secador 8,7,2002151835,201,0,0,0,0,0,0,0,0,0,0,0,0,0,0,,0,0,0,0,0,0,0,0,0,,
15/02/20,19:43:25,Secador 8,7,2002151835,200,0,0,0,0,0,0,0,0,0,0,0,0,0,0,,0,0,0,0,0,0,0,0,0,,
15/02/20,19:44:21,Secador 8,7,2002151835,197,0,0,0,0,0,0,0,0,0,0,0,0,0,0,,0,0,0,0,0,0,0,0,0,,
15/02/20,19:45:18,Secador 8,7,2002151835,202,0,0,0,0,0,0,0,0,0,0,0,0,0,0,,0,0,0,0,0,0,0,0,0,,
15/02/20,19:46:16,Secador 8,7,2002151835,199,0,0,0,0,0,0,0,0,0,0,0,0,0,0,,0,0,0,0,0,0,0,0,0,,
15/02/20,19:47:17,Secador 8,7,2002151835,198,0,0,0,0,0,0,0,0,0,0,0,0,0,0,,0,0,0,0,0,0,0,0,0,,
15/02/20,19:48:22,Secador 8,7,2002151835,201,0,0,0,0,0,0,0,0,0,0,0,0,0,0,,0,0,0,0,0,0,0,0,0,,
15/02/20,19:49:23,Secador 8,7,2002151835,202,0,0,0,0,0,0,0,0,0,0,0,0,0,0,,0,0,0,0,0,0,0,0,0,,
15/02/20,19:50:25,Secador 8,7,2002151835,198,0,0,0,0,0,0,0,0,0,0,0,0,0,0,,0,0,0,0,0,0,0,0,0,,
15/02/20,19:51:44,Secador 8,7,2002151835,199,0,0,0,0,0,0,0,0,0,0,0,0,0,0,,0,0,0,0,0,0,0,0,0,,
15/02/20,19:53:18,Secador 8,7,2002151835,198,0,0,0,0,0,0,0,0,0,0,0,0,0,0,,0,0,0,0,0,0,0,0,0,,
15/02/20,19:57:16,Secador 8,7,2002151835,201,0,0,0,0,0,0,0,0,0,0,0,0,0,0,,0,0,0,0,0,0,0,0,0,,
15/02/20,20:01:45,Secador 8,7,2002151835,197,0,0,0,0,0,0,0,0,0,0,0,0,0,0,,0,0,0,0,0,0,0,0,0,,
15/02/20,20:02:57,Secador 8,7,2002151835,5,0,0,0,0,0,0,0,0,0,0,0,0,0,0,,0,0,0,0,0,0,0,0,0,,
15/02/20,21:34:46,Secador 3,12,2002152129,213,0,0,0,0,0,0,0,0,0,0,0,0,0,0,,0,0,0,0,0,0,0,0,0,,
15/02/20,21:35:37,Secador 3,12,2002152129,195,0,0,0,0,0,0,0,0,0,0,0,0,0,0,,0,0,0,0,0,0,0,0,0,,
15/02/20,21:36:27,Secador 3,12,2002152129,199,0,0,0,0,0,0,0,0,0,0,0,0,0,0,,0,0,0,0,0,0,0,0,0,,
15/02/20,21:37:17,Secador 3,12,2002152129,200,0,0,0,0,0,0,0,0,0,0,0,0,0,0,,0,0,0,0,0,0,0,0,0,,
15/02/20,21:38:17,Secador 3,12,2002152129,199,0,0,0,0,0,0,0,0,0,0,0,0,0,0,,0,0,0,0,0,0,0,0,0,,
15/02/20,21:39:08,Secador 3,12,2002152129,203,0,0,0,0,0,0,0,0,0,0,0,0,0,0,,0,0,0,0,0,0,0,0,0,,
15/02/20,21:39:56,Secador 3,12,2002152129,199,0,0,0,0,0,0,0,0,0,0,0,0,0,0,,0,0,0,0,0,0,0,0,0,,
15/02/20,21:40:44,Secador 3,12,2002152129,201,0,0,0,0,0,0,0,0,0,0,0,0,0,0,,0,0,0,0,0,0,0,0,0,,
15/02/20,21:41:30,Secador 3,12,2002152129,198,0,0,0,0,0,0,0,0,0,0,0,0,0,0,,0,0,0,0,0,0,0,0,0,,
15/02/20,21:42:18,Secador 3,12,2002152129,200,0,0,0,0,0,0,0,0,0,0,0,0,0,0,,0,0,0,0,0,0,0,0,0,,
15/02/20,21:43:11,Secador 3,12,2002152129,200,0,0,0,0,0,0,0,0,0,0,0,0,0,0,,0,0,0,0,0,0,0,0,0,,
15/02/20,21:44:06,Secador 3,12,2002152129,201,0,0,0,0,0,0,0,0,0,0,0,0,0,0,,0,0,0,0,0,0,0,0,0,,
15/02/20,21:44:59,Secador 3,12,2002152129,199,0,0,0,0,0,0,0,0,0,0,0,0,0,0,,0,0,0,0,0,0,0,0,0,,
15/02/20,21:45:51,Secador 3,12,2002152129,201,0,0,0,0,0,0,0,0,0,0,0,0,0,0,,0,0,0,0,0,0,0,0,0,,
15/02/20,21:46:37,Secador 3,12,2002152129,200,0,0,0,0,0,0,0,0,0,0,0,0,0,0,,0,0,0,0,0,0,0,0,0,,
15/02/20,21:47:23,Secador 3,12,2002152129,200,0,0,0,0,0,0,0,0,0,0,0,0,0,0,,0,0,0,0,0,0,0,0,0,,
15/02/20,21:48:11,Secador 3,12,2002152129,200,0,0,0,0,0,0,0,0,0,0,0,0,0,0,,0,0,0,0,0,0,0,0,0,,
15/02/20,21:48:59,Secador 3,12,2002152129,200,0,0,0,0,0,0,0,0,0,0,0,0,0,0,,0,0,0,0,0,0,0,0,0,,
15/02/20,21:49:47,Secador 3,12,2002152129,197,0,0,0,0,0,0,0,0,0,0,0,0,0,0,,0,0,0,0,0,0,0,0,0,,
15/02/20,21:50:52,Secador 3,12,2002152129,201,0,0,0,0,0,0,0,0,0,0,0,0,0,0,,0,0,0,0,0,0,0,0,0,,
15/02/20,21:51:44,Secador 3,12,2002152129,202,0,0,0,0,0,0,0,0,0,0,0,0,0,0,,0,0,0,0,0,0,0,0,0,,
15/02/20,21:52:33,Secador 3,12,2002152129,200,0,0,0,0,0,0,0,0,0,0,0,0,0,0,,0,0,0,0,0,0,0,0,0,,
15/02/20,21:53:22,Secador 3,12,2002152129,199,0,0,0,0,0,0,0,0,0,0,0,0,0,0,,0,0,0,0,0,0,0,0,0,,
15/02/20,21:54:10,Secador 3,12,2002152129,200,0,0,0,0,0,0,0,0,0,0,0,0,0,0,,0,0,0,0,0,0,0,0,0,,
15/02/20,21:54:57,Secador 3,12,2002152129,201,0,0,0,0,0,0,0,0,0,0,0,0,0,0,,0,0,0,0,0,0,0,0,0,,
15/02/20,21:55:58,Secador 3,12,2002152129,199,0,0,0,0,0,0,0,0,0,0,0,0,0,0,,0,0,0,0,0,0,0,0,0,,
15/02/20,21:56:47,Secador 3,12,2002152129,201,0,0,0,0,0,0,0,0,0,0,0,0,0,0,,0,0,0,0,0,0,0,0,0,,
15/02/20,21:57:35,Secador 3,12,2002152129,200,0,0,0,0,0,0,0,0,0,0,0,0,0,0,,0,0,0,0,0,0,0,0,0,,
15/02/20,21:58:24,Secador 3,12,2002152129,199,0,0,0,0,0,0,0,0,0,0,0,0,0,0,,0,0,0,0,0,0,0,0,0,,
15/02/20,21:59:15,Secador 3,12,2002152129,201,0,0,0,0,0,0,0,0,0,0,0,0,0,0,,0,0,0,0,0,0,0,0,0,,
15/02/20,22:00:03,Secador 3,12,2002152129,200,0,0,0,0,0,0,0,0,0,0,0,0,0,0,,0,0,0,0,0,0,0,0,0,,
15/02/20,22:00:52,Secador 3,12,2002152129,200,0,0,0,0,0,0,0,0,0,0,0,0,0,0,,0,0,0,0,0,0,0,0,0,,
15/02/20,22:01:39,Secador 3,12,2002152129,200,0,0,0,0,0,0,0,0,0,0,0,0,0,0,,0,0,0,0,0,0,0,0,0,,
15/02/20,22:02:26,Secador 3,12,2002152129,201,0,0,0,0,0,0,0,0,0,0,0,0,0,0,,0,0,0,0,0,0,0,0,0,,
15/02/20,22:03:12,Secador 3,12,2002152129,199,0,0,0,0,0,0,0,0,0,0,0,0,0,0,,0,0,0,0,0,0,0,0,0,,
15/02/20,22:03:58,Secador 3,12,2002152129,199,0,0,0,0,0,0,0,0,0,0,0,0,0,0,,0,0,0,0,0,0,0,0,0,,
15/02/20,22:04:46,Secador 3,12,2002152129,202,0,0,0,0,0,0,0,0,0,0,0,0,0,0,,0,0,0,0,0,0,0,0,0,,
15/02/20,22:05:33,Secador 3,12,2002152129,199,0,0,0,0,0,0,0,0,0,0,0,0,0,0,,0,0,0,0,0,0,0,0,0,,
15/02/20,22:06:34,Secador 3,12,2002152129,196,0,0,0,0,0,0,0,0,0,0,0,0,0,0,,0,0,0,0,0,0,0,0,0,,
15/02/20,22:07:41,Secador 3,12,2002152129,200,0,0,0,0,0,0,0,0,0,0,0,0,0,0,,0,0,0,0,0,0,0,0,0,,
15/02/20,22:08:44,Secador 3,12,2002152129,203,0,0,0,0,0,0,0,0,0,0,0,0,0,0,,0,0,0,0,0,0,0,0,0,,
15/02/20,22:09:37,Secador 3,12,2002152129,200,0,0,0,0,0,0,0,0,0,0,0,0,0,0,,0,0,0,0,0,0,0,0,0,,
15/02/20,22:10:30,Secador 3,12,2002152129,199,0,0,0,0,0,0,0,0,0,0,0,0,0,0,,0,0,0,0,0,0,0,0,0,,
15/02/20,22:11:24,Secador 3,12,2002152129,202,0,0,0,0,0,0,0,0,0,0,0,0,0,0,,0,0,0,0,0,0,0,0,0,,
15/02/20,22:12:17,Secador 3,12,2002152129,200,0,0,0,0,0,0,0,0,0,0,0,0,0,0,,0,0,0,0,0,0,0,0,0,,
15/02/20,22:13:09,Secador 3,12,2002152129,200,0,0,0,0,0,0,0,0,0,0,0,0,0,0,,0,0,0,0,0,0,0,0,0,,
15/02/20,22:14:01,Secador 3,12,2002152129,199,0,0,0,0,0,0,0,0,0,0,0,0,0,0,,0,0,0,0,0,0,0,0,0,,
15/02/20,22:15:01,Secador 3,12,2002152129,201,0,0,0,0,0,0,0,0,0,0,0,0,0,0,,0,0,0,0,0,0,0,0,0,,
15/02/20,22:15:48,Secador 3,12,2002152129,201,0,0,0,0,0,0,0,0,0,0,0,0,0,0,,0,0,0,0,0,0,0,0,0,,
15/02/20,22:16:32,Secador 3,12,2002152129,200,0,0,0,0,0,0,0,0,0,0,0,0,0,0,,0,0,0,0,0,0,0,0,0,,
15/02/20,22:17:16,Secador 3,12,2002152129,200,0,0,0,0,0,0,0,0,0,0,0,0,0,0,,0,0,0,0,0,0,0,0,0,,
15/02/20,22:18:02,Secador 3,12,2002152129,200,0,0,0,0,0,0,0,0,0,0,0,0,0,0,,0,0,0,0,0,0,0,0,0,,
15/02/20,22:18:45,Secador 3,12,2002152129,200,0,0,0,0,0,0,0,0,0,0,0,0,0,0,,0,0,0,0,0,0,0,0,0,,
15/02/20,22:19:29,Secador 3,12,2002152129,199,0,0,0,0,0,0,0,0,0,0,0,0,0,0,,0,0,0,0,0,0,0,0,0,,
15/02/20,22:20:17,Secador 3,12,2002152129,199,0,0,0,0,0,0,0,0,0,0,0,0,0,0,,0,0,0,0,0,0,0,0,0,,
15/02/20,22:21:10,Secador 3,12,2002152129,201,0,0,0,0,0,0,0,0,0,0,0,0,0,0,,0,0,0,0,0,0,0,0,0,,
15/02/20,22:21:59,Secador 3,12,2002152129,200,0,0,0,0,0,0,0,0,0,0,0,0,0,0,,0,0,0,0,0,0,0,0,0,,
15/02/20,22:22:43,Secador 3,12,2002152129,195,0,0,0,0,0,0,0,0,0,0,0,0,0,0,,0,0,0,0,0,0,0,0,0,,
15/02/20,22:23:24,Secador 3,12,2002152129,205,0,0,0,0,0,0,0,0,0,0,0,0,0,0,,0,0,0,0,0,0,0,0,0,,
15/02/20,22:24:11,Secador 3,12,2002152129,199,0,0,0,0,0,0,0,0,0,0,0,0,0,0,,0,0,0,0,0,0,0,0,0,,
15/02/20,22:24:58,Secador 3,12,2002152129,199,0,0,0,0,0,0,0,0,0,0,0,0,0,0,,0,0,0,0,0,0,0,0,0,,
15/02/20,22:26:04,Secador 3,12,2002152129,200,0,0,0,0,0,0,0,0,0,0,0,0,0,0,,0,0,0,0,0,0,0,0,0,,
15/02/20,22:26:55,Secador 3,12,2002152129,201,0,0,0,0,0,0,0,0,0,0,0,0,0,0,,0,0,0,0,0,0,0,0,0,,
15/02/20,22:27:45,Secador 3,12,2002152129,201,0,0,0,0,0,0,0,0,0,0,0,0,0,0,,0,0,0,0,0,0,0,0,0,,
15/02/20,22:28:36,Secador 3,12,2002152129,196,0,0,0,0,0,0,0,0,0,0,0,0,0,0,,0,0,0,0,0,0,0,0,0,,
15/02/20,22:29:38,Secador 3,12,2002152129,203,0,0,0,0,0,0,0,0,0,0,0,0,0,0,,0,0,0,0,0,0,0,0,0,,
15/02/20,22:30:34,Secador 3,12,2002152129,200,0,0,0,0,0,0,0,0,0,0,0,0,0,0,,0,0,0,0,0,0,0,0,0,,
15/02/20,22:31:36,Secador 3,12,2002152129,196,0,0,0,0,0,0,0,0,0,0,0,0,0,0,,0,0,0,0,0,0,0,0,0,,
15/02/20,22:32:47,Secador 3,12,2002152129,200,0,0,0,0,0,0,0,0,0,0,0,0,0,0,,0,0,0,0,0,0,0,0,0,,
15/02/20,22:41:02,Secador 3,12,2002152129,61,0,0,0,0,0,0,0,0,0,0,0,0,0,0,,0,0,0,0,0,0,0,0,0,,
15/02/20,22:54:25,Secador 1,10,2002152246,204,0,0,0,0,0,0,0,0,0,0,0,0,0,0,,0,0,0,0,0,0,0,0,0,,
15/02/20,22:55:27,Secador 1,10,2002152246,197,0,0,0,0,0,0,0,0,0,0,0,0,0,0,,0,0,0,0,0,0,0,0,0,,
15/02/20,22:56:45,Secador 1,10,2002152246,200,0,0,0,0,0,0,0,0,0,0,0,0,0,0,,0,0,0,0,0,0,0,0,0,,
15/02/20,22:58:10,Secador 1,10,2002152246,200,0,0,0,0,0,0,0,0,0,0,0,0,0,0,,0,0,0,0,0,0,0,0,0,,
15/02/20,22:59:40,Secador 1,10,2002152246,200,0,0,0,0,0,0,0,0,0,0,0,0,0,0,,0,0,0,0,0,0,0,0,0,,
15/02/20,23:01:11,Secador 1,10,2002152246,200,0,0,0,0,0,0,0,0,0,0,0,0,0,0,,0,0,0,0,0,0,0,0,0,,
15/02/20,23:02:28,Secador 1,10,2002152246,203,0,0,0,0,0,0,0,0,0,0,0,0,0,0,,0,0,0,0,0,0,0,0,0,,
15/02/20,23:03:32,Secador 1,10,2002152246,201,0,0,0,0,0,0,0,0,0,0,0,0,0,0,,0,0,0,0,0,0,0,0,0,,
15/02/20,23:04:20,Secador 1,10,2002152246,200,0,0,0,0,0,0,0,0,0,0,0,0,0,0,,0,0,0,0,0,0,0,0,0,,
15/02/20,23:05:10,Secador 1,10,2002152246,201,0,0,0,0,0,0,0,0,0,0,0,0,0,0,,0,0,0,0,0,0,0,0,0,,
15/02/20,23:06:04,Secador 1,10,2002152246,197,0,0,0,0,0,0,0,0,0,0,0,0,0,0,,0,0,0,0,0,0,0,0,0,,
15/02/20,23:07:09,Secador 1,10,2002152246,199,0,0,0,0,0,0,0,0,0,0,0,0,0,0,,0,0,0,0,0,0,0,0,0,,
15/02/20,23:08:16,Secador 1,10,2002152246,199,0,0,0,0,0,0,0,0,0,0,0,0,0,0,,0,0,0,0,0,0,0,0,0,,
15/02/20,23:09:15,Secador 1,10,2002152246,204,0,0,0,0,0,0,0,0,0,0,0,0,0,0,,0,0,0,0,0,0,0,0,0,,
15/02/20,23:10:06,Secador 1,10,2002152246,197,0,0,0,0,0,0,0,0,0,0,0,0,0,0,,0,0,0,0,0,0,0,0,0,,
15/02/20,23:11:26,Secador 1,10,2002152246,200,0,0,0,0,0,0,0,0,0,0,0,0,0,0,,0,0,0,0,0,0,0,0,0,,
15/02/20,23:12:49,Secador 1,10,2002152246,199,0,0,0,0,0,0,0,0,0,0,0,0,0,0,,0,0,0,0,0,0,0,0,0,,
15/02/20,23:14:23,Secador 1,10,2002152246,200,0,0,0,0,0,0,0,0,0,0,0,0,0,0,,0,0,0,0,0,0,0,0,0,,
15/02/20,23:15:43,Secador 1,10,2002152246,200,0,0,0,0,0,0,0,0,0,0,0,0,0,0,,0,0,0,0,0,0,0,0,0,,
15/02/20,23:17:06,Secador 1,10,2002152246,200,0,0,0,0,0,0,0,0,0,0,0,0,0,0,,0,0,0,0,0,0,0,0,0,,
15/02/20,23:18:23,Secador 1,10,2002152246,203,0,0,0,0,0,0,0,0,0,0,0,0,0,0,,0,0,0,0,0,0,0,0,0,,
15/02/20,23:19:14,Secador 1,10,2002152246,201,0,0,0,0,0,0,0,0,0,0,0,0,0,0,,0,0,0,0,0,0,0,0,0,,
15/02/20,23:20:03,Secador 1,10,2002152246,201,0,0,0,0,0,0,0,0,0,0,0,0,0,0,,0,0,0,0,0,0,0,0,0,,
15/02/20,23:20:56,Secador 1,10,2002152246,199,0,0,0,0,0,0,0,0,0,0,0,0,0,0,,0,0,0,0,0,0,0,0,0,,
15/02/20,23:21:42,Secador 1,10,2002152246,194,0,0,0,0,0,0,0,0,0,0,0,0,0,0,,0,0,0,0,0,0,0,0,0,,
15/02/20,23:22:28,Secador 1,10,2002152246,208,0,0,0,0,0,0,0,0,0,0,0,0,0,0,,0,0,0,0,0,0,0,0,0,,
15/02/20,23:23:11,Secador 1,10,2002152246,199,0,0,0,0,0,0,0,0,0,0,0,0,0,0,,0,0,0,0,0,0,0,0,0,,
15/02/20,23:23:54,Secador 1,10,2002152246,200,0,0,0,0,0,0,0,0,0,0,0,0,0,0,,0,0,0,0,0,0,0,0,0,,
15/02/20,23:24:36,Secador 1,10,2002152246,199,0,0,0,0,0,0,0,0,0,0,0,0,0,0,,0,0,0,0,0,0,0,0,0,,
15/02/20,23:25:18,Secador 1,10,2002152246,200,0,0,0,0,0,0,0,0,0,0,0,0,0,0,,0,0,0,0,0,0,0,0,0,,
15/02/20,23:26:02,Secador 1,10,2002152246,201,0,0,0,0,0,0,0,0,0,0,0,0,0,0,,0,0,0,0,0,0,0,0,0,,
15/02/20,23:26:45,Secador 1,10,2002152246,199,0,0,0,0,0,0,0,0,0,0,0,0,0,0,,0,0,0,0,0,0,0,0,0,,
15/02/20,23:27:32,Secador 1,10,2002152246,200,0,0,0,0,0,0,0,0,0,0,0,0,0,0,,0,0,0,0,0,0,0,0,0,,
15/02/20,23:28:16,Secador 1,10,2002152246,193,0,0,0,0,0,0,0,0,0,0,0,0,0,0,,0,0,0,0,0,0,0,0,0,,
15/02/20,23:29:03,Secador 1,10,2002152246,208,0,0,0,0,0,0,0,0,0,0,0,0,0,0,,0,0,0,0,0,0,0,0,0,,
15/02/20,23:29:48,Secador 1,10,2002152246,199,0,0,0,0,0,0,0,0,0,0,0,0,0,0,,0,0,0,0,0,0,0,0,0,,
15/02/20,23:30:44,Secador 1,10,2002152246,198,0,0,0,0,0,0,0,0,0,0,0,0,0,0,,0,0,0,0,0,0,0,0,0,,
15/02/20,23:32:04,Secador 1,10,2002152246,197,0,0,0,0,0,0,0,0,0,0,0,0,0,0,,0,0,0,0,0,0,0,0,0,,
15/02/20,23:33:43,Secador 1,10,2002152246,200,0,0,0,0,0,0,0,0,0,0,0,0,0,0,,0,0,0,0,0,0,0,0,0,,
15/02/20,23:35:10,Secador 1,10,2002152246,201,0,0,0,0,0,0,0,0,0,0,0,0,0,0,,0,0,0,0,0,0,0,0,0,,
15/02/20,23:36:36,Secador 1,10,2002152246,203,0,0,0,0,0,0,0,0,0,0,0,0,0,0,,0,0,0,0,0,0,0,0,0,,
15/02/20,23:37:25,Secador 1,10,2002152246,201,0,0,0,0,0,0,0,0,0,0,0,0,0,0,,0,0,0,0,0,0,0,0,0,,
15/02/20,23:38:10,Secador 1,10,2002152246,201,0,0,0,0,0,0,0,0,0,0,0,0,0,0,,0,0,0,0,0,0,0,0,0,,
15/02/20,23:38:55,Secador 1,10,2002152246,199,0,0,0,0,0,0,0,0,0,0,0,0,0,0,,0,0,0,0,0,0,0,0,0,,
15/02/20,23:39:40,Secador 1,10,2002152246,199,0,0,0,0,0,0,0,0,0,0,0,0,0,0,,0,0,0,0,0,0,0,0,0,,
15/02/20,23:40:24,Secador 1,10,2002152246,195,0,0,0,0,0,0,0,0,0,0,0,0,0,0,,0,0,0,0,0,0,0,0,0,,
15/02/20,23:41:10,Secador 1,10,2002152246,199,0,0,0,0,0,0,0,0,0,0,0,0,0,0,,0,0,0,0,0,0,0,0,0,,
15/02/20,23:41:56,Secador 1,10,2002152246,200,0,0,0,0,0,0,0,0,0,0,0,0,0,0,,0,0,0,0,0,0,0,0,0,,
15/02/20,23:42:43,Secador 1,10,2002152246,207,0,0,0,0,0,0,0,0,0,0,0,0,0,0,,0,0,0,0,0,0,0,0,0,,
15/02/20,23:43:33,Secador 1,10,2002152246,201,0,0,0,0,0,0,0,0,0,0,0,0,0,0,,0,0,0,0,0,0,0,0,0,,
15/02/20,23:44:24,Secador 1,10,2002152246,199,0,0,0,0,0,0,0,0,0,0,0,0,0,0,,0,0,0,0,0,0,0,0,0,,
15/02/20,23:45:10,Secador 1,10,2002152246,199,0,0,0,0,0,0,0,0,0,0,0,0,0,0,,0,0,0,0,0,0,0,0,0,,
15/02/20,23:45:59,Secador 1,10,2002152246,201,0,0,0,0,0,0,0,0,0,0,0,0,0,0,,0,0,0,0,0,0,0,0,0,,
15/02/20,23:46:46,Secador 1,10,2002152246,200,0,0,0,0,0,0,0,0,0,0,0,0,0,0,,0,0,0,0,0,0,0,0,0,,
15/02/20,23:47:32,Secador 1,10,2002152246,201,0,0,0,0,0,0,0,0,0,0,0,0,0,0,,0,0,0,0,0,0,0,0,0,,
15/02/20,23:48:15,Secador 1,10,2002152246,199,0,0,0,0,0,0,0,0,0,0,0,0,0,0,,0,0,0,0,0,0,0,0,0,,
15/02/20,23:48:58,Secador 1,10,2002152246,202,0,0,0,0,0,0,0,0,0,0,0,0,0,0,,0,0,0,0,0,0,0,0,0,,
15/02/20,23:49:39,Secador 1,10,2002152246,199,0,0,0,0,0,0,0,0,0,0,0,0,0,0,,0,0,0,0,0,0,0,0,0,,
15/02/20,23:51:08,Secador 1,10,2002152246,198,0,0,0,0,0,0,0,0,0,0,0,0,0,0,,0,0,0,0,0,0,0,0,0,,
15/02/20,23:51:55,Secador 1,10,2002152246,200,0,0,0,0,0,0,0,0,0,0,0,0,0,0,,0,0,0,0,0,0,0,0,0,,
15/02/20,23:52:58,Secador 1,10,2002152246,195,0,0,0,0,0,0,0,0,0,0,0,0,0,0,,0,0,0,0,0,0,0,0,0,,
15/02/20,23:59:27,Secador 1,10,2002152246,74,0,0,0,0,0,0,0,0,0,0,0,0,0,0,,0,0,0,0,0,0,0,0,0,,
16/02/20,02:12:20,Secador 1,18,2002160205,204,0,0,0,0,0,0,0,0,0,0,0,0,0,0,,0,0,0,0,0,0,0,0,0,,
16/02/20,02:13:52,Secador 12,18,2002160205,197,0,0,0,0,0,0,0,0,0,0,0,0,0,0,,0,0,0,0,0,0,0,0,0,,
16/02/20,02:15:36,Secador 12,18,2002160205,202,0,0,0,0,0,0,0,0,0,0,0,0,0,0,,0,0,0,0,0,0,0,0,0,,
16/02/20,02:16:25,Secador 12,18,2002160205,203,0,0,0,0,0,0,0,0,0,0,0,0,0,0,,0,0,0,0,0,0,0,0,0,,
16/02/20,02:17:09,Secador 12,18,2002160205,201,0,0,0,0,0,0,0,0,0,0,0,0,0,0,,0,0,0,0,0,0,0,0,0,,
16/02/20,02:17:53,Secador 12,18,2002160205,200,0,0,0,0,0,0,0,0,0,0,0,0,0,0,,0,0,0,0,0,0,0,0,0,,
16/02/20,02:18:38,Secador 12,18,2002160205,199,0,0,0,0,0,0,0,0,0,0,0,0,0,0,,0,0,0,0,0,0,0,0,0,,
16/02/20,02:19:27,Secador 12,18,2002160205,199,0,0,0,0,0,0,0,0,0,0,0,0,0,0,,0,0,0,0,0,0,0,0,0,,
16/02/20,02:20:15,Secador 12,18,2002160205,202,0,0,0,0,0,0,0,0,0,0,0,0,0,0,,0,0,0,0,0,0,0,0,0,,
16/02/20,02:20:59,Secador 12,18,2002160205,199,0,0,0,0,0,0,0,0,0,0,0,0,0,0,,0,0,0,0,0,0,0,0,0,,
16/02/20,02:21:44,Secador 12,18,2002160205,200,0,0,0,0,0,0,0,0,0,0,0,0,0,0,,0,0,0,0,0,0,0,0,0,,
16/02/20,02:22:29,Secador 12,18,2002160205,200,0,0,0,0,0,0,0,0,0,0,0,0,0,0,,0,0,0,0,0,0,0,0,0,,
16/02/20,02:23:13,Secador 12,18,2002160205,201,0,0,0,0,0,0,0,0,0,0,0,0,0,0,,0,0,0,0,0,0,0,0,0,,
16/02/20,02:23:57,Secador 12,18,2002160205,199,0,0,0,0,0,0,0,0,0,0,0,0,0,0,,0,0,0,0,0,0,0,0,0,,
16/02/20,02:24:41,Secador 12,18,2002160205,200,0,0,0,0,0,0,0,0,0,0,0,0,0,0,,0,0,0,0,0,0,0,0,0,,
16/02/20,02:25:26,Secador 12,18,2002160205,200,0,0,0,0,0,0,0,0,0,0,0,0,0,0,,0,0,0,0,0,0,0,0,0,,
16/02/20,02:26:12,Secador 12,18,2002160205,202,0,0,0,0,0,0,0,0,0,0,0,0,0,0,,0,0,0,0,0,0,0,0,0,,
16/02/20,02:26:56,Secador 12,18,2002160205,198,0,0,0,0,0,0,0,0,0,0,0,0,0,0,,0,0,0,0,0,0,0,0,0,,
16/02/20,02:27:43,Secador 12,18,2002160205,200,0,0,0,0,0,0,0,0,0,0,0,0,0,0,,0,0,0,0,0,0,0,0,0,,
16/02/20,02:28:28,Secador 12,18,2002160205,200,0,0,0,0,0,0,0,0,0,0,0,0,0,0,,0,0,0,0,0,0,0,0,0,,
16/02/20,02:29:14,Secador 12,18,2002160205,200,0,0,0,0,0,0,0,0,0,0,0,0,0,0,,0,0,0,0,0,0,0,0,0,,
16/02/20,02:30:04,Secador 12,18,2002160205,199,0,0,0,0,0,0,0,0,0,0,0,0,0,0,,0,0,0,0,0,0,0,0,0,,
16/02/20,02:30:57,Secador 12,18,2002160205,202,0,0,0,0,0,0,0,0,0,0,0,0,0,0,,0,0,0,0,0,0,0,0,0,,
16/02/20,02:31:54,Secador 12,18,2002160205,198,0,0,0,0,0,0,0,0,0,0,0,0,0,0,,0,0,0,0,0,0,0,0,0,,
16/02/20,02:32:47,Secador 12,18,2002160205,200,0,0,0,0,0,0,0,0,0,0,0,0,0,0,,0,0,0,0,0,0,0,0,0,,
16/02/20,02:33:42,Secador 12,18,2002160205,200,0,0,0,0,0,0,0,0,0,0,0,0,0,0,,0,0,0,0,0,0,0,0,0,,
16/02/20,02:34:35,Secador 12,18,2002160205,201,0,0,0,0,0,0,0,0,0,0,0,0,0,0,,0,0,0,0,0,0,0,0,0,,
16/02/20,02:35:28,Secador 12,18,2002160205,199,0,0,0,0,0,0,0,0,0,0,0,0,0,0,,0,0,0,0,0,0,0,0,0,,
16/02/20,02:36:22,Secador 12,18,2002160205,199,0,0,0,0,0,0,0,0,0,0,0,0,0,0,,0,0,0,0,0,0,0,0,0,,
16/02/20,02:37:18,Secador 12,18,2002160205,201,0,0,0,0,0,0,0,0,0,0,0,0,0,0,,0,0,0,0,0,0,0,0,0,,
16/02/20,02:38:12,Secador 12,18,2002160205,200,0,0,0,0,0,0,0,0,0,0,0,0,0,0,,0,0,0,0,0,0,0,0,0,,
16/02/20,02:39:06,Secador 12,18,2002160205,200,0,0,0,0,0,0,0,0,0,0,0,0,0,0,,0,0,0,0,0,0,0,0,0,,
16/02/20,02:40:00,Secador 12,18,2002160205,200,0,0,0,0,0,0,0,0,0,0,0,0,0,0,,0,0,0,0,0,0,0,0,0,,
16/02/20,02:40:54,Secador 12,18,2002160205,200,0,0,0,0,0,0,0,0,0,0,0,0,0,0,,0,0,0,0,0,0,0,0,0,,
16/02/20,02:41:48,Secador 12,18,2002160205,200,0,0,0,0,0,0,0,0,0,0,0,0,0,0,,0,0,0,0,0,0,0,0,0,,
16/02/20,02:42:40,Secador 12,18,2002160205,201,0,0,0,0,0,0,0,0,0,0,0,0,0,0,,0,0,0,0,0,0,0,0,0,,
16/02/20,02:43:36,Secador 12,18,2002160205,198,0,0,0,0,0,0,0,0,0,0,0,0,0,0,,0,0,0,0,0,0,0,0,0,,
16/02/20,02:44:33,Secador 12,18,2002160205,201,0,0,0,0,0,0,0,0,0,0,0,0,0,0,,0,0,0,0,0,0,0,0,0,,
16/02/20,02:45:23,Secador 12,18,2002160205,201,0,0,0,0,0,0,0,0,0,0,0,0,0,0,,0,0,0,0,0,0,0,0,0,,
16/02/20,02:46:09,Secador 12,18,2002160205,200,0,0,0,0,0,0,0,0,0,0,0,0,0,0,,0,0,0,0,0,0,0,0,0,,
16/02/20,02:46:57,Secador 12,18,2002160205,199,0,0,0,0,0,0,0,0,0,0,0,0,0,0,,0,0,0,0,0,0,0,0,0,,
16/02/20,02:47:47,Secador 12,18,2002160205,201,0,0,0,0,0,0,0,0,0,0,0,0,0,0,,0,0,0,0,0,0,0,0,0,,
16/02/20,02:48:35,Secador 12,18,2002160205,200,0,0,0,0,0,0,0,0,0,0,0,0,0,0,,0,0,0,0,0,0,0,0,0,,
16/02/20,02:49:22,Secador 12,18,2002160205,200,0,0,0,0,0,0,0,0,0,0,0,0,0,0,,0,0,0,0,0,0,0,0,0,,
16/02/20,02:50:09,Secador 12,18,2002160205,199,0,0,0,0,0,0,0,0,0,0,0,0,0,0,,0,0,0,0,0,0,0,0,0,,
16/02/20,02:50:58,Secador 12,18,2002160205,200,0,0,0,0,0,0,0,0,0,0,0,0,0,0,,0,0,0,0,0,0,0,0,0,,
16/02/20,02:51:49,Secador 12,18,2002160205,202,0,0,0,0,0,0,0,0,0,0,0,0,0,0,,0,0,0,0,0,0,0,0,0,,
16/02/20,02:52:37,Secador 12,18,2002160205,199,0,0,0,0,0,0,0,0,0,0,0,0,0,0,,0,0,0,0,0,0,0,0,0,,
16/02/20,02:53:24,Secador 12,18,2002160205,201,0,0,0,0,0,0,0,0,0,0,0,0,0,0,,0,0,0,0,0,0,0,0,0,,
16/02/20,02:54:10,Secador 12,18,2002160205,200,0,0,0,0,0,0,0,0,0,0,0,0,0,0,,0,0,0,0,0,0,0,0,0,,
16/02/20,02:54:57,Secador 12,18,2002160205,200,0,0,0,0,0,0,0,0,0,0,0,0,0,0,,0,0,0,0,0,0,0,0,0,,
16/02/20,02:55:42,Secador 12,18,2002160205,201,0,0,0,0,0,0,0,0,0,0,0,0,0,0,,0,0,0,0,0,0,0,0,0,,
16/02/20,02:56:27,Secador 12,18,2002160205,198,0,0,0,0,0,0,0,0,0,0,0,0,0,0,,0,0,0,0,0,0,0,0,0,,
16/02/20,02:57:12,Secador 12,18,2002160205,200,0,0,0,0,0,0,0,0,0,0,0,0,0,0,,0,0,0,0,0,0,0,0,0,,
16/02/20,02:57:58,Secador 12,18,2002160205,200,0,0,0,0,0,0,0,0,0,0,0,0,0,0,,0,0,0,0,0,0,0,0,0,,
16/02/20,02:58:46,Secador 12,18,2002160205,200,0,0,0,0,0,0,0,0,0,0,0,0,0,0,,0,0,0,0,0,0,0,0,0,,
16/02/20,02:59:33,Secador 12,18,2002160205,199,0,0,0,0,0,0,0,0,0,0,0,0,0,0,,0,0,0,0,0,0,0,0,0,,
16/02/20,03:00:19,Secador 12,18,2002160205,201,0,0,0,0,0,0,0,0,0,0,0,0,0,0,,0,0,0,0,0,0,0,0,0,,
16/02/20,03:01:07,Secador 12,18,2002160205,201,0,0,0,0,0,0,0,0,0,0,0,0,0,0,,0,0,0,0,0,0,0,0,0,,
16/02/20,03:01:55,Secador 12,18,2002160205,200,0,0,0,0,0,0,0,0,0,0,0,0,0,0,,0,0,0,0,0,0,0,0,0,,
16/02/20,03:02:43,Secador 12,18,2002160205,198,0,0,0,0,0,0,0,0,0,0,0,0,0,0,,0,0,0,0,0,0,0,0,0,,
16/02/20,03:03:32,Secador 12,18,2002160205,202,0,0,0,0,0,0,0,0,0,0,0,0,0,0,,0,0,0,0,0,0,0,0,0,,
16/02/20,03:04:21,Secador 12,18,2002160205,199,0,0,0,0,0,0,0,0,0,0,0,0,0,0,,0,0,0,0,0,0,0,0,0,,
16/02/20,03:05:11,Secador 12,18,2002160205,200,0,0,0,0,0,0,0,0,0,0,0,0,0,0,,0,0,0,0,0,0,0,0,0,,
16/02/20,03:06:00,Secador 12,18,2002160205,200,0,0,0,0,0,0,0,0,0,0,0,0,0,0,,0,0,0,0,0,0,0,0,0,,
16/02/20,03:06:49,Secador 12,18,2002160205,200,0,0,0,0,0,0,0,0,0,0,0,0,0,0,,0,0,0,0,0,0,0,0,0,,
16/02/20,03:07:38,Secador 12,18,2002160205,199,0,0,0,0,0,0,0,0,0,0,0,0,0,0,,0,0,0,0,0,0,0,0,0,,
16/02/20,03:08:29,Secador 12,18,2002160205,200,0,0,0,0,0,0,0,0,0,0,0,0,0,0,,0,0,0,0,0,0,0,0,0,,
16/02/20,03:12:19,Secador 12,18,2002160205,184,0,0,0,0,0,0,0,0,0,0,0,0,0,0,,0,0,0,0,0,0,0,0,0,,
16/02/20,03:35:24,Secador 7,8,2002160329,198,0,0,0,0,0,0,0,0,0,0,0,0,0,0,,0,0,0,0,0,0,0,0,0,,
16/02/20,03:37:22,Secador 7,8,2002160329,198,0,0,0,0,0,0,0,0,0,0,0,0,0,0,,0,0,0,0,0,0,0,0,0,,
16/02/20,03:38:58,Secador 7,8,2002160329,200,0,0,0,0,0,0,0,0,0,0,0,0,0,0,,0,0,0,0,0,0,0,0,0,,
16/02/20,03:40:17,Secador 7,8,2002160329,201,0,0,0,0,0,0,0,0,0,0,0,0,0,0,,0,0,0,0,0,0,0,0,0,,
16/02/20,03:41:34,Secador 7,8,2002160329,200,0,0,0,0,0,0,0,0,0,0,0,0,0,0,,0,0,0,0,0,0,0,0,0,,
16/02/20,03:42:39,Secador 7,8,2002160329,202,0,0,0,0,0,0,0,0,0,0,0,0,0,0,,0,0,0,0,0,0,0,0,0,,
16/02/20,03:43:45,Secador 7,8,2002160329,198,0,0,0,0,0,0,0,0,0,0,0,0,0,0,,0,0,0,0,0,0,0,0,0,,
16/02/20,03:44:50,Secador 7,8,2002160329,202,0,0,0,0,0,0,0,0,0,0,0,0,0,0,,0,0,0,0,0,0,0,0,0,,
16/02/20,03:45:55,Secador 7,8,2002160329,199,0,0,0,0,0,0,0,0,0,0,0,0,0,0,,0,0,0,0,0,0,0,0,0,,
16/02/20,03:47:11,Secador 7,8,2002160329,199,0,0,0,0,0,0,0,0,0,0,0,0,0,0,,0,0,0,0,0,0,0,0,0,,
16/02/20,03:48:25,Secador 7,18,2002160329,202,0,0,0,0,0,0,0,0,0,0,0,0,0,0,,0,0,0,0,0,0,0,0,0,,
16/02/20,03:49:33,Secador 7,18,2002160329,197,0,0,0,0,0,0,0,0,0,0,0,0,0,0,,0,0,0,0,0,0,0,0,0,,
16/02/20,03:50:46,Secador 7,18,2002160329,201,0,0,0,0,0,0,0,0,0,0,0,0,0,0,,0,0,0,0,0,0,0,0,0,,
16/02/20,03:52:01,Secador 7,18,2002160329,201,0,0,0,0,0,0,0,0,0,0,0,0,0,0,,0,0,0,0,0,0,0,0,0,,
16/02/20,03:53:14,Secador 7,18,2002160329,199,0,0,0,0,0,0,0,0,0,0,0,0,0,0,,0,0,0,0,0,0,0,0,0,,
16/02/20,03:54:30,Secador 7,18,2002160329,200,0,0,0,0,0,0,0,0,0,0,0,0,0,0,,0,0,0,0,0,0,0,0,0,,
16/02/20,03:55:38,Secador 7,18,2002160329,202,0,0,0,0,0,0,0,0,0,0,0,0,0,0,,0,0,0,0,0,0,0,0,0,,
16/02/20,03:56:41,Secador 7,18,2002160329,199,0,0,0,0,0,0,0,0,0,0,0,0,0,0,,0,0,0,0,0,0,0,0,0,,
16/02/20,03:57:42,Secador 7,18,2002160329,201,0,0,0,0,0,0,0,0,0,0,0,0,0,0,,0,0,0,0,0,0,0,0,0,,
16/02/20,03:58:43,Secador 7,18,2002160329,199,0,0,0,0,0,0,0,0,0,0,0,0,0,0,,0,0,0,0,0,0,0,0,0,,
16/02/20,03:59:51,Secador 7,18,2002160329,200,0,0,0,0,0,0,0,0,0,0,0,0,0,0,,0,0,0,0,0,0,0,0,0,,
16/02/20,04:00:56,Secador 7,18,2002160329,201,0,0,0,0,0,0,0,0,0,0,0,0,0,0,,0,0,0,0,0,0,0,0,0,,
16/02/20,04:02:01,Secador 7,18,2002160329,200,0,0,0,0,0,0,0,0,0,0,0,0,0,0,,0,0,0,0,0,0,0,0,0,,
16/02/20,04:03:03,Secador 7,18,2002160329,199,0,0,0,0,0,0,0,0,0,0,0,0,0,0,,0,0,0,0,0,0,0,0,0,,
16/02/20,04:04:07,Secador 7,18,2002160329,203,0,0,0,0,0,0,0,0,0,0,0,0,0,0,,0,0,0,0,0,0,0,0,0,,
16/02/20,04:05:12,Secador 7,18,2002160329,195,0,0,0,0,0,0,0,0,0,0,0,0,0,0,,0,0,0,0,0,0,0,0,0,,
16/02/20,04:06:21,Secador 7,18,2002160329,202,0,0,0,0,0,0,0,0,0,0,0,0,0,0,,0,0,0,0,0,0,0,0,0,,
16/02/20,04:07:28,Secador 7,18,2002160329,200,0,0,0,0,0,0,0,0,0,0,0,0,0,0,,0,0,0,0,0,0,0,0,0,,
16/02/20,04:08:30,Secador 7,18,2002160329,200,0,0,0,0,0,0,0,0,0,0,0,0,0,0,,0,0,0,0,0,0,0,0,0,,
16/02/20,04:09:35,Secador 7,18,2002160329,200,0,0,0,0,0,0,0,0,0,0,0,0,0,0,,0,0,0,0,0,0,0,0,0,,
16/02/20,04:10:40,Secador 7,18,2002160329,199,0,0,0,0,0,0,0,0,0,0,0,0,0,0,,0,0,0,0,0,0,0,0,0,,
16/02/20,04:11:45,Secador 7,18,2002160329,200,0,0,0,0,0,0,0,0,0,0,0,0,0,0,,0,0,0,0,0,0,0,0,0,,
16/02/20,04:12:46,Secador 7,18,2002160329,200,0,0,0,0,0,0,0,0,0,0,0,0,0,0,,0,0,0,0,0,0,0,0,0,,
16/02/20,04:14:06,Secador 7,18,2002160329,199,0,0,0,0,0,0,0,0,0,0,0,0,0,0,,0,0,0,0,0,0,0,0,0,,
16/02/20,04:15:19,Secador 7,18,2002160329,201,0,0,0,0,0,0,0,0,0,0,0,0,0,0,,0,0,0,0,0,0,0,0,0,,
16/02/20,04:16:26,Secador 7,18,2002160329,199,0,0,0,0,0,0,0,0,0,0,0,0,0,0,,0,0,0,0,0,0,0,0,0,,
16/02/20,04:17:48,Secador 7,18,2002160329,202,0,0,0,0,0,0,0,0,0,0,0,0,0,0,,0,0,0,0,0,0,0,0,0,,
16/02/20,04:18:58,Secador 7,18,2002160329,199,0,0,0,0,0,0,0,0,0,0,0,0,0,0,,0,0,0,0,0,0,0,0,0,,
16/02/20,04:20:20,Secador 7,18,2002160329,200,0,0,0,0,0,0,0,0,0,0,0,0,0,0,,0,0,0,0,0,0,0,0,0,,
16/02/20,04:21:34,Secador 7,18,2002160329,198,0,0,0,0,0,0,0,0,0,0,0,0,0,0,,0,0,0,0,0,0,0,0,0,,
16/02/20,04:24:01,Secador 7,18,2002160329,202,0,0,0,0,0,0,0,0,0,0,0,0,0,0,,0,0,0,0,0,0,0,0,0,,
16/02/20,04:25:19,Secador 7,18,2002160329,200,0,0,0,0,0,0,0,0,0,0,0,0,0,0,,0,0,0,0,0,0,0,0,0,,
16/02/20,04:26:29,Secador 7,18,2002160329,200,0,0,0,0,0,0,0,0,0,0,0,0,0,0,,0,0,0,0,0,0,0,0,0,,
16/02/20,04:27:44,Secador 7,18,2002160329,199,0,0,0,0,0,0,0,0,0,0,0,0,0,0,,0,0,0,0,0,0,0,0,0,,
16/02/20,04:29:18,Secador 7,18,2002160329,199,0,0,0,0,0,0,0,0,0,0,0,0,0,0,,0,0,0,0,0,0,0,0,0,,
16/02/20,04:30:57,Secador 7,18,2002160329,203,0,0,0,0,0,0,0,0,0,0,0,0,0,0,,0,0,0,0,0,0,0,0,0,,
16/02/20,04:32:01,Secador 7,18,2002160329,202,0,0,0,0,0,0,0,0,0,0,0,0,0,0,,0,0,0,0,0,0,0,0,0,,
16/02/20,04:32:58,Secador 7,18,2002160329,197,0,0,0,0,0,0,0,0,0,0,0,0,0,0,,0,0,0,0,0,0,0,0,0,,
16/02/20,04:53:11,Secador 7,18,2002160329,127,0,0,0,0,0,0,0,0,0,0,0,0,0,0,,0,0,0,0,0,0,0,0,0,,
16/02/20,09:50:03,Secador 3,24,2002160943,210,0,0,0,0,0,0,0,0,0,0,0,0,0,0,,0,0,0,0,0,0,0,0,0,,
16/02/20,09:50:31,Secador 3,24,2002160943,191,0,0,0,0,0,0,0,0,0,0,0,0,0,0,,0,0,0,0,0,0,0,0,0,,
16/02/20,09:50:57,Secador 3,24,2002160943,197,0,0,0,0,0,0,0,0,0,0,0,0,0,0,,0,0,0,0,0,0,0,0,0,,
16/02/20,09:51:22,Secador 3,24,2002160943,200,0,0,0,0,0,0,0,0,0,0,0,0,0,0,,0,0,0,0,0,0,0,0,0,,
16/02/20,09:51:47,Secador 3,24,2002160943,201,0,0,0,0,0,0,0,0,0,0,0,0,0,0,,0,0,0,0,0,0,0,0,0,,
16/02/20,09:52:12,Secador 3,24,2002160943,198,0,0,0,0,0,0,0,0,0,0,0,0,0,0,,0,0,0,0,0,0,0,0,0,,
16/02/20,09:52:37,Secador 3,24,2002160943,200,0,0,0,0,0,0,0,0,0,0,0,0,0,0,,0,0,0,0,0,0,0,0,0,,
16/02/20,09:53:01,Secador 3,24,2002160943,201,0,0,0,0,0,0,0,0,0,0,0,0,0,0,,0,0,0,0,0,0,0,0,0,,
16/02/20,09:53:26,Secador 3,24,2002160943,200,0,0,0,0,0,0,0,0,0,0,0,0,0,0,,0,0,0,0,0,0,0,0,0,,
16/02/20,09:53:50,Secador 3,24,2002160943,200,0,0,0,0,0,0,0,0,0,0,0,0,0,0,,0,0,0,0,0,0,0,0,0,,
16/02/20,09:54:13,Secador 3,24,2002160943,199,0,0,0,0,0,0,0,0,0,0,0,0,0,0,,0,0,0,0,0,0,0,0,0,,
16/02/20,09:54:38,Secador 3,24,2002160943,201,0,0,0,0,0,0,0,0,0,0,0,0,0,0,,0,0,0,0,0,0,0,0,0,,
16/02/20,09:55:02,Secador 3,24,2002160943,200,0,0,0,0,0,0,0,0,0,0,0,0,0,0,,0,0,0,0,0,0,0,0,0,,
16/02/20,09:55:26,Secador 3,24,2002160943,200,0,0,0,0,0,0,0,0,0,0,0,0,0,0,,0,0,0,0,0,0,0,0,0,,
16/02/20,09:55:50,Secador 3,24,2002160943,199,0,0,0,0,0,0,0,0,0,0,0,0,0,0,,0,0,0,0,0,0,0,0,0,,
16/02/20,09:56:15,Secador 3,24,2002160943,200,0,0,0,0,0,0,0,0,0,0,0,0,0,0,,0,0,0,0,0,0,0,0,0,,
16/02/20,09:56:40,Secador 3,24,2002160943,199,0,0,0,0,0,0,0,0,0,0,0,0,0,0,,0,0,0,0,0,0,0,0,0,,
16/02/20,09:57:06,Secador 3,24,2002160943,205,0,0,0,0,0,0,0,0,0,0,0,0,0,0,,0,0,0,0,0,0,0,0,0,,
16/02/20,09:57:35,Secador 3,24,2002160943,201,0,0,0,0,0,0,0,0,0,0,0,0,0,0,,0,0,0,0,0,0,0,0,0,,
16/02/20,09:58:34,Secador 3,24,2002160943,203,0,0,0,0,0,0,0,0,0,0,0,0,0,0,,0,0,0,0,0,0,0,0,0,,
16/02/20,09:59:24,Secador 3,24,2002160943,199,0,0,0,0,0,0,0,0,0,0,0,0,0,0,,0,0,0,0,0,0,0,0,0,,
16/02/20,10:00:14,Secador 3,24,2002160943,201,0,0,0,0,0,0,0,0,0,0,0,0,0,0,,0,0,0,0,0,0,0,0,0,,
16/02/20,10:01:03,Secador 3,24,2002160943,199,0,0,0,0,0,0,0,0,0,0,0,0,0,0,,0,0,0,0,0,0,0,0,0,,
16/02/20,10:01:51,Secador 3,24,2002160943,200,0,0,0,0,0,0,0,0,0,0,0,0,0,0,,0,0,0,0,0,0,0,0,0,,
16/02/20,10:02:38,Secador 3,24,2002160943,200,0,0,0,0,0,0,0,0,0,0,0,0,0,0,,0,0,0,0,0,0,0,0,0,,
16/02/20,10:03:26,Secador 3,24,2002160943,201,0,0,0,0,0,0,0,0,0,0,0,0,0,0,,0,0,0,0,0,0,0,0,0,,
16/02/20,10:04:16,Secador 3,24,2002160943,199,0,0,0,0,0,0,0,0,0,0,0,0,0,0,,0,0,0,0,0,0,0,0,0,,
16/02/20,10:05:12,Secador 3,24,2002160943,199,0,0,0,0,0,0,0,0,0,0,0,0,0,0,,0,0,0,0,0,0,0,0,0,,
16/02/20,10:06:09,Secador 3,24,2002160943,198,0,0,0,0,0,0,0,0,0,0,0,0,0,0,,0,0,0,0,0,0,0,0,0,,
16/02/20,10:07:10,Secador 3,24,2002160943,200,0,0,0,0,0,0,0,0,0,0,0,0,0,0,,0,0,0,0,0,0,0,0,0,,
16/02/20,10:08:09,Secador 3,24,2002160943,203,0,0,0,0,0,0,0,0,0,0,0,0,0,0,,0,0,0,0,0,0,0,0,0,,
16/02/20,10:09:06,Secador 3,24,2002160943,198,0,0,0,0,0,0,0,0,0,0,0,0,0,0,,0,0,0,0,0,0,0,0,0,,
16/02/20,10:10:04,Secador 3,24,2002160943,202,0,0,0,0,0,0,0,0,0,0,0,0,0,0,,0,0,0,0,0,0,0,0,0,,
16/02/20,10:10:49,Secador 3,24,2002160943,200,0,0,0,0,0,0,0,0,0,0,0,0,0,0,,0,0,0,0,0,0,0,0,0,,
16/02/20,10:11:32,Secador 3,24,2002160943,194,0,0,0,0,0,0,0,0,0,0,0,0,0,0,,0,0,0,0,0,0,0,0,0,,
16/02/20,10:12:14,Secador 3,24,2002160943,200,0,0,0,0,0,0,0,0,0,0,0,0,0,0,,0,0,0,0,0,0,0,0,0,,
16/02/20,10:12:52,Secador 3,24,2002160943,207,0,0,0,0,0,0,0,0,0,0,0,0,0,0,,0,0,0,0,0,0,0,0,0,,
16/02/20,10:13:30,Secador 3,24,2002160943,193,0,0,0,0,0,0,0,0,0,0,0,0,0,0,,0,0,0,0,0,0,0,0,0,,
16/02/20,10:14:09,Secador 3,24,2002160943,201,0,0,0,0,0,0,0,0,0,0,0,0,0,0,,0,0,0,0,0,0,0,0,0,,
16/02/20,10:14:49,Secador 3,24,2002160943,199,0,0,0,0,0,0,0,0,0,0,0,0,0,0,,0,0,0,0,0,0,0,0,0,,
16/02/20,10:15:28,Secador 3,24,2002160943,201,0,0,0,0,0,0,0,0,0,0,0,0,0,0,,0,0,0,0,0,0,0,0,0,,
16/02/20,10:16:06,Secador 3,24,2002160943,199,0,0,0,0,0,0,0,0,0,0,0,0,0,0,,0,0,0,0,0,0,0,0,0,,
16/02/20,10:16:46,Secador 3,24,2002160943,201,0,0,0,0,0,0,0,0,0,0,0,0,0,0,,0,0,0,0,0,0,0,0,0,,
16/02/20,10:17:23,Secador 3,24,2002160943,199,0,0,0,0,0,0,0,0,0,0,0,0,0,0,,0,0,0,0,0,0,0,0,0,,
16/02/20,10:18:01,Secador 3,24,2002160943,201,0,0,0,0,0,0,0,0,0,0,0,0,0,0,,0,0,0,0,0,0,0,0,0,,
16/02/20,10:18:39,Secador 3,24,2002160943,200,0,0,0,0,0,0,0,0,0,0,0,0,0,0,,0,0,0,0,0,0,0,0,0,,
16/02/20,10:19:17,Secador 3,24,2002160943,201,0,0,0,0,0,0,0,0,0,0,0,0,0,0,,0,0,0,0,0,0,0,0,0,,
16/02/20,10:19:54,Secador 3,24,2002160943,207,0,0,0,0,0,0,0,0,0,0,0,0,0,0,,0,0,0,0,0,0,0,0,0,,
16/02/20,10:20:30,Secador 3,24,2002160943,192,0,0,0,0,0,0,0,0,0,0,0,0,0,0,,0,0,0,0,0,0,0,0,0,,
16/02/20,10:21:08,Secador 3,24,2002160943,206,0,0,0,0,0,0,0,0,0,0,0,0,0,0,,0,0,0,0,0,0,0,0,0,,
16/02/20,10:21:47,Secador 3,24,2002160943,194,0,0,0,0,0,0,0,0,0,0,0,0,0,0,,0,0,0,0,0,0,0,0,0,,
16/02/20,10:22:24,Secador 3,24,2002160943,200,0,0,0,0,0,0,0,0,0,0,0,0,0,0,,0,0,0,0,0,0,0,0,0,,
16/02/20,10:23:01,Secador 3,24,2002160943,200,0,0,0,0,0,0,0,0,0,0,0,0,0,0,,0,0,0,0,0,0,0,0,0,,
16/02/20,10:23:38,Secador 3,24,2002160943,200,0,0,0,0,0,0,0,0,0,0,0,0,0,0,,0,0,0,0,0,0,0,0,0,,
16/02/20,10:24:15,Secador 3,24,2002160943,201,0,0,0,0,0,0,0,0,0,0,0,0,0,0,,0,0,0,0,0,0,0,0,0,,
16/02/20,10:24:53,Secador 3,24,2002160943,198,0,0,0,0,0,0,0,0,0,0,0,0,0,0,,0,0,0,0,0,0,0,0,0,,
16/02/20,10:25:33,Secador 3,24,2002160943,208,0,0,0,0,0,0,0,0,0,0,0,0,0,0,,0,0,0,0,0,0,0,0,0,,
16/02/20,10:26:11,Secador 3,24,2002160943,192,0,0,0,0,0,0,0,0,0,0,0,0,0,0,,0,0,0,0,0,0,0,0,0,,
16/02/20,10:26:54,Secador 3,24,2002160943,206,0,0,0,0,0,0,0,0,0,0,0,0,0,0,,0,0,0,0,0,0,0,0,0,,
16/02/20,10:27:34,Secador 3,24,2002160943,195,0,0,0,0,0,0,0,0,0,0,0,0,0,0,,0,0,0,0,0,0,0,0,0,,
16/02/20,10:28:11,Secador 3,24,2002160943,200,0,0,0,0,0,0,0,0,0,0,0,0,0,0,,0,0,0,0,0,0,0,0,0,,
16/02/20,10:28:52,Secador 3,24,2002160943,206,0,0,0,0,0,0,0,0,0,0,0,0,0,0,,0,0,0,0,0,0,0,0,0,,
16/02/20,10:29:35,Secador 3,24,2002160943,193,0,0,0,0,0,0,0,0,0,0,0,0,0,0,,0,0,0,0,0,0,0,0,0,,
16/02/20,10:30:14,Secador 3,24,2002160943,200,0,0,0,0,0,0,0,0,0,0,0,0,0,0,,0,0,0,0,0,0,0,0,0,,
16/02/20,10:30:53,Secador 3,24,2002160943,202,0,0,0,0,0,0,0,0,0,0,0,0,0,0,,0,0,0,0,0,0,0,0,0,,
16/02/20,10:31:29,Secador 3,24,2002160943,199,0,0,0,0,0,0,0,0,0,0,0,0,0,0,,0,0,0,0,0,0,0,0,0,,
16/02/20,10:32:06,Secador 3,24,2002160943,199,0,0,0,0,0,0,0,0,0,0,0,0,0,0,,0,0,0,0,0,0,0,0,0,,
16/02/20,10:32:53,Secador 3,24,2002160943,206,0,0,0,0,0,0,0,0,0,0,0,0,0,0,,0,0,0,0,0,0,0,0,0,,
16/02/20,10:33:38,Secador 3,24,2002160943,201,0,0,0,0,0,0,0,0,0,0,0,0,0,0,,0,0,0,0,0,0,0,0,0,,
16/02/20,10:34:23,Secador 3,24,2002160943,200,0,0,0,0,0,0,0,0,0,0,0,0,0,0,,0,0,0,0,0,0,0,0,0,,
16/02/20,10:35:08,Secador 3,24,2002160943,200,0,0,0,0,0,0,0,0,0,0,0,0,0,0,,0,0,0,0,0,0,0,0,0,,
16/02/20,10:39:14,Secador 3,24,2002160943,180,0,0,0,0,0,0,0,0,0,0,0,0,0,0,,0,0,0,0,0,0,0,0,0,,
16/02/20,11:35:15,Secador 4,21,2002161131,198,0,0,0,0,0,0,0,0,0,0,0,0,0,0,,0,0,0,0,0,0,0,0,0,,
16/02/20,11:36:12,Secador 4,21,2002161131,202,0,0,0,0,0,0,0,0,0,0,0,0,0,0,,0,0,0,0,0,0,0,0,0,,
16/02/20,11:37:09,Secador 4,21,2002161131,198,0,0,0,0,0,0,0,0,0,0,0,0,0,0,,0,0,0,0,0,0,0,0,0,,
16/02/20,11:38:07,Secador 4,21,2002161131,199,0,0,0,0,0,0,0,0,0,0,0,0,0,0,,0,0,0,0,0,0,0,0,0,,
16/02/20,11:39:07,Secador 4,21,2002161131,200,0,0,0,0,0,0,0,0,0,0,0,0,0,0,,0,0,0,0,0,0,0,0,0,,
16/02/20,11:40:05,Secador 4,21,2002161131,201,0,0,0,0,0,0,0,0,0,0,0,0,0,0,,0,0,0,0,0,0,0,0,0,,
16/02/20,11:41:03,Secador 4,21,2002161131,199,0,0,0,0,0,0,0,0,0,0,0,0,0,0,,0,0,0,0,0,0,0,0,0,,
16/02/20,11:42:00,Secador 4,21,2002161131,200,0,0,0,0,0,0,0,0,0,0,0,0,0,0,,0,0,0,0,0,0,0,0,0,,
16/02/20,11:43:00,Secador 4,21,2002161131,200,0,0,0,0,0,0,0,0,0,0,0,0,0,0,,0,0,0,0,0,0,0,0,0,,
16/02/20,11:44:07,Secador 4,21,2002161131,201,0,0,0,0,0,0,0,0,0,0,0,0,0,0,,0,0,0,0,0,0,0,0,0,,
16/02/20,11:44:49,Secador 4,21,2002161131,195,0,0,0,0,0,0,0,0,0,0,0,0,0,0,,0,0,0,0,0,0,0,0,0,,
16/02/20,11:45:30,Secador 4,21,2002161131,207,0,0,0,0,0,0,0,0,0,0,0,0,0,0,,0,0,0,0,0,0,0,0,0,,
16/02/20,11:46:10,Secador 4,21,2002161131,201,0,0,0,0,0,0,0,0,0,0,0,0,0,0,,0,0,0,0,0,0,0,0,0,,
16/02/20,11:46:51,Secador 4,21,2002161131,194,0,0,0,0,0,0,0,0,0,0,0,0,0,0,,0,0,0,0,0,0,0,0,0,,
16/02/20,11:47:31,Secador 4,21,2002161131,205,0,0,0,0,0,0,0,0,0,0,0,0,0,0,,0,0,0,0,0,0,0,0,0,,
16/02/20,11:48:12,Secador 4,21,2002161131,199,0,0,0,0,0,0,0,0,0,0,0,0,0,0,,0,0,0,0,0,0,0,0,0,,
16/02/20,11:48:53,Secador 4,21,2002161131,195,0,0,0,0,0,0,0,0,0,0,0,0,0,0,,0,0,0,0,0,0,0,0,0,,
16/02/20,11:49:35,Secador 4,21,2002161131,205,0,0,0,0,0,0,0,0,0,0,0,0,0,0,,0,0,0,0,0,0,0,0,0,,
16/02/20,11:50:19,Secador 4,21,2002161131,200,0,0,0,0,0,0,0,0,0,0,0,0,0,0,,0,0,0,0,0,0,0,0,0,,
16/02/20,11:51:09,Secador 4,21,2002161131,200,0,0,0,0,0,0,0,0,0,0,0,0,0,0,,0,0,0,0,0,0,0,0,0,,
16/02/20,11:51:52,Secador 4,21,2002161131,200,0,0,0,0,0,0,0,0,0,0,0,0,0,0,,0,0,0,0,0,0,0,0,0,,
16/02/20,11:52:35,Secador 4,21,2002161131,200,0,0,0,0,0,0,0,0,0,0,0,0,0,0,,0,0,0,0,0,0,0,0,0,,
16/02/20,11:53:17,Secador 4,21,2002161131,201,0,0,0,0,0,0,0,0,0,0,0,0,0,0,,0,0,0,0,0,0,0,0,0,,
16/02/20,11:53:59,Secador 4,21,2002161131,200,0,0,0,0,0,0,0,0,0,0,0,0,0,0,,0,0,0,0,0,0,0,0,0,,
16/02/20,11:54:41,Secador 4,21,2002161131,193,0,0,0,0,0,0,0,0,0,0,0,0,0,0,,0,0,0,0,0,0,0,0,0,,
16/02/20,11:55:23,Secador 4,21,2002161131,207,0,0,0,0,0,0,0,0,0,0,0,0,0,0,,0,0,0,0,0,0,0,0,0,,
16/02/20,11:56:06,Secador 4,21,2002161131,200,0,0,0,0,0,0,0,0,0,0,0,0,0,0,,0,0,0,0,0,0,0,0,0,,
16/02/20,11:56:50,Secador 4,21,2002161131,198,0,0,0,0,0,0,0,0,0,0,0,0,0,0,,0,0,0,0,0,0,0,0,0,,
16/02/20,11:57:33,Secador 4,21,2002161131,195,0,0,0,0,0,0,0,0,0,0,0,0,0,0,,0,0,0,0,0,0,0,0,0,,
16/02/20,11:58:16,Secador 4,21,2002161131,208,0,0,0,0,0,0,0,0,0,0,0,0,0,0,,0,0,0,0,0,0,0,0,0,,
16/02/20,11:58:54,Secador 4,21,2002161131,201,0,0,0,0,0,0,0,0,0,0,0,0,0,0,,0,0,0,0,0,0,0,0,0,,
16/02/20,11:59:30,Secador 4,21,2002161131,192,0,0,0,0,0,0,0,0,0,0,0,0,0,0,,0,0,0,0,0,0,0,0,0,,
16/02/20,12:00:06,Secador 4,21,2002161131,199,0,0,0,0,0,0,0,0,0,0,0,0,0,0,,0,0,0,0,0,0,0,0,0,,
16/02/20,12:00:43,Secador 4,21,2002161131,202,0,0,0,0,0,0,0,0,0,0,0,0,0,0,,0,0,0,0,0,0,0,0,0,,
16/02/20,12:01:18,Secador 4,21,2002161131,200,0,0,0,0,0,0,0,0,0,0,0,0,0,0,,0,0,0,0,0,0,0,0,0,,
16/02/20,12:01:54,Secador 4,21,2002161131,199,0,0,0,0,0,0,0,0,0,0,0,0,0,0,,0,0,0,0,0,0,0,0,0,,
16/02/20,12:02:30,Secador 4,21,2002161131,201,0,0,0,0,0,0,0,0,0,0,0,0,0,0,,0,0,0,0,0,0,0,0,0,,
16/02/20,12:03:00,Secador 4,21,2002161131,200,0,0,0,0,0,0,0,0,0,0,0,0,0,0,,0,0,0,0,0,0,0,0,0,,
16/02/20,12:03:32,Secador 4,21,2002161131,199,0,0,0,0,0,0,0,0,0,0,0,0,0,0,,0,0,0,0,0,0,0,0,0,,
16/02/20,12:04:05,Secador 4,21,2002161131,201,0,0,0,0,0,0,0,0,0,0,0,0,0,0,,0,0,0,0,0,0,0,0,0,,
16/02/20,12:04:40,Secador 4,21,2002161131,200,0,0,0,0,0,0,0,0,0,0,0,0,0,0,,0,0,0,0,0,0,0,0,0,,
16/02/20,12:05:13,Secador 4,21,2002161131,201,0,0,0,0,0,0,0,0,0,0,0,0,0,0,,0,0,0,0,0,0,0,0,0,,
16/02/20,12:05:46,Secador 4,21,2002161131,199,0,0,0,0,0,0,0,0,0,0,0,0,0,0,,0,0,0,0,0,0,0,0,0,,
16/02/20,12:06:19,Secador 4,21,2002161131,198,0,0,0,0,0,0,0,0,0,0,0,0,0,0,,0,0,0,0,0,0,0,0,0,,
16/02/20,12:06:52,Secador 4,21,2002161131,200,0,0,0,0,0,0,0,0,0,0,0,0,0,0,,0,0,0,0,0,0,0,0,0,,
16/02/20,12:07:26,Secador 4,21,2002161131,201,0,0,0,0,0,0,0,0,0,0,0,0,0,0,,0,0,0,0,0,0,0,0,0,,
16/02/20,12:08:01,Secador 4,21,2002161131,201,0,0,0,0,0,0,0,0,0,0,0,0,0,0,,0,0,0,0,0,0,0,0,0,,
16/02/20,12:08:37,Secador 4,21,2002161131,198,0,0,0,0,0,0,0,0,0,0,0,0,0,0,,0,0,0,0,0,0,0,0,0,,
16/02/20,12:09:17,Secador 4,21,2002161131,200,0,0,0,0,0,0,0,0,0,0,0,0,0,0,,0,0,0,0,0,0,0,0,0,,
16/02/20,12:09:57,Secador 4,21,2002161131,206,0,0,0,0,0,0,0,0,0,0,0,0,0,0,,0,0,0,0,0,0,0,0,0,,
16/02/20,12:10:38,Secador 4,21,2002161131,206,0,0,0,0,0,0,0,0,0,0,0,0,0,0,,0,0,0,0,0,0,0,0,0,,
16/02/20,12:11:29,Secador 4,21,2002161131,193,0,0,0,0,0,0,0,0,0,0,0,0,0,0,,0,0,0,0,0,0,0,0,0,,
16/02/20,12:12:10,Secador 4,21,2002161131,197,0,0,0,0,0,0,0,0,0,0,0,0,0,0,,0,0,0,0,0,0,0,0,0,,
16/02/20,12:12:50,Secador 4,21,2002161131,201,0,0,0,0,0,0,0,0,0,0,0,0,0,0,,0,0,0,0,0,0,0,0,0,,
16/02/20,12:13:31,Secador 4,21,2002161131,208,0,0,0,0,0,0,0,0,0,0,0,0,0,0,,0,0,0,0,0,0,0,0,0,,
16/02/20,12:14:23,Secador 4,21,2002161131,201,0,0,0,0,0,0,0,0,0,0,0,0,0,0,,0,0,0,0,0,0,0,0,0,,
16/02/20,12:15:14,Secador 4,21,2002161131,196,0,0,0,0,0,0,0,0,0,0,0,0,0,0,,0,0,0,0,0,0,0,0,0,,
16/02/20,12:15:52,Secador 4,21,2002161131,195,0,0,0,0,0,0,0,0,0,0,0,0,0,0,,0,0,0,0,0,0,0,0,0,,
16/02/20,12:16:29,Secador 4,21,2002161131,204,0,0,0,0,0,0,0,0,0,0,0,0,0,0,,0,0,0,0,0,0,0,0,0,,
16/02/20,12:17:03,Secador 4,21,2002161131,194,0,0,0,0,0,0,0,0,0,0,0,0,0,0,,0,0,0,0,0,0,0,0,0,,
16/02/20,12:19:08,Secador 4,21,2002161131,186,0,0,0,0,0,0,0,0,0,0,0,0,0,0,,0,0,0,0,0,0,0,0,0,,
16/02/20,13:02:34,Secador 2,22,2002161257,219,0,0,0,0,0,0,0,0,0,0,0,0,0,0,,0,0,0,0,0,0,0,0,0,,
16/02/20,13:02:58,Secador 2,22,2002161257,203,0,0,0,0,0,0,0,0,0,0,0,0,0,0,,0,0,0,0,0,0,0,0,0,,
16/02/20,13:03:20,Secador 2,22,2002161257,217,0,0,0,0,0,0,0,0,0,0,0,0,0,0,,0,0,0,0,0,0,0,0,0,,
16/02/20,13:03:39,Secador 2,22,2002161257,214,0,0,0,0,0,0,0,0,0,0,0,0,0,0,,0,0,0,0,0,0,0,0,0,,
16/02/20,13:03:59,Secador 2,22,2002161257,223,0,0,0,0,0,0,0,0,0,0,0,0,0,0,,0,0,0,0,0,0,0,0,0,,
16/02/20,13:04:18,Secador 2,22,2002161257,213,0,0,0,0,0,0,0,0,0,0,0,0,0,0,,0,0,0,0,0,0,0,0,0,,
16/02/20,13:04:49,Secador 2,22,2002161257,207,0,0,0,0,0,0,0,0,0,0,0,0,0,0,,0,0,0,0,0,0,0,0,0,,
16/02/20,13:06:06,Secador 2,22,2002161257,197,0,0,0,0,0,0,0,0,0,0,0,0,0,0,,0,0,0,0,0,0,0,0,0,,
16/02/20,13:07:30,Secador 2,22,2002161257,202,0,0,0,0,0,0,0,0,0,0,0,0,0,0,,0,0,0,0,0,0,0,0,0,,
16/02/20,13:08:29,Secador 2,22,2002161257,203,0,0,0,0,0,0,0,0,0,0,0,0,0,0,,0,0,0,0,0,0,0,0,0,,
16/02/20,13:09:33,Secador 2,22,2002161257,195,0,0,0,0,0,0,0,0,0,0,0,0,0,0,,0,0,0,0,0,0,0,0,0,,
16/02/20,13:11:03,Secador 2,22,2002161257,201,0,0,0,0,0,0,0,0,0,0,0,0,0,0,,0,0,0,0,0,0,0,0,0,,
16/02/20,13:11:49,Secador 2,22,2002161257,199,0,0,0,0,0,0,0,0,0,0,0,0,0,0,,0,0,0,0,0,0,0,0,0,,
16/02/20,13:12:26,Secador 2,22,2002161257,199,0,0,0,0,0,0,0,0,0,0,0,0,0,0,,0,0,0,0,0,0,0,0,0,,
16/02/20,13:13:04,Secador 2,22,2002161257,201,0,0,0,0,0,0,0,0,0,0,0,0,0,0,,0,0,0,0,0,0,0,0,0,,
16/02/20,13:13:43,Secador 2,22,2002161257,207,0,0,0,0,0,0,0,0,0,0,0,0,0,0,,0,0,0,0,0,0,0,0,0,,
16/02/20,13:14:23,Secador 2,22,2002161257,199,0,0,0,0,0,0,0,0,0,0,0,0,0,0,,0,0,0,0,0,0,0,0,0,,
16/02/20,13:15:05,Secador 2,22,2002161257,200,0,0,0,0,0,0,0,0,0,0,0,0,0,0,,0,0,0,0,0,0,0,0,0,,
16/02/20,13:15:46,Secador 2,22,2002161257,193,0,0,0,0,0,0,0,0,0,0,0,0,0,0,,0,0,0,0,0,0,0,0,0,,
16/02/20,13:16:28,Secador 2,22,2002161257,200,0,0,0,0,0,0,0,0,0,0,0,0,0,0,,0,0,0,0,0,0,0,0,0,,
16/02/20,13:17:09,Secador 2,22,2002161257,207,0,0,0,0,0,0,0,0,0,0,0,0,0,0,,0,0,0,0,0,0,0,0,0,,
16/02/20,13:17:49,Secador 2,22,2002161257,193,0,0,0,0,0,0,0,0,0,0,0,0,0,0,,0,0,0,0,0,0,0,0,0,,
16/02/20,13:18:30,Secador 2,22,2002161257,207,0,0,0,0,0,0,0,0,0,0,0,0,0,0,,0,0,0,0,0,0,0,0,0,,
16/02/20,13:19:12,Secador 2,22,2002161257,200,0,0,0,0,0,0,0,0,0,0,0,0,0,0,,0,0,0,0,0,0,0,0,0,,
16/02/20,13:19:52,Secador 2,22,2002161257,194,0,0,0,0,0,0,0,0,0,0,0,0,0,0,,0,0,0,0,0,0,0,0,0,,
16/02/20,13:20:33,Secador 2,22,2002161257,206,0,0,0,0,0,0,0,0,0,0,0,0,0,0,,0,0,0,0,0,0,0,0,0,,
16/02/20,13:21:14,Secador 2,22,2002161257,200,0,0,0,0,0,0,0,0,0,0,0,0,0,0,,0,0,0,0,0,0,0,0,0,,
16/02/20,13:21:56,Secador 2,22,2002161257,200,0,0,0,0,0,0,0,0,0,0,0,0,0,0,,0,0,0,0,0,0,0,0,0,,
16/02/20,13:22:39,Secador 2,22,2002161257,200,0,0,0,0,0,0,0,0,0,0,0,0,0,0,,0,0,0,0,0,0,0,0,0,,
16/02/20,13:23:22,Secador 2,22,2002161257,200,0,0,0,0,0,0,0,0,0,0,0,0,0,0,,0,0,0,0,0,0,0,0,0,,
16/02/20,13:24:05,Secador 2,22,2002161257,193,0,0,0,0,0,0,0,0,0,0,0,0,0,0,,0,0,0,0,0,0,0,0,0,,
16/02/20,13:24:49,Secador 2,22,2002161257,207,0,0,0,0,0,0,0,0,0,0,0,0,0,0,,0,0,0,0,0,0,0,0,0,,
16/02/20,13:25:33,Secador 2,22,2002161257,201,0,0,0,0,0,0,0,0,0,0,0,0,0,0,,0,0,0,0,0,0,0,0,0,,
16/02/20,13:26:17,Secador 2,22,2002161257,199,0,0,0,0,0,0,0,0,0,0,0,0,0,0,,0,0,0,0,0,0,0,0,0,,
16/02/20,13:27:03,Secador 2,22,2002161257,201,0,0,0,0,0,0,0,0,0,0,0,0,0,0,,0,0,0,0,0,0,0,0,0,,
16/02/20,13:27:48,Secador 2,22,2002161257,198,0,0,0,0,0,0,0,0,0,0,0,0,0,0,,0,0,0,0,0,0,0,0,0,,
16/02/20,13:28:32,Secador 2,22,2002161257,199,0,0,0,0,0,0,0,0,0,0,0,0,0,0,,0,0,0,0,0,0,0,0,0,,
16/02/20,13:29:16,Secador 2,22,2002161257,194,0,0,0,0,0,0,0,0,0,0,0,0,0,0,,0,0,0,0,0,0,0,0,0,,
16/02/20,13:30:00,Secador 2,22,2002161257,208,0,0,0,0,0,0,0,0,0,0,0,0,0,0,,0,0,0,0,0,0,0,0,0,,
16/02/20,13:30:42,Secador 2,22,2002161257,200,0,0,0,0,0,0,0,0,0,0,0,0,0,0,,0,0,0,0,0,0,0,0,0,,
16/02/20,13:31:23,Secador 2,22,2002161257,193,0,0,0,0,0,0,0,0,0,0,0,0,0,0,,0,0,0,0,0,0,0,0,0,,
16/02/20,13:32:05,Secador 2,22,2002161257,201,0,0,0,0,0,0,0,0,0,0,0,0,0,0,,0,0,0,0,0,0,0,0,0,,
16/02/20,13:32:47,Secador 2,22,2002161257,206,0,0,0,0,0,0,0,0,0,0,0,0,0,0,,0,0,0,0,0,0,0,0,0,,
16/02/20,13:33:29,Secador 2,22,2002161257,200,0,0,0,0,0,0,0,0,0,0,0,0,0,0,,0,0,0,0,0,0,0,0,0,,
16/02/20,13:34:11,Secador 2,22,2002161257,200,0,0,0,0,0,0,0,0,0,0,0,0,0,0,,0,0,0,0,0,0,0,0,0,,
16/02/20,13:34:53,Secador 2,22,2002161257,199,0,0,0,0,0,0,0,0,0,0,0,0,0,0,,0,0,0,0,0,0,0,0,0,,
16/02/20,13:35:35,Secador 2,22,2002161257,200,0,0,0,0,0,0,0,0,0,0,0,0,0,0,,0,0,0,0,0,0,0,0,0,,
16/02/20,13:36:17,Secador 2,22,2002161257,195,0,0,0,0,0,0,0,0,0,0,0,0,0,0,,0,0,0,0,0,0,0,0,0,,
16/02/20,13:36:59,Secador 2,22,2002161257,199,0,0,0,0,0,0,0,0,0,0,0,0,0,0,,0,0,0,0,0,0,0,0,0,,
16/02/20,13:37:41,Secador 2,22,2002161257,200,0,0,0,0,0,0,0,0,0,0,0,0,0,0,,0,0,0,0,0,0,0,0,0,,
16/02/20,13:38:24,Secador 2,22,2002161257,206,0,0,0,0,0,0,0,0,0,0,0,0,0,0,,0,0,0,0,0,0,0,0,0,,
16/02/20,13:39:08,Secador 2,22,2002161257,200,0,0,0,0,0,0,0,0,0,0,0,0,0,0,,0,0,0,0,0,0,0,0,0,,
16/02/20,13:39:51,Secador 2,22,2002161257,201,0,0,0,0,0,0,0,0,0,0,0,0,0,0,,0,0,0,0,0,0,0,0,0,,
16/02/20,13:40:36,Secador 2,22,2002161257,193,0,0,0,0,0,0,0,0,0,0,0,0,0,0,,0,0,0,0,0,0,0,0,0,,
16/02/20,13:41:23,Secador 2,22,2002161257,207,0,0,0,0,0,0,0,0,0,0,0,0,0,0,,0,0,0,0,0,0,0,0,0,,
16/02/20,13:42:14,Secador 2,22,2002161257,199,0,0,0,0,0,0,0,0,0,0,0,0,0,0,,0,0,0,0,0,0,0,0,0,,
16/02/20,13:43:06,Secador 2,22,2002161257,199,0,0,0,0,0,0,0,0,0,0,0,0,0,0,,0,0,0,0,0,0,0,0,0,,
16/02/20,13:43:58,Secador 2,22,2002161257,204,0,0,0,0,0,0,0,0,0,0,0,0,0,0,,0,0,0,0,0,0,0,0,0,,
16/02/20,13:45:04,Secador 2,22,2002161257,196,0,0,0,0,0,0,0,0,0,0,0,0,0,0,,0,0,0,0,0,0,0,0,0,,
16/02/20,13:45:54,Secador 2,22,2002161257,201,0,0,0,0,0,0,0,0,0,0,0,0,0,0,,0,0,0,0,0,0,0,0,0,,
16/02/20,13:46:45,Secador 2,22,2002161257,199,0,0,0,0,0,0,0,0,0,0,0,0,0,0,,0,0,0,0,0,0,0,0,0,,
16/02/20,13:47:32,Secador 2,22,2002161257,202,0,0,0,0,0,0,0,0,0,0,0,0,0,0,,0,0,0,0,0,0,0,0,0,,
16/02/20,13:48:24,Secador 2,22,2002161257,195,0,0,0,0,0,0,0,0,0,0,0,0,0,0,,0,0,0,0,0,0,0,0,0,,
16/02/20,13:52:57,Secador 2,22,2002161257,89,0,0,0,0,0,0,0,0,0,0,0,0,0,0,,0,0,0,0,0,0,0,0,0,,
16/02/20,14:02:35,Secador 8,23,2002161356,208,0,0,0,0,0,0,0,0,0,0,0,0,0,0,,0,0,0,0,0,0,0,0,0,,
16/02/20,14:03:30,Secador 8,23,2002161356,198,0,0,0,0,0,0,0,0,0,0,0,0,0,0,,0,0,0,0,0,0,0,0,0,,
16/02/20,14:04:12,Secador 8,23,2002161356,198,0,0,0,0,0,0,0,0,0,0,0,0,0,0,,0,0,0,0,0,0,0,0,0,,
16/02/20,14:05:01,Secador 8,23,2002161356,201,0,0,0,0,0,0,0,0,0,0,0,0,0,0,,0,0,0,0,0,0,0,0,0,,
16/02/20,14:05:53,Secador 8,23,2002161356,199,0,0,0,0,0,0,0,0,0,0,0,0,0,0,,0,0,0,0,0,0,0,0,0,,
16/02/20,14:06:42,Secador 8,23,2002161356,200,0,0,0,0,0,0,0,0,0,0,0,0,0,0,,0,0,0,0,0,0,0,0,0,,
16/02/20,14:07:30,Secador 8,23,2002161356,201,0,0,0,0,0,0,0,0,0,0,0,0,0,0,,0,0,0,0,0,0,0,0,0,,
16/02/20,14:08:18,Secador 8,23,2002161356,200,0,0,0,0,0,0,0,0,0,0,0,0,0,0,,0,0,0,0,0,0,0,0,0,,
16/02/20,14:09:06,Secador 8,23,2002161356,200,0,0,0,0,0,0,0,0,0,0,0,0,0,0,,0,0,0,0,0,0,0,0,0,,
16/02/20,14:09:51,Secador 8,23,2002161356,199,0,0,0,0,0,0,0,0,0,0,0,0,0,0,,0,0,0,0,0,0,0,0,0,,
16/02/20,14:10:41,Secador 8,23,2002161356,200,0,0,0,0,0,0,0,0,0,0,0,0,0,0,,0,0,0,0,0,0,0,0,0,,
16/02/20,14:11:30,Secador 8,23,2002161356,200,0,0,0,0,0,0,0,0,0,0,0,0,0,0,,0,0,0,0,0,0,0,0,0,,
16/02/20,14:12:19,Secador 8,23,2002161356,200,0,0,0,0,0,0,0,0,0,0,0,0,0,0,,0,0,0,0,0,0,0,0,0,,
16/02/20,14:13:10,Secador 8,23,2002161356,199,0,0,0,0,0,0,0,0,0,0,0,0,0,0,,0,0,0,0,0,0,0,0,0,,
16/02/20,14:14:02,Secador 8,23,2002161356,200,0,0,0,0,0,0,0,0,0,0,0,0,0,0,,0,0,0,0,0,0,0,0,0,,
16/02/20,14:14:56,Secador 8,23,2002161356,200,0,0,0,0,0,0,0,0,0,0,0,0,0,0,,0,0,0,0,0,0,0,0,0,,
16/02/20,14:15:49,Secador 8,23,2002161356,201,0,0,0,0,0,0,0,0,0,0,0,0,0,0,,0,0,0,0,0,0,0,0,0,,
16/02/20,14:16:46,Secador 8,23,2002161356,199,0,0,0,0,0,0,0,0,0,0,0,0,0,0,,0,0,0,0,0,0,0,0,0,,
16/02/20,14:17:41,Secador 8,23,2002161356,200,0,0,0,0,0,0,0,0,0,0,0,0,0,0,,0,0,0,0,0,0,0,0,0,,
16/02/20,14:18:34,Secador 8,23,2002161356,200,0,0,0,0,0,0,0,0,0,0,0,0,0,0,,0,0,0,0,0,0,0,0,0,,
16/02/20,14:19:29,Secador 8,23,2002161356,200,0,0,0,0,0,0,0,0,0,0,0,0,0,0,,0,0,0,0,0,0,0,0,0,,
16/02/20,14:20:24,Secador 8,23,2002161356,200,0,0,0,0,0,0,0,0,0,0,0,0,0,0,,0,0,0,0,0,0,0,0,0,,
16/02/20,14:21:18,Secador 8,23,2002161356,200,0,0,0,0,0,0,0,0,0,0,0,0,0,0,,0,0,0,0,0,0,0,0,0,,
16/02/20,14:22:13,Secador 8,23,2002161356,199,0,0,0,0,0,0,0,0,0,0,0,0,0,0,,0,0,0,0,0,0,0,0,0,,
16/02/20,14:23:08,Secador 8,23,2002161356,200,0,0,0,0,0,0,0,0,0,0,0,0,0,0,,0,0,0,0,0,0,0,0,0,,
16/02/20,14:24:02,Secador 8,23,2002161356,201,0,0,0,0,0,0,0,0,0,0,0,0,0,0,,0,0,0,0,0,0,0,0,0,,
16/02/20,14:24:58,Secador 8,23,2002161356,200,0,0,0,0,0,0,0,0,0,0,0,0,0,0,,0,0,0,0,0,0,0,0,0,,
16/02/20,14:25:54,Secador 8,23,2002161356,200,0,0,0,0,0,0,0,0,0,0,0,0,0,0,,0,0,0,0,0,0,0,0,0,,
16/02/20,14:26:52,Secador 8,23,2002161356,199,0,0,0,0,0,0,0,0,0,0,0,0,0,0,,0,0,0,0,0,0,0,0,0,,
16/02/20,14:27:50,Secador 8,23,2002161356,200,0,0,0,0,0,0,0,0,0,0,0,0,0,0,,0,0,0,0,0,0,0,0,0,,
16/02/20,14:28:49,Secador 8,23,2002161356,200,0,0,0,0,0,0,0,0,0,0,0,0,0,0,,0,0,0,0,0,0,0,0,0,,
16/02/20,14:29:47,Secador 8,23,2002161356,199,0,0,0,0,0,0,0,0,0,0,0,0,0,0,,0,0,0,0,0,0,0,0,0,,
16/02/20,14:30:47,Secador 8,23,2002161356,200,0,0,0,0,0,0,0,0,0,0,0,0,0,0,,0,0,0,0,0,0,0,0,0,,
16/02/20,14:31:45,Secador 8,23,2002161356,202,0,0,0,0,0,0,0,0,0,0,0,0,0,0,,0,0,0,0,0,0,0,0,0,,
16/02/20,14:32:40,Secador 8,23,2002161356,200,0,0,0,0,0,0,0,0,0,0,0,0,0,0,,0,0,0,0,0,0,0,0,0,,
16/02/20,14:33:39,Secador 8,23,2002161356,200,0,0,0,0,0,0,0,0,0,0,0,0,0,0,,0,0,0,0,0,0,0,0,0,,
16/02/20,14:34:37,Secador 8,23,2002161356,200,0,0,0,0,0,0,0,0,0,0,0,0,0,0,,0,0,0,0,0,0,0,0,0,,
16/02/20,14:35:34,Secador 8,23,2002161356,199,0,0,0,0,0,0,0,0,0,0,0,0,0,0,,0,0,0,0,0,0,0,0,0,,
16/02/20,14:36:30,Secador 8,23,2002161356,200,0,0,0,0,0,0,0,0,0,0,0,0,0,0,,0,0,0,0,0,0,0,0,0,,
16/02/20,14:37:30,Secador 8,23,2002161356,200,0,0,0,0,0,0,0,0,0,0,0,0,0,0,,0,0,0,0,0,0,0,0,0,,
16/02/20,14:38:32,Secador 8,23,2002161356,201,0,0,0,0,0,0,0,0,0,0,0,0,0,0,,0,0,0,0,0,0,0,0,0,,
16/02/20,14:39:45,Secador 8,23,2002161356,200,0,0,0,0,0,0,0,0,0,0,0,0,0,0,,0,0,0,0,0,0,0,0,0,,
16/02/20,14:40:45,Secador 8,23,2002161356,200,0,0,0,0,0,0,0,0,0,0,0,0,0,0,,0,0,0,0,0,0,0,0,0,,
16/02/20,14:41:44,Secador 8,23,2002161356,200,0,0,0,0,0,0,0,0,0,0,0,0,0,0,,0,0,0,0,0,0,0,0,0,,
16/02/20,14:42:44,Secador 8,23,2002161356,200,0,0,0,0,0,0,0,0,0,0,0,0,0,0,,0,0,0,0,0,0,0,0,0,,
16/02/20,14:43:43,Secador 8,23,2002161356,199,0,0,0,0,0,0,0,0,0,0,0,0,0,0,,0,0,0,0,0,0,0,0,0,,
16/02/20,14:44:40,Secador 8,23,2002161356,200,0,0,0,0,0,0,0,0,0,0,0,0,0,0,,0,0,0,0,0,0,0,0,0,,
16/02/20,14:45:47,Secador 8,23,2002161356,199,0,0,0,0,0,0,0,0,0,0,0,0,0,0,,0,0,0,0,0,0,0,0,0,,
16/02/20,14:46:50,Secador 8,23,2002161356,201,0,0,0,0,0,0,0,0,0,0,0,0,0,0,,0,0,0,0,0,0,0,0,0,,
16/02/20,14:47:52,Secador 8,23,2002161356,199,0,0,0,0,0,0,0,0,0,0,0,0,0,0,,0,0,0,0,0,0,0,0,0,,
16/02/20,14:48:56,Secador 8,23,2002161356,201,0,0,0,0,0,0,0,0,0,0,0,0,0,0,,0,0,0,0,0,0,0,0,0,,
16/02/20,14:50:01,Secador 8,23,2002161356,200,0,0,0,0,0,0,0,0,0,0,0,0,0,0,,0,0,0,0,0,0,0,0,0,,
16/02/20,14:51:03,Secador 8,23,2002161356,201,0,0,0,0,0,0,0,0,0,0,0,0,0,0,,0,0,0,0,0,0,0,0,0,,
16/02/20,14:51:56,Secador 8,23,2002161356,199,0,0,0,0,0,0,0,0,0,0,0,0,0,0,,0,0,0,0,0,0,0,0,0,,
16/02/20,14:52:51,Secador 8,23,2002161356,201,0,0,0,0,0,0,0,0,0,0,0,0,0,0,,0,0,0,0,0,0,0,0,0,,
16/02/20,14:53:52,Secador 8,23,2002161356,196,0,0,0,0,0,0,0,0,0,0,0,0,0,0,,0,0,0,0,0,0,0,0,0,,
16/02/20,14:55:07,Secador 8,23,2002161356,204,0,0,0,0,0,0,0,0,0,0,0,0,0,0,,0,0,0,0,0,0,0,0,0,,
16/02/20,14:56:28,Secador 8,23,2002161356,195,0,0,0,0,0,0,0,0,0,0,0,0,0,0,,0,0,0,0,0,0,0,0,0,,
16/02/20,14:58:07,Secador 8,23,2002161356,209,0,0,0,0,0,0,0,0,0,0,0,0,0,0,,0,0,0,0,0,0,0,0,0,,
16/02/20,14:59:02,Secador 8,23,2002161356,197,0,0,0,0,0,0,0,0,0,0,0,0,0,0,,0,0,0,0,0,0,0,0,0,,
16/02/20,14:59:55,Secador 8,23,2002161356,199,0,0,0,0,0,0,0,0,0,0,0,0,0,0,,0,0,0,0,0,0,0,0,0,,
16/02/20,15:00:48,Secador 8,23,2002161356,200,0,0,0,0,0,0,0,0,0,0,0,0,0,0,,0,0,0,0,0,0,0,0,0,,
16/02/20,15:01:45,Secador 8,23,2002161356,200,0,0,0,0,0,0,0,0,0,0,0,0,0,0,,0,0,0,0,0,0,0,0,0,,
16/02/20,15:02:41,Secador 8,23,2002161356,198,0,0,0,0,0,0,0,0,0,0,0,0,0,0,,0,0,0,0,0,0,0,0,0,,
16/02/20,15:03:47,Secador 8,23,2002161356,201,0,0,0,0,0,0,0,0,0,0,0,0,0,0,,0,0,0,0,0,0,0,0,0,,
16/02/20,15:04:56,Secador 8,23,2002161356,197,0,0,0,0,0,0,0,0,0,0,0,0,0,0,,0,0,0,0,0,0,0,0,0,,
16/02/20,15:06:55,Secador 8,23,2002161356,200,0,0,0,0,0,0,0,0,0,0,0,0,0,0,,0,0,0,0,0,0,0,0,0,,
16/02/20,15:14:13,Secador 8,23,2002161356,161,0,0,0,0,0,0,0,0,0,0,0,0,0,0,,0,0,0,0,0,0,0,0,0,,
16/02/20,15:53:39,Secador 11,17,2002161545,201,0,0,0,0,0,0,0,0,0,0,0,0,0,0,,0,0,0,0,0,0,0,0,0,,
16/02/20,15:55:15,Secador 11,17,2002161545,206,0,0,0,0,0,0,0,0,0,0,0,0,0,0,,0,0,0,0,0,0,0,0,0,,
16/02/20,15:56:27,Secador 11,17,2002161545,195,0,0,0,0,0,0,0,0,0,0,0,0,0,0,,0,0,0,0,0,0,0,0,0,,
16/02/20,15:57:43,Secador 11,17,2002161545,199,0,0,0,0,0,0,0,0,0,0,0,0,0,0,,0,0,0,0,0,0,0,0,0,,
16/02/20,15:59:04,Secador 11,17,2002161545,198,0,0,0,0,0,0,0,0,0,0,0,0,0,0,,0,0,0,0,0,0,0,0,0,,
16/02/20,16:00:35,Secador 11,17,2002161545,201,0,0,0,0,0,0,0,0,0,0,0,0,0,0,,0,0,0,0,0,0,0,0,0,,
16/02/20,16:02:16,Secador 11,17,2002161545,200,0,0,0,0,0,0,0,0,0,0,0,0,0,0,,0,0,0,0,0,0,0,0,0,,
16/02/20,16:04:21,Secador 11,17,2002161545,199,0,0,0,0,0,0,0,0,0,0,0,0,0,0,,0,0,0,0,0,0,0,0,0,,
16/02/20,16:06:13,Secador 11,17,2002161545,201,0,0,0,0,0,0,0,0,0,0,0,0,0,0,,0,0,0,0,0,0,0,0,0,,
16/02/20,16:07:21,Secador 11,17,2002161545,203,0,0,0,0,0,0,0,0,0,0,0,0,0,0,,0,0,0,0,0,0,0,0,0,,
16/02/20,16:08:17,Secador 11,17,2002161545,201,0,0,0,0,0,0,0,0,0,0,0,0,0,0,,0,0,0,0,0,0,0,0,0,,
16/02/20,16:09:14,Secador 11,17,2002161545,199,0,0,0,0,0,0,0,0,0,0,0,0,0,0,,0,0,0,0,0,0,0,0,0,,
16/02/20,16:10:15,Secador 11,17,2002161545,199,0,0,0,0,0,0,0,0,0,0,0,0,0,0,,0,0,0,0,0,0,0,0,0,,
16/02/20,16:11:28,Secador 11,17,2002161545,201,0,0,0,0,0,0,0,0,0,0,0,0,0,0,,0,0,0,0,0,0,0,0,0,,
16/02/20,16:12:34,Secador 11,17,2002161545,198,0,0,0,0,0,0,0,0,0,0,0,0,0,0,,0,0,0,0,0,0,0,0,0,,
16/02/20,16:13:40,Secador 11,17,2002161545,201,0,0,0,0,0,0,0,0,0,0,0,0,0,0,,0,0,0,0,0,0,0,0,0,,
16/02/20,16:14:46,Secador 11,17,2002161545,200,0,0,0,0,0,0,0,0,0,0,0,0,0,0,,0,0,0,0,0,0,0,0,0,,
16/02/20,16:15:53,Secador 11,17,2002161545,200,0,0,0,0,0,0,0,0,0,0,0,0,0,0,,0,0,0,0,0,0,0,0,0,,
16/02/20,16:16:59,Secador 11,17,2002161545,199,0,0,0,0,0,0,0,0,0,0,0,0,0,0,,0,0,0,0,0,0,0,0,0,,
16/02/20,16:18:16,Secador 11,17,2002161545,199,0,0,0,0,0,0,0,0,0,0,0,0,0,0,,0,0,0,0,0,0,0,0,0,,
16/02/20,16:19:34,Secador 11,17,2002161545,201,0,0,0,0,0,0,0,0,0,0,0,0,0,0,,0,0,0,0,0,0,0,0,0,,
16/02/20,16:20:57,Secador 11,17,2002161545,200,0,0,0,0,0,0,0,0,0,0,0,0,0,0,,0,0,0,0,0,0,0,0,0,,
16/02/20,16:22:30,Secador 11,17,2002161545,200,0,0,0,0,0,0,0,0,0,0,0,0,0,0,,0,0,0,0,0,0,0,0,0,,
16/02/20,16:24:02,Secador 11,17,2002161545,199,0,0,0,0,0,0,0,0,0,0,0,0,0,0,,0,0,0,0,0,0,0,0,0,,
16/02/20,16:25:44,Secador 11,17,2002161545,200,0,0,0,0,0,0,0,0,0,0,0,0,0,0,,0,0,0,0,0,0,0,0,0,,
16/02/20,16:28:38,Secador 11,17,2002161545,200,0,0,0,0,0,0,0,0,0,0,0,0,0,0,,0,0,0,0,0,0,0,0,0,,
16/02/20,16:30:21,Secador 11,17,2002161545,201,0,0,0,0,0,0,0,0,0,0,0,0,0,0,,0,0,0,0,0,0,0,0,0,,
16/02/20,16:31:55,Secador 11,17,2002161545,199,0,0,0,0,0,0,0,0,0,0,0,0,0,0,,0,0,0,0,0,0,0,0,0,,
16/02/20,16:33:31,Secador 11,17,2002161545,201,0,0,0,0,0,0,0,0,0,0,0,0,0,0,,0,0,0,0,0,0,0,0,0,,
16/02/20,16:34:40,Secador 11,17,2002161545,200,0,0,0,0,0,0,0,0,0,0,0,0,0,0,,0,0,0,0,0,0,0,0,0,,
16/02/20,16:35:52,Secador 11,17,2002161545,199,0,0,0,0,0,0,0,0,0,0,0,0,0,0,,0,0,0,0,0,0,0,0,0,,
16/02/20,16:37:17,Secador 11,17,2002161545,200,0,0,0,0,0,0,0,0,0,0,0,0,0,0,,0,0,0,0,0,0,0,0,0,,
16/02/20,16:38:52,Secador 11,17,2002161545,200,0,0,0,0,0,0,0,0,0,0,0,0,0,0,,0,0,0,0,0,0,0,0,0,,
16/02/20,16:40:05,Secador 11,17,2002161545,204,0,0,0,0,0,0,0,0,0,0,0,0,0,0,,0,0,0,0,0,0,0,0,0,,
16/02/20,16:41:25,Secador 11,17,2002161545,196,0,0,0,0,0,0,0,0,0,0,0,0,0,0,,0,0,0,0,0,0,0,0,0,,
16/02/20,16:42:50,Secador 11,17,2002161545,201,0,0,0,0,0,0,0,0,0,0,0,0,0,0,,0,0,0,0,0,0,0,0,0,,
16/02/20,16:46:56,Secador 11,17,2002161545,198,0,0,0,0,0,0,0,0,0,0,0,0,0,0,,0,0,0,0,0,0,0,0,0,,
16/02/20,16:47:55,Secador 11,17,2002161545,206,0,0,0,0,0,0,0,0,0,0,0,0,0,0,,0,0,0,0,0,0,0,0,0,,
16/02/20,16:48:51,Secador 11,17,2002161545,199,0,0,0,0,0,0,0,0,0,0,0,0,0,0,,0,0,0,0,0,0,0,0,0,,
16/02/20,16:49:48,Secador 11,17,2002161545,201,0,0,0,0,0,0,0,0,0,0,0,0,0,0,,0,0,0,0,0,0,0,0,0,,
16/02/20,16:50:43,Secador 11,17,2002161545,199,0,0,0,0,0,0,0,0,0,0,0,0,0,0,,0,0,0,0,0,0,0,0,0,,
16/02/20,16:51:38,Secador 11,17,2002161545,201,0,0,0,0,0,0,0,0,0,0,0,0,0,0,,0,0,0,0,0,0,0,0,0,,
16/02/20,16:52:39,Secador 11,17,2002161545,197,0,0,0,0,0,0,0,0,0,0,0,0,0,0,,0,0,0,0,0,0,0,0,0,,
16/02/20,16:53:37,Secador 11,17,2002161545,202,0,0,0,0,0,0,0,0,0,0,0,0,0,0,,0,0,0,0,0,0,0,0,0,,
16/02/20,16:54:43,Secador 11,17,2002161545,195,0,0,0,0,0,0,0,0,0,0,0,0,0,0,,0,0,0,0,0,0,0,0,0,,
16/02/20,16:56:06,Secador 11,17,2002161545,204,0,0,0,0,0,0,0,0,0,0,0,0,0,0,,0,0,0,0,0,0,0,0,0,,
16/02/20,16:57:05,Secador 11,17,2002161545,201,0,0,0,0,0,0,0,0,0,0,0,0,0,0,,0,0,0,0,0,0,0,0,0,,
16/02/20,16:57:59,Secador 11,17,2002161545,198,0,0,0,0,0,0,0,0,0,0,0,0,0,0,,0,0,0,0,0,0,0,0,0,,
16/02/20,16:58:58,Secador 11,17,2002161545,203,0,0,0,0,0,0,0,0,0,0,0,0,0,0,,0,0,0,0,0,0,0,0,0,,
16/02/20,16:59:50,Secador 11,17,2002161545,198,0,0,0,0,0,0,0,0,0,0,0,0,0,0,,0,0,0,0,0,0,0,0,0,,
16/02/20,17:00:46,Secador 11,17,2002161545,201,0,0,0,0,0,0,0,0,0,0,0,0,0,0,,0,0,0,0,0,0,0,0,0,,
16/02/20,17:01:37,Secador 11,17,2002161545,198,0,0,0,0,0,0,0,0,0,0,0,0,0,0,,0,0,0,0,0,0,0,0,0,,
16/02/20,17:02:32,Secador 11,17,2002161545,203,0,0,0,0,0,0,0,0,0,0,0,0,0,0,,0,0,0,0,0,0,0,0,0,,
16/02/20,17:03:21,Secador 11,17,2002161545,200,0,0,0,0,0,0,0,0,0,0,0,0,0,0,,0,0,0,0,0,0,0,0,0,,
16/02/20,17:04:15,Secador 11,17,2002161545,196,0,0,0,0,0,0,0,0,0,0,0,0,0,0,,0,0,0,0,0,0,0,0,0,,
16/02/20,17:05:12,Secador 11,17,2002161545,204,0,0,0,0,0,0,0,0,0,0,0,0,0,0,,0,0,0,0,0,0,0,0,0,,
16/02/20,17:06:19,Secador 11,17,2002161545,198,0,0,0,0,0,0,0,0,0,0,0,0,0,0,,0,0,0,0,0,0,0,0,0,,
16/02/20,17:07:59,Secador 11,17,2002161545,200,0,0,0,0,0,0,0,0,0,0,0,0,0,0,,0,0,0,0,0,0,0,0,0,,
16/02/20,17:09:13,Secador 11,17,2002161545,198,0,0,0,0,0,0,0,0,0,0,0,0,0,0,,0,0,0,0,0,0,0,0,0,,
16/02/20,17:10:21,Secador 11,17,2002161545,211,0,0,0,0,0,0,0,0,0,0,0,0,0,0,,0,0,0,0,0,0,0,0,0,,
16/02/20,17:24:37,Secador 11,17,2002161545,128,0,0,0,0,0,0,0,0,0,0,0,0,0,0,,0,0,0,0,0,0,0,0,0,,
16/02/20,18:09:45,Secador 14,20,2002161746,194,0,0,0,0,0,0,0,0,0,0,0,0,0,0,,0,0,0,0,0,0,0,0,0,,
16/02/20,18:10:33,Secador 14,20,2002161746,201,0,0,0,0,0,0,0,0,0,0,0,0,0,0,,0,0,0,0,0,0,0,0,0,,
16/02/20,18:11:17,Secador 14,20,2002161746,204,0,0,0,0,0,0,0,0,0,0,0,0,0,0,,0,0,0,0,0,0,0,0,0,,
16/02/20,18:11:58,Secador 14,20,2002161746,198,0,0,0,0,0,0,0,0,0,0,0,0,0,0,,0,0,0,0,0,0,0,0,0,,
16/02/20,18:12:39,Secador 14,20,2002161746,200,0,0,0,0,0,0,0,0,0,0,0,0,0,0,,0,0,0,0,0,0,0,0,0,,
16/02/20,18:13:19,Secador 14,20,2002161746,199,0,0,0,0,0,0,0,0,0,0,0,0,0,0,,0,0,0,0,0,0,0,0,0,,
16/02/20,18:14:02,Secador 14,20,2002161746,199,0,0,0,0,0,0,0,0,0,0,0,0,0,0,,0,0,0,0,0,0,0,0,0,,
16/02/20,18:14:46,Secador 14,20,2002161746,201,0,0,0,0,0,0,0,0,0,0,0,0,0,0,,0,0,0,0,0,0,0,0,0,,
16/02/20,18:20:08,Secador 14,20,2002161746,196,0,0,0,0,0,0,0,0,0,0,0,0,0,0,,0,0,0,0,0,0,0,0,0,,
16/02/20,18:21:18,Secador 14,20,2002161746,196,0,0,0,0,0,0,0,0,0,0,0,0,0,0,,0,0,0,0,0,0,0,0,0,,
16/02/20,18:21:57,Secador 14,20,2002161746,200,0,0,0,0,0,0,0,0,0,0,0,0,0,0,,0,0,0,0,0,0,0,0,0,,
16/02/20,18:22:38,Secador 14,20,2002161746,199,0,0,0,0,0,0,0,0,0,0,0,0,0,0,,0,0,0,0,0,0,0,0,0,,
16/02/20,18:23:22,Secador 14,20,2002161746,206,0,0,0,0,0,0,0,0,0,0,0,0,0,0,,0,0,0,0,0,0,0,0,0,,
16/02/20,18:24:04,Secador 14,20,2002161746,194,0,0,0,0,0,0,0,0,0,0,0,0,0,0,,0,0,0,0,0,0,0,0,0,,
16/02/20,18:24:45,Secador 14,20,2002161746,206,0,0,0,0,0,0,0,0,0,0,0,0,0,0,,0,0,0,0,0,0,0,0,0,,
16/02/20,18:25:26,Secador 14,20,2002161746,201,0,0,0,0,0,0,0,0,0,0,0,0,0,0,,0,0,0,0,0,0,0,0,0,,
16/02/20,18:26:06,Secador 14,20,2002161746,193,0,0,0,0,0,0,0,0,0,0,0,0,0,0,,0,0,0,0,0,0,0,0,0,,
16/02/20,18:26:47,Secador 14,20,2002161746,207,0,0,0,0,0,0,0,0,0,0,0,0,0,0,,0,0,0,0,0,0,0,0,0,,
16/02/20,18:27:30,Secador 14,20,2002161746,200,0,0,0,0,0,0,0,0,0,0,0,0,0,0,,0,0,0,0,0,0,0,0,0,,
16/02/20,18:28:13,Secador 14,20,2002161746,199,0,0,0,0,0,0,0,0,0,0,0,0,0,0,,0,0,0,0,0,0,0,0,0,,
16/02/20,18:28:56,Secador 14,20,2002161746,201,0,0,0,0,0,0,0,0,0,0,0,0,0,0,,0,0,0,0,0,0,0,0,0,,
16/02/20,18:29:39,Secador 14,20,2002161746,193,0,0,0,0,0,0,0,0,0,0,0,0,0,0,,0,0,0,0,0,0,0,0,0,,
16/02/20,18:30:22,Secador 14,20,2002161746,205,0,0,0,0,0,0,0,0,0,0,0,0,0,0,,0,0,0,0,0,0,0,0,0,,
16/02/20,18:31:06,Secador 14,20,2002161746,202,0,0,0,0,0,0,0,0,0,0,0,0,0,0,,0,0,0,0,0,0,0,0,0,,
16/02/20,18:31:49,Secador 14,20,2002161746,193,0,0,0,0,0,0,0,0,0,0,0,0,0,0,,0,0,0,0,0,0,0,0,0,,
16/02/20,18:32:33,Secador 14,20,2002161746,200,0,0,0,0,0,0,0,0,0,0,0,0,0,0,,0,0,0,0,0,0,0,0,0,,
16/02/20,18:33:17,Secador 14,20,2002161746,206,0,0,0,0,0,0,0,0,0,0,0,0,0,0,,0,0,0,0,0,0,0,0,0,,
16/02/20,18:34:01,Secador 14,20,2002161746,200,0,0,0,0,0,0,0,0,0,0,0,0,0,0,,0,0,0,0,0,0,0,0,0,,
16/02/20,18:34:46,Secador 14,20,2002161746,200,0,0,0,0,0,0,0,0,0,0,0,0,0,0,,0,0,0,0,0,0,0,0,0,,
16/02/20,18:35:31,Secador 14,20,2002161746,200,0,0,0,0,0,0,0,0,0,0,0,0,0,0,,0,0,0,0,0,0,0,0,0,,
16/02/20,18:36:16,Secador 14,20,2002161746,199,0,0,0,0,0,0,0,0,0,0,0,0,0,0,,0,0,0,0,0,0,0,0,0,,
16/02/20,18:37:04,Secador 14,20,2002161746,201,0,0,0,0,0,0,0,0,0,0,0,0,0,0,,0,0,0,0,0,0,0,0,0,,
16/02/20,18:37:50,Secador 14,20,2002161746,199,0,0,0,0,0,0,0,0,0,0,0,0,0,0,,0,0,0,0,0,0,0,0,0,,
16/02/20,18:38:37,Secador 14,20,2002161746,202,0,0,0,0,0,0,0,0,0,0,0,0,0,0,,0,0,0,0,0,0,0,0,0,,
16/02/20,18:39:25,Secador 14,20,2002161746,198,0,0,0,0,0,0,0,0,0,0,0,0,0,0,,0,0,0,0,0,0,0,0,0,,
16/02/20,18:40:13,Secador 14,20,2002161746,201,0,0,0,0,0,0,0,0,0,0,0,0,0,0,,0,0,0,0,0,0,0,0,0,,
16/02/20,18:41:00,Secador 14,20,2002161746,199,0,0,0,0,0,0,0,0,0,0,0,0,0,0,,0,0,0,0,0,0,0,0,0,,
16/02/20,18:41:49,Secador 14,20,2002161746,199,0,0,0,0,0,0,0,0,0,0,0,0,0,0,,0,0,0,0,0,0,0,0,0,,
16/02/20,18:42:38,Secador 14,20,2002161746,202,0,0,0,0,0,0,0,0,0,0,0,0,0,0,,0,0,0,0,0,0,0,0,0,,
16/02/20,18:43:26,Secador 14,20,2002161746,199,0,0,0,0,0,0,0,0,0,0,0,0,0,0,,0,0,0,0,0,0,0,0,0,,
16/02/20,18:44:15,Secador 14,20,2002161746,201,0,0,0,0,0,0,0,0,0,0,0,0,0,0,,0,0,0,0,0,0,0,0,0,,
16/02/20,18:45:04,Secador 14,20,2002161746,200,0,0,0,0,0,0,0,0,0,0,0,0,0,0,,0,0,0,0,0,0,0,0,0,,
16/02/20,18:45:58,Secador 14,20,2002161746,199,0,0,0,0,0,0,0,0,0,0,0,0,0,0,,0,0,0,0,0,0,0,0,0,,
16/02/20,18:46:54,Secador 14,20,2002161746,200,0,0,0,0,0,0,0,0,0,0,0,0,0,0,,0,0,0,0,0,0,0,0,0,,
16/02/20,18:47:41,Secador 14,20,2002161746,201,0,0,0,0,0,0,0,0,0,0,0,0,0,0,,0,0,0,0,0,0,0,0,0,,
16/02/20,18:48:28,Secador 14,20,2002161746,200,0,0,0,0,0,0,0,0,0,0,0,0,0,0,,0,0,0,0,0,0,0,0,0,,
16/02/20,18:49:14,Secador 14,20,2002161746,199,0,0,0,0,0,0,0,0,0,0,0,0,0,0,,0,0,0,0,0,0,0,0,0,,
16/02/20,18:50:01,Secador 14,20,2002161746,201,0,0,0,0,0,0,0,0,0,0,0,0,0,0,,0,0,0,0,0,0,0,0,0,,
16/02/20,18:50:47,Secador 14,20,2002161746,200,0,0,0,0,0,0,0,0,0,0,0,0,0,0,,0,0,0,0,0,0,0,0,0,,
16/02/20,18:51:33,Secador 14,20,2002161746,201,0,0,0,0,0,0,0,0,0,0,0,0,0,0,,0,0,0,0,0,0,0,0,0,,
16/02/20,18:52:20,Secador 14,20,2002161746,200,0,0,0,0,0,0,0,0,0,0,0,0,0,0,,0,0,0,0,0,0,0,0,0,,
16/02/20,18:53:06,Secador 14,20,2002161746,199,0,0,0,0,0,0,0,0,0,0,0,0,0,0,,0,0,0,0,0,0,0,0,0,,
16/02/20,18:53:53,Secador 14,20,2002161746,200,0,0,0,0,0,0,0,0,0,0,0,0,0,0,,0,0,0,0,0,0,0,0,0,,
16/02/20,18:54:43,Secador 14,20,2002161746,200,0,0,0,0,0,0,0,0,0,0,0,0,0,0,,0,0,0,0,0,0,0,0,0,,
16/02/20,18:55:31,Secador 14,20,2002161746,200,0,0,0,0,0,0,0,0,0,0,0,0,0,0,,0,0,0,0,0,0,0,0,0,,
16/02/20,18:56:22,Secador 14,20,2002161746,199,0,0,0,0,0,0,0,0,0,0,0,0,0,0,,0,0,0,0,0,0,0,0,0,,
16/02/20,18:57:20,Secador 14,20,2002161746,201,0,0,0,0,0,0,0,0,0,0,0,0,0,0,,0,0,0,0,0,0,0,0,0,,
16/02/20,18:58:12,Secador 14,20,2002161746,198,0,0,0,0,0,0,0,0,0,0,0,0,0,0,,0,0,0,0,0,0,0,0,0,,
16/02/20,18:59:14,Secador 14,20,2002161746,198,0,0,0,0,0,0,0,0,0,0,0,0,0,0,,0,0,0,0,0,0,0,0,0,,
16/02/20,19:01:21,Secador 14,20,2002161746,199,0,0,0,0,0,0,0,0,0,0,0,0,0,0,,0,0,0,0,0,0,0,0,0,,
16/02/20,19:03:58,Secador 14,20,2002161746,202,0,0,0,0,0,0,0,0,0,0,0,0,0,0,,0,0,0,0,0,0,0,0,0,,
16/02/20,19:04:54,Secador 14,20,2002161746,201,0,0,0,0,0,0,0,0,0,0,0,0,0,0,,0,0,0,0,0,0,0,0,0,,
16/02/20,19:05:52,Secador 14,20,2002161746,199,0,0,0,0,0,0,0,0,0,0,0,0,0,0,,0,0,0,0,0,0,0,0,0,,
16/02/20,19:06:48,Secador 14,20,2002161746,203,0,0,0,0,0,0,0,0,0,0,0,0,0,0,,0,0,0,0,0,0,0,0,0,,
16/02/20,19:14:11,Secador 14,20,2002161746,84,0,0,0,0,0,0,0,0,0,0,0,0,0,0,,0,0,0,0,0,0,0,0,0,,
16/02/20,21:08:23,Secador 3,28,2002162103,195,0,0,0,0,0,0,0,0,0,0,0,0,0,0,,0,0,0,0,0,0,0,0,0,,
16/02/20,21:09:36,Secador 3,28,2002162103,201,0,0,0,0,0,0,0,0,0,0,0,0,0,0,,0,0,0,0,0,0,0,0,0,,
16/02/20,21:10:45,Secador 3,28,2002162103,199,0,0,0,0,0,0,0,0,0,0,0,0,0,0,,0,0,0,0,0,0,0,0,0,,
16/02/20,21:12:01,Secador 3,28,2002162103,201,0,0,0,0,0,0,0,0,0,0,0,0,0,0,,0,0,0,0,0,0,0,0,0,,
16/02/20,21:13:19,Secador 3,28,2002162103,201,0,0,0,0,0,0,0,0,0,0,0,0,0,0,,0,0,0,0,0,0,0,0,0,,
16/02/20,21:14:35,Secador 3,28,2002162103,200,0,0,0,0,0,0,0,0,0,0,0,0,0,0,,0,0,0,0,0,0,0,0,0,,
16/02/20,21:15:39,Secador 3,28,2002162103,201,0,0,0,0,0,0,0,0,0,0,0,0,0,0,,0,0,0,0,0,0,0,0,0,,
16/02/20,21:17:07,Secador 3,28,2002162103,196,0,0,0,0,0,0,0,0,0,0,0,0,0,0,,0,0,0,0,0,0,0,0,0,,
16/02/20,21:18:45,Secador 3,28,2002162103,201,0,0,0,0,0,0,0,0,0,0,0,0,0,0,,0,0,0,0,0,0,0,0,0,,
16/02/20,21:20:16,Secador 3,28,2002162103,200,0,0,0,0,0,0,0,0,0,0,0,0,0,0,,0,0,0,0,0,0,0,0,0,,
16/02/20,21:21:47,Secador 3,28,2002162103,201,0,0,0,0,0,0,0,0,0,0,0,0,0,0,,0,0,0,0,0,0,0,0,0,,
16/02/20,21:22:55,Secador 3,28,2002162103,202,0,0,0,0,0,0,0,0,0,0,0,0,0,0,,0,0,0,0,0,0,0,0,0,,
16/02/20,21:23:53,Secador 3,28,2002162103,200,0,0,0,0,0,0,0,0,0,0,0,0,0,0,,0,0,0,0,0,0,0,0,0,,
16/02/20,21:24:50,Secador 3,28,2002162103,201,0,0,0,0,0,0,0,0,0,0,0,0,0,0,,0,0,0,0,0,0,0,0,0,,
16/02/20,21:25:47,Secador 3,28,2002162103,199,0,0,0,0,0,0,0,0,0,0,0,0,0,0,,0,0,0,0,0,0,0,0,0,,
16/02/20,21:26:46,Secador 3,28,2002162103,201,0,0,0,0,0,0,0,0,0,0,0,0,0,0,,0,0,0,0,0,0,0,0,0,,
16/02/20,21:27:45,Secador 3,28,2002162103,199,0,0,0,0,0,0,0,0,0,0,0,0,0,0,,0,0,0,0,0,0,0,0,0,,
16/02/20,21:28:45,Secador 3,28,2002162103,197,0,0,0,0,0,0,0,0,0,0,0,0,0,0,,0,0,0,0,0,0,0,0,0,,
16/02/20,21:29:44,Secador 3,28,2002162103,202,0,0,0,0,0,0,0,0,0,0,0,0,0,0,,0,0,0,0,0,0,0,0,0,,
16/02/20,21:30:43,Secador 3,28,2002162103,201,0,0,0,0,0,0,0,0,0,0,0,0,0,0,,0,0,0,0,0,0,0,0,0,,
16/02/20,21:31:42,Secador 3,28,2002162103,199,0,0,0,0,0,0,0,0,0,0,0,0,0,0,,0,0,0,0,0,0,0,0,0,,
16/02/20,21:32:40,Secador 3,28,2002162103,201,0,0,0,0,0,0,0,0,0,0,0,0,0,0,,0,0,0,0,0,0,0,0,0,,
16/02/20,21:33:36,Secador 3,28,2002162103,202,0,0,0,0,0,0,0,0,0,0,0,0,0,0,,0,0,0,0,0,0,0,0,0,,
16/02/20,21:35:02,Secador 3,28,2002162103,194,0,0,0,0,0,0,0,0,0,0,0,0,0,0,,0,0,0,0,0,0,0,0,0,,
16/02/20,21:37:08,Secador 3,28,2002162103,201,0,0,0,0,0,0,0,0,0,0,0,0,0,0,,0,0,0,0,0,0,0,0,0,,
16/02/20,21:38:08,Secador 3,28,2002162103,203,0,0,0,0,0,0,0,0,0,0,0,0,0,0,,0,0,0,0,0,0,0,0,0,,
16/02/20,21:39:17,Secador 3,28,2002162103,199,0,0,0,0,0,0,0,0,0,0,0,0,0,0,,0,0,0,0,0,0,0,0,0,,
16/02/20,21:40:15,Secador 3,28,2002162103,202,0,0,0,0,0,0,0,0,0,0,0,0,0,0,,0,0,0,0,0,0,0,0,0,,
16/02/20,21:41:17,Secador 3,28,2002162103,198,0,0,0,0,0,0,0,0,0,0,0,0,0,0,,0,0,0,0,0,0,0,0,0,,
16/02/20,21:42:26,Secador 3,28,2002162103,198,0,0,0,0,0,0,0,0,0,0,0,0,0,0,,0,0,0,0,0,0,0,0,0,,
16/02/20,21:43:35,Secador 3,28,2002162103,203,0,0,0,0,0,0,0,0,0,0,0,0,0,0,,0,0,0,0,0,0,0,0,0,,
16/02/20,21:44:33,Secador 3,28,2002162103,200,0,0,0,0,0,0,0,0,0,0,0,0,0,0,,0,0,0,0,0,0,0,0,0,,
16/02/20,21:45:32,Secador 3,28,2002162103,200,0,0,0,0,0,0,0,0,0,0,0,0,0,0,,0,0,0,0,0,0,0,0,0,,
16/02/20,21:46:35,Secador 3,28,2002162103,197,0,0,0,0,0,0,0,0,0,0,0,0,0,0,,0,0,0,0,0,0,0,0,0,,
16/02/20,21:47:57,Secador 3,28,2002162103,202,0,0,0,0,0,0,0,0,0,0,0,0,0,0,,0,0,0,0,0,0,0,0,0,,
16/02/20,21:48:59,Secador 3,28,2002162103,201,0,0,0,0,0,0,0,0,0,0,0,0,0,0,,0,0,0,0,0,0,0,0,0,,
16/02/20,21:49:50,Secador 3,28,2002162103,202,0,0,0,0,0,0,0,0,0,0,0,0,0,0,,0,0,0,0,0,0,0,0,0,,
16/02/20,21:50:44,Secador 3,28,2002162103,198,0,0,0,0,0,0,0,0,0,0,0,0,0,0,,0,0,0,0,0,0,0,0,0,,
16/02/20,21:51:43,Secador 3,28,2002162103,201,0,0,0,0,0,0,0,0,0,0,0,0,0,0,,0,0,0,0,0,0,0,0,0,,
16/02/20,21:52:58,Secador 3,28,2002162103,196,0,0,0,0,0,0,0,0,0,0,0,0,0,0,,0,0,0,0,0,0,0,0,0,,
16/02/20,21:54:39,Secador 3,28,2002162103,201,0,0,0,0,0,0,0,0,0,0,0,0,0,0,,0,0,0,0,0,0,0,0,0,,
16/02/20,21:58:05,Secador 3,28,2002162103,202,0,0,0,0,0,0,0,0,0,0,0,0,0,0,,0,0,0,0,0,0,0,0,0,,
16/02/20,21:59:07,Secador 3,28,2002162103,197,0,0,0,0,0,0,0,0,0,0,0,0,0,0,,0,0,0,0,0,0,0,0,0,,
16/02/20,22:00:08,Secador 3,28,2002162103,205,0,0,0,0,0,0,0,0,0,0,0,0,0,0,,0,0,0,0,0,0,0,0,0,,
16/02/20,22:02:39,Secador 3,28,2002162103,195,0,0,0,0,0,0,0,0,0,0,0,0,0,0,,0,0,0,0,0,0,0,0,0,,
16/02/20,22:04:41,Secador 3,28,2002162103,198,0,0,0,0,0,0,0,0,0,0,0,0,0,0,,0,0,0,0,0,0,0,0,0,,
16/02/20,22:06:30,Secador 3,28,2002162103,202,0,0,0,0,0,0,0,0,0,0,0,0,0,0,,0,0,0,0,0,0,0,0,0,,
16/02/20,22:07:49,Secador 3,28,2002162103,202,0,0,0,0,0,0,0,0,0,0,0,0,0,0,,0,0,0,0,0,0,0,0,0,,
16/02/20,22:08:31,Secador 3,28,2002162103,198,0,0,0,0,0,0,0,0,0,0,0,0,0,0,,0,0,0,0,0,0,0,0,0,,
16/02/20,22:10:00,Secador 3,28,2002162103,201,0,0,0,0,0,0,0,0,0,0,0,0,0,0,,0,0,0,0,0,0,0,0,0,,
16/02/20,22:12:11,Secador 3,28,2002162103,199,0,0,0,0,0,0,0,0,0,0,0,0,0,0,,0,0,0,0,0,0,0,0,0,,
16/02/20,22:15:44,Secador 3,28,2002162103,203,0,0,0,0,0,0,0,0,0,0,0,0,0,0,,0,0,0,0,0,0,0,0,0,,
16/02/20,22:17:02,Secador 3,28,2002162103,196,0,0,0,0,0,0,0,0,0,0,0,0,0,0,,0,0,0,0,0,0,0,0,0,,
16/02/20,22:18:24,Secador 3,28,2002162103,201,0,0,0,0,0,0,0,0,0,0,0,0,0,0,,0,0,0,0,0,0,0,0,0,,
16/02/20,22:21:16,Secador 3,28,2002162103,196,0,0,0,0,0,0,0,0,0,0,0,0,0,0,,0,0,0,0,0,0,0,0,0,,
16/02/20,22:24:26,Secador 3,28,2002162103,208,0,0,0,0,0,0,0,0,0,0,0,0,0,0,,0,0,0,0,0,0,0,0,0,,
16/02/20,22:25:21,Secador 3,28,2002162103,197,0,0,0,0,0,0,0,0,0,0,0,0,0,0,,0,0,0,0,0,0,0,0,0,,
16/02/20,22:26:29,Secador 3,28,2002162103,203,0,0,0,0,0,0,0,0,0,0,0,0,0,0,,0,0,0,0,0,0,0,0,0,,
16/02/20,22:27:08,Secador 3,28,2002162103,194,0,0,0,0,0,0,0,0,0,0,0,0,0,0,,0,0,0,0,0,0,0,0,0,,
16/02/20,22:32:22,Secador 3,28,2002162103,55,0,0,0,0,0,0,0,0,0,0,0,0,0,0,,0,0,0,0,0,0,0,0,0,,
17/02/20,00:06:06,Secador 3,29,2002170001,203,0,0,0,0,0,0,0,0,0,0,0,0,0,0,,0,0,0,0,0,0,0,0,0,,
17/02/20,00:07:34,Secador 4,29,2002170001,202,0,0,0,0,0,0,0,0,0,0,0,0,0,0,,0,0,0,0,0,0,0,0,0,,
17/02/20,00:08:37,Secador 4,29,2002170001,200,0,0,0,0,0,0,0,0,0,0,0,0,0,0,,0,0,0,0,0,0,0,0,0,,
17/02/20,00:09:42,Secador 4,29,2002170001,199,0,0,0,0,0,0,0,0,0,0,0,0,0,0,,0,0,0,0,0,0,0,0,0,,
17/02/20,00:11:46,Secador 4,29,2002170001,198,0,0,0,0,0,0,0,0,0,0,0,0,0,0,,0,0,0,0,0,0,0,0,0,,
17/02/20,00:13:24,Secador 4,29,2002170001,203,0,0,0,0,0,0,0,0,0,0,0,0,0,0,,0,0,0,0,0,0,0,0,0,,
17/02/20,00:14:15,Secador 4,29,2002170001,201,0,0,0,0,0,0,0,0,0,0,0,0,0,0,,0,0,0,0,0,0,0,0,0,,
17/02/20,00:15:03,Secador 4,29,2002170001,201,0,0,0,0,0,0,0,0,0,0,0,0,0,0,,0,0,0,0,0,0,0,0,0,,
17/02/20,00:15:54,Secador 4,29,2002170001,200,0,0,0,0,0,0,0,0,0,0,0,0,0,0,,0,0,0,0,0,0,0,0,0,,
17/02/20,00:16:53,Secador 4,29,2002170001,197,0,0,0,0,0,0,0,0,0,0,0,0,0,0,,0,0,0,0,0,0,0,0,0,,
17/02/20,00:17:55,Secador 4,29,2002170001,200,0,0,0,0,0,0,0,0,0,0,0,0,0,0,,0,0,0,0,0,0,0,0,0,,
17/02/20,00:19:28,Secador 4,29,2002170001,197,0,0,0,0,0,0,0,0,0,0,0,0,0,0,,0,0,0,0,0,0,0,0,0,,
17/02/20,00:20:59,Secador 4,29,2002170001,203,0,0,0,0,0,0,0,0,0,0,0,0,0,0,,0,0,0,0,0,0,0,0,0,,
17/02/20,00:22:15,Secador 4,29,2002170001,196,0,0,0,0,0,0,0,0,0,0,0,0,0,0,,0,0,0,0,0,0,0,0,0,,
17/02/20,00:26:36,Secador 4,29,2002170001,206,0,0,0,0,0,0,0,0,0,0,0,0,0,0,,0,0,0,0,0,0,0,0,0,,
17/02/20,00:27:34,Secador 4,29,2002170001,201,0,0,0,0,0,0,0,0,0,0,0,0,0,0,,0,0,0,0,0,0,0,0,0,,
17/02/20,00:28:38,Secador 4,29,2002170001,196,0,0,0,0,0,0,0,0,0,0,0,0,0,0,,0,0,0,0,0,0,0,0,0,,
17/02/20,00:29:59,Secador 4,29,2002170001,200,0,0,0,0,0,0,0,0,0,0,0,0,0,0,,0,0,0,0,0,0,0,0,0,,
17/02/20,00:31:17,Secador 4,29,2002170001,199,0,0,0,0,0,0,0,0,0,0,0,0,0,0,,0,0,0,0,0,0,0,0,0,,
17/02/20,00:33:15,Secador 4,29,2002170001,200,0,0,0,0,0,0,0,0,0,0,0,0,0,0,,0,0,0,0,0,0,0,0,0,,
17/02/20,00:34:50,Secador 4,29,2002170001,201,0,0,0,0,0,0,0,0,0,0,0,0,0,0,,0,0,0,0,0,0,0,0,0,,
17/02/20,00:38:54,Secador 4,29,2002170001,187,0,0,0,0,0,0,0,0,0,0,0,0,0,0,,0,0,0,0,0,0,0,0,0,,
17/02/20,00:51:45,Secador 7,26,2002170048,202,0,0,0,0,0,0,0,0,0,0,0,0,0,0,,0,0,0,0,0,0,0,0,0,,
17/02/20,00:52:45,Secador 7,26,2002170048,200,0,0,0,0,0,0,0,0,0,0,0,0,0,0,,0,0,0,0,0,0,0,0,0,,
17/02/20,00:53:44,Secador 7,26,2002170048,201,0,0,0,0,0,0,0,0,0,0,0,0,0,0,,0,0,0,0,0,0,0,0,0,,
17/02/20,00:54:32,Secador 7,26,2002170048,202,0,0,0,0,0,0,0,0,0,0,0,0,0,0,,0,0,0,0,0,0,0,0,0,,
17/02/20,00:55:24,Secador 7,26,2002170048,195,0,0,0,0,0,0,0,0,0,0,0,0,0,0,,0,0,0,0,0,0,0,0,0,,
17/02/20,00:56:33,Secador 7,26,2002170048,201,0,0,0,0,0,0,0,0,0,0,0,0,0,0,,0,0,0,0,0,0,0,0,0,,
17/02/20,00:57:43,Secador 7,26,2002170048,200,0,0,0,0,0,0,0,0,0,0,0,0,0,0,,0,0,0,0,0,0,0,0,0,,
17/02/20,00:58:48,Secador 7,26,2002170048,198,0,0,0,0,0,0,0,0,0,0,0,0,0,0,,0,0,0,0,0,0,0,0,0,,
17/02/20,00:59:57,Secador 7,26,2002170048,202,0,0,0,0,0,0,0,0,0,0,0,0,0,0,,0,0,0,0,0,0,0,0,0,,
17/02/20,01:01:03,Secador 7,26,2002170048,201,0,0,0,0,0,0,0,0,0,0,0,0,0,0,,0,0,0,0,0,0,0,0,0,,
17/02/20,01:02:12,Secador 7,26,2002170048,200,0,0,0,0,0,0,0,0,0,0,0,0,0,0,,0,0,0,0,0,0,0,0,0,,
17/02/20,01:03:16,Secador 7,26,2002170048,198,0,0,0,0,0,0,0,0,0,0,0,0,0,0,,0,0,0,0,0,0,0,0,0,,
17/02/20,01:04:24,Secador 7,26,2002170048,201,0,0,0,0,0,0,0,0,0,0,0,0,0,0,,0,0,0,0,0,0,0,0,0,,
17/02/20,01:05:36,Secador 7,26,2002170048,198,0,0,0,0,0,0,0,0,0,0,0,0,0,0,,0,0,0,0,0,0,0,0,0,,
17/02/20,01:06:49,Secador 7,26,2002170048,202,0,0,0,0,0,0,0,0,0,0,0,0,0,0,,0,0,0,0,0,0,0,0,0,,
17/02/20,01:08:01,Secador 7,26,2002170048,200,0,0,0,0,0,0,0,0,0,0,0,0,0,0,,0,0,0,0,0,0,0,0,0,,
17/02/20,01:09:09,Secador 7,26,2002170048,200,0,0,0,0,0,0,0,0,0,0,0,0,0,0,,0,0,0,0,0,0,0,0,0,,
17/02/20,01:10:23,Secador 7,26,2002170048,201,0,0,0,0,0,0,0,0,0,0,0,0,0,0,,0,0,0,0,0,0,0,0,0,,
17/02/20,01:11:26,Secador 7,26,2002170048,200,0,0,0,0,0,0,0,0,0,0,0,0,0,0,,0,0,0,0,0,0,0,0,0,,
17/02/20,01:12:33,Secador 7,26,2002170048,197,0,0,0,0,0,0,0,0,0,0,0,0,0,0,,0,0,0,0,0,0,0,0,0,,
17/02/20,01:13:41,Secador 7,26,2002170048,200,0,0,0,0,0,0,0,0,0,0,0,0,0,0,,0,0,0,0,0,0,0,0,0,,
17/02/20,01:15:01,Secador 7,26,2002170048,200,0,0,0,0,0,0,0,0,0,0,0,0,0,0,,0,0,0,0,0,0,0,0,0,,
17/02/20,01:16:34,Secador 7,26,2002170048,200,0,0,0,0,0,0,0,0,0,0,0,0,0,0,,0,0,0,0,0,0,0,0,0,,
17/02/20,01:18:38,Secador 7,26,2002170048,199,0,0,0,0,0,0,0,0,0,0,0,0,0,0,,0,0,0,0,0,0,0,0,0,,
17/02/20,01:19:47,Secador 7,26,2002170048,203,0,0,0,0,0,0,0,0,0,0,0,0,0,0,,0,0,0,0,0,0,0,0,0,,
17/02/20,01:20:49,Secador 7,26,2002170048,199,0,0,0,0,0,0,0,0,0,0,0,0,0,0,,0,0,0,0,0,0,0,0,0,,
17/02/20,01:22:02,Secador 7,26,2002170048,199,0,0,0,0,0,0,0,0,0,0,0,0,0,0,,0,0,0,0,0,0,0,0,0,,
17/02/20,01:23:25,Secador 7,26,2002170048,200,0,0,0,0,0,0,0,0,0,0,0,0,0,0,,0,0,0,0,0,0,0,0,0,,
17/02/20,01:24:38,Secador 7,26,2002170048,205,0,0,0,0,0,0,0,0,0,0,0,0,0,0,,0,0,0,0,0,0,0,0,0,,
17/02/20,01:25:28,Secador 7,26,2002170048,200,0,0,0,0,0,0,0,0,0,0,0,0,0,0,,0,0,0,0,0,0,0,0,0,,
17/02/20,01:26:56,Secador 7,26,2002170048,197,0,0,0,0,0,0,0,0,0,0,0,0,0,0,,0,0,0,0,0,0,0,0,0,,
17/02/20,01:28:04,Secador 7,26,2002170048,200,0,0,0,0,0,0,0,0,0,0,0,0,0,0,,0,0,0,0,0,0,0,0,0,,
17/02/20,01:29:12,Secador 7,26,2002170048,198,0,0,0,0,0,0,0,0,0,0,0,0,0,0,,0,0,0,0,0,0,0,0,0,,
17/02/20,01:30:39,Secador 7,26,2002170048,201,0,0,0,0,0,0,0,0,0,0,0,0,0,0,,0,0,0,0,0,0,0,0,0,,
17/02/20,01:31:48,Secador 7,26,2002170048,202,0,0,0,0,0,0,0,0,0,0,0,0,0,0,,0,0,0,0,0,0,0,0,0,,
17/02/20,01:32:50,Secador 7,26,2002170048,199,0,0,0,0,0,0,0,0,0,0,0,0,0,0,,0,0,0,0,0,0,0,0,0,,
17/02/20,01:33:52,Secador 7,26,2002170048,201,0,0,0,0,0,0,0,0,0,0,0,0,0,0,,0,0,0,0,0,0,0,0,0,,
17/02/20,01:35:03,Secador 7,26,2002170048,196,0,0,0,0,0,0,0,0,0,0,0,0,0,0,,0,0,0,0,0,0,0,0,0,,
17/02/20,01:36:57,Secador 7,26,2002170048,201,0,0,0,0,0,0,0,0,0,0,0,0,0,0,,0,0,0,0,0,0,0,0,0,,
17/02/20,01:38:10,Secador 7,26,2002170048,203,0,0,0,0,0,0,0,0,0,0,0,0,0,0,,0,0,0,0,0,0,0,0,0,,
17/02/20,01:39:11,Secador 7,26,2002170048,199,0,0,0,0,0,0,0,0,0,0,0,0,0,0,,0,0,0,0,0,0,0,0,0,,
17/02/20,02:04:40,Secador 7,26,2002170048,200,0,0,0,0,0,0,0,0,0,0,0,0,0,0,,0,0,0,0,0,0,0,0,0,,
17/02/20,02:05:56,Secador 7,26,2002170048,198,0,0,0,0,0,0,0,0,0,0,0,0,0,0,,0,0,0,0,0,0,0,0,0,,
17/02/20,02:07:35,Secador 7,26,2002170048,203,0,0,0,0,0,0,0,0,0,0,0,0,0,0,,0,0,0,0,0,0,0,0,0,,
17/02/20,02:08:16,Secador 7,26,2002170048,198,0,0,0,0,0,0,0,0,0,0,0,0,0,0,,0,0,0,0,0,0,0,0,0,,
17/02/20,02:08:55,Secador 7,26,2002170048,198,0,0,0,0,0,0,0,0,0,0,0,0,0,0,,0,0,0,0,0,0,0,0,0,,
17/02/20,02:09:39,Secador 7,26,2002170048,206,0,0,0,0,0,0,0,0,0,0,0,0,0,0,,0,0,0,0,0,0,0,0,0,,
17/02/20,02:10:23,Secador 7,26,2002170048,194,0,0,0,0,0,0,0,0,0,0,0,0,0,0,,0,0,0,0,0,0,0,0,0,,
17/02/20,02:11:05,Secador 7,26,2002170048,206,0,0,0,0,0,0,0,0,0,0,0,0,0,0,,0,0,0,0,0,0,0,0,0,,
17/02/20,02:11:53,Secador 7,26,2002170048,201,0,0,0,0,0,0,0,0,0,0,0,0,0,0,,0,0,0,0,0,0,0,0,0,,
17/02/20,02:12:54,Secador 7,26,2002170048,196,0,0,0,0,0,0,0,0,0,0,0,0,0,0,,0,0,0,0,0,0,0,0,0,,
17/02/20,02:13:41,Secador 7,26,2002170048,202,0,0,0,0,0,0,0,0,0,0,0,0,0,0,,0,0,0,0,0,0,0,0,0,,
17/02/20,02:14:34,Secador 7,26,2002170048,201,0,0,0,0,0,0,0,0,0,0,0,0,0,0,,0,0,0,0,0,0,0,0,0,,
17/02/20,02:15:29,Secador 7,26,2002170048,200,0,0,0,0,0,0,0,0,0,0,0,0,0,0,,0,0,0,0,0,0,0,0,0,,
17/02/20,02:17:04,Secador 7,26,2002170048,196,0,0,0,0,0,0,0,0,0,0,0,0,0,0,,0,0,0,0,0,0,0,0,0,,
17/02/20,02:19:41,Secador 7,26,2002170048,202,0,0,0,0,0,0,0,0,0,0,0,0,0,0,,0,0,0,0,0,0,0,0,0,,
17/02/20,02:20:54,Secador 7,26,2002170048,196,0,0,0,0,0,0,0,0,0,0,0,0,0,0,,0,0,0,0,0,0,0,0,0,,
17/02/20,02:22:14,Secador 7,26,2002170048,205,0,0,0,0,0,0,0,0,0,0,0,0,0,0,,0,0,0,0,0,0,0,0,0,,
17/02/20,02:23:14,Secador 7,26,2002170048,197,0,0,0,0,0,0,0,0,0,0,0,0,0,0,,0,0,0,0,0,0,0,0,0,,
17/02/20,02:25:04,Secador 7,26,2002170048,198,0,0,0,0,0,0,0,0,0,0,0,0,0,0,,0,0,0,0,0,0,0,0,0,,
17/02/20,02:26:26,Secador 7,26,2002170048,206,0,0,0,0,0,0,0,0,0,0,0,0,0,0,,0,0,0,0,0,0,0,0,0,,
17/02/20,02:27:52,Secador 7,26,2002170048,197,0,0,0,0,0,0,0,0,0,0,0,0,0,0,,0,0,0,0,0,0,0,0,0,,
17/02/20,02:29:05,Secador 7,26,2002170048,198,0,0,0,0,0,0,0,0,0,0,0,0,0,0,,0,0,0,0,0,0,0,0,0,,
17/02/20,02:30:26,Secador 7,26,2002170048,204,0,0,0,0,0,0,0,0,0,0,0,0,0,0,,0,0,0,0,0,0,0,0,0,,
17/02/20,02:31:33,Secador 7,26,2002170048,196,0,0,0,0,0,0,0,0,0,0,0,0,0,0,,0,0,0,0,0,0,0,0,0,,
17/02/20,02:36:47,Secador 7,26,2002170048,174,0,0,0,0,0,0,0,0,0,0,0,0,0,0,,0,0,0,0,0,0,0,0,0,,
17/02/20,02:43:02,Secador 12,27,2002170239,200,0,0,0,0,0,0,0,0,0,0,0,0,0,0,,0,0,0,0,0,0,0,0,0,,
17/02/20,02:43:51,Secador 12,27,2002170239,200,0,0,0,0,0,0,0,0,0,0,0,0,0,0,,0,0,0,0,0,0,0,0,0,,
17/02/20,02:45:01,Secador 12,27,2002170239,204,0,0,0,0,0,0,0,0,0,0,0,0,0,0,,0,0,0,0,0,0,0,0,0,,
17/02/20,02:46:01,Secador 12,27,2002170239,201,0,0,0,0,0,0,0,0,0,0,0,0,0,0,,0,0,0,0,0,0,0,0,0,,
17/02/20,02:47:11,Secador 12,27,2002170239,196,0,0,0,0,0,0,0,0,0,0,0,0,0,0,,0,0,0,0,0,0,0,0,0,,
17/02/20,02:48:23,Secador 12,27,2002170239,200,0,0,0,0,0,0,0,0,0,0,0,0,0,0,,0,0,0,0,0,0,0,0,0,,
17/02/20,02:49:51,Secador 12,27,2002170239,199,0,0,0,0,0,0,0,0,0,0,0,0,0,0,,0,0,0,0,0,0,0,0,0,,
17/02/20,02:51:27,Secador 12,27,2002170239,200,0,0,0,0,0,0,0,0,0,0,0,0,0,0,,0,0,0,0,0,0,0,0,0,,
17/02/20,02:52:33,Secador 12,27,2002170239,202,0,0,0,0,0,0,0,0,0,0,0,0,0,0,,0,0,0,0,0,0,0,0,0,,
17/02/20,02:53:34,Secador 12,27,2002170239,198,0,0,0,0,0,0,0,0,0,0,0,0,0,0,,0,0,0,0,0,0,0,0,0,,
17/02/20,02:54:50,Secador 12,27,2002170239,200,0,0,0,0,0,0,0,0,0,0,0,0,0,0,,0,0,0,0,0,0,0,0,0,,
17/02/20,02:56:06,Secador 12,27,2002170239,200,0,0,0,0,0,0,0,0,0,0,0,0,0,0,,0,0,0,0,0,0,0,0,0,,
17/02/20,02:57:38,Secador 12,27,2002170239,199,0,0,0,0,0,0,0,0,0,0,0,0,0,0,,0,0,0,0,0,0,0,0,0,,
17/02/20,02:58:54,Secador 12,27,2002170239,205,0,0,0,0,0,0,0,0,0,0,0,0,0,0,,0,0,0,0,0,0,0,0,0,,
17/02/20,02:59:47,Secador 12,27,2002170239,201,0,0,0,0,0,0,0,0,0,0,0,0,0,0,,0,0,0,0,0,0,0,0,0,,
17/02/20,03:00:41,Secador 12,27,2002170239,198,0,0,0,0,0,0,0,0,0,0,0,0,0,0,,0,0,0,0,0,0,0,0,0,,
17/02/20,03:01:35,Secador 12,27,2002170239,201,0,0,0,0,0,0,0,0,0,0,0,0,0,0,,0,0,0,0,0,0,0,0,0,,
17/02/20,03:02:30,Secador 12,27,2002170239,198,0,0,0,0,0,0,0,0,0,0,0,0,0,0,,0,0,0,0,0,0,0,0,0,,
17/02/20,03:03:31,Secador 12,27,2002170239,202,0,0,0,0,0,0,0,0,0,0,0,0,0,0,,0,0,0,0,0,0,0,0,0,,
17/02/20,03:04:23,Secador 12,27,2002170239,201,0,0,0,0,0,0,0,0,0,0,0,0,0,0,,0,0,0,0,0,0,0,0,0,,
17/02/20,03:05:16,Secador 12,27,2002170239,199,0,0,0,0,0,0,0,0,0,0,0,0,0,0,,0,0,0,0,0,0,0,0,0,,
17/02/20,03:06:14,Secador 12,27,2002170239,198,0,0,0,0,0,0,0,0,0,0,0,0,0,0,,0,0,0,0,0,0,0,0,0,,
17/02/20,03:07:16,Secador 12,27,2002170239,200,0,0,0,0,0,0,0,0,0,0,0,0,0,0,,0,0,0,0,0,0,0,0,0,,
17/02/20,03:08:53,Secador 12,27,2002170239,197,0,0,0,0,0,0,0,0,0,0,0,0,0,0,,0,0,0,0,0,0,0,0,0,,
17/02/20,03:10:08,Secador 12,27,2002170239,205,0,0,0,0,0,0,0,0,0,0,0,0,0,0,,0,0,0,0,0,0,0,0,0,,
17/02/20,03:11:01,Secador 12,27,2002170239,199,0,0,0,0,0,0,0,0,0,0,0,0,0,0,,0,0,0,0,0,0,0,0,0,,
17/02/20,03:11:56,Secador 12,27,2002170239,202,0,0,0,0,0,0,0,0,0,0,0,0,0,0,,0,0,0,0,0,0,0,0,0,,
17/02/20,03:12:44,Secador 12,27,2002170239,199,0,0,0,0,0,0,0,0,0,0,0,0,0,0,,0,0,0,0,0,0,0,0,0,,
17/02/20,03:13:57,Secador 12,27,2002170239,197,0,0,0,0,0,0,0,0,0,0,0,0,0,0,,0,0,0,0,0,0,0,0,0,,
17/02/20,03:14:53,Secador 12,27,2002170239,205,0,0,0,0,0,0,0,0,0,0,0,0,0,0,,0,0,0,0,0,0,0,0,0,,
17/02/20,03:15:45,Secador 12,27,2002170239,195,0,0,0,0,0,0,0,0,0,0,0,0,0,0,,0,0,0,0,0,0,0,0,0,,
17/02/20,03:17:08,Secador 12,27,2002170239,200,0,0,0,0,0,0,0,0,0,0,0,0,0,0,,0,0,0,0,0,0,0,0,0,,
17/02/20,03:18:12,Secador 12,27,2002170239,200,0,0,0,0,0,0,0,0,0,0,0,0,0,0,,0,0,0,0,0,0,0,0,0,,
17/02/20,03:19:21,Secador 12,27,2002170239,199,0,0,0,0,0,0,0,0,0,0,0,0,0,0,,0,0,0,0,0,0,0,0,0,,
17/02/20,03:20:38,Secador 12,27,2002170239,200,0,0,0,0,0,0,0,0,0,0,0,0,0,0,,0,0,0,0,0,0,0,0,0,,
17/02/20,03:21:52,Secador 12,27,2002170239,203,0,0,0,0,0,0,0,0,0,0,0,0,0,0,,0,0,0,0,0,0,0,0,0,,
17/02/20,03:22:59,Secador 12,27,2002170239,198,0,0,0,0,0,0,0,0,0,0,0,0,0,0,,0,0,0,0,0,0,0,0,0,,
17/02/20,03:24:06,Secador 12,27,2002170239,200,0,0,0,0,0,0,0,0,0,0,0,0,0,0,,0,0,0,0,0,0,0,0,0,,
17/02/20,03:25:20,Secador 12,27,2002170239,200,0,0,0,0,0,0,0,0,0,0,0,0,0,0,,0,0,0,0,0,0,0,0,0,,
17/02/20,03:26:37,Secador 12,27,2002170239,200,0,0,0,0,0,0,0,0,0,0,0,0,0,0,,0,0,0,0,0,0,0,0,0,,
17/02/20,03:28:03,Secador 12,27,2002170239,200,0,0,0,0,0,0,0,0,0,0,0,0,0,0,,0,0,0,0,0,0,0,0,0,,
17/02/20,03:29:19,Secador 12,27,2002170239,201,0,0,0,0,0,0,0,0,0,0,0,0,0,0,,0,0,0,0,0,0,0,0,0,,
17/02/20,03:30:37,Secador 12,27,2002170239,200,0,0,0,0,0,0,0,0,0,0,0,0,0,0,,0,0,0,0,0,0,0,0,0,,
17/02/20,03:31:54,Secador 12,27,2002170239,198,0,0,0,0,0,0,0,0,0,0,0,0,0,0,,0,0,0,0,0,0,0,0,0,,
17/02/20,03:33:35,Secador 12,27,2002170239,199,0,0,0,0,0,0,0,0,0,0,0,0,0,0,,0,0,0,0,0,0,0,0,0,,
17/02/20,03:35:34,Secador 12,27,2002170239,203,0,0,0,0,0,0,0,0,0,0,0,0,0,0,,0,0,0,0,0,0,0,0,0,,
17/02/20,03:36:45,Secador 12,27,2002170239,201,0,0,0,0,0,0,0,0,0,0,0,0,0,0,,0,0,0,0,0,0,0,0,0,,
17/02/20,03:37:55,Secador 12,27,2002170239,198,0,0,0,0,0,0,0,0,0,0,0,0,0,0,,0,0,0,0,0,0,0,0,0,,
17/02/20,03:39:08,Secador 12,27,2002170239,201,0,0,0,0,0,0,0,0,0,0,0,0,0,0,,0,0,0,0,0,0,0,0,0,,
17/02/20,03:40:16,Secador 12,27,2002170239,200,0,0,0,0,0,0,0,0,0,0,0,0,0,0,,0,0,0,0,0,0,0,0,0,,
17/02/20,03:41:20,Secador 12,27,2002170239,199,0,0,0,0,0,0,0,0,0,0,0,0,0,0,,0,0,0,0,0,0,0,0,0,,
17/02/20,03:42:36,Secador 12,27,2002170239,200,0,0,0,0,0,0,0,0,0,0,0,0,0,0,,0,0,0,0,0,0,0,0,0,,
17/02/20,03:43:56,Secador 12,27,2002170239,200,0,0,0,0,0,0,0,0,0,0,0,0,0,0,,0,0,0,0,0,0,0,0,0,,
17/02/20,03:45:09,Secador 12,27,2002170239,200,0,0,0,0,0,0,0,0,0,0,0,0,0,0,,0,0,0,0,0,0,0,0,0,,
17/02/20,03:46:31,Secador 12,27,2002170239,200,0,0,0,0,0,0,0,0,0,0,0,0,0,0,,0,0,0,0,0,0,0,0,0,,
17/02/20,03:50:12,Secador 12,27,2002170239,200,0,0,0,0,0,0,0,0,0,0,0,0,0,0,,0,0,0,0,0,0,0,0,0,,
17/02/20,03:52:10,Secador 12,27,2002170239,200,0,0,0,0,0,0,0,0,0,0,0,0,0,0,,0,0,0,0,0,0,0,0,0,,
17/02/20,03:53:37,Secador 12,27,2002170239,201,0,0,0,0,0,0,0,0,0,0,0,0,0,0,,0,0,0,0,0,0,0,0,0,,
17/02/20,03:54:58,Secador 12,27,2002170239,199,0,0,0,0,0,0,0,0,0,0,0,0,0,0,,0,0,0,0,0,0,0,0,0,,
17/02/20,03:56:34,Secador 12,27,2002170239,199,0,0,0,0,0,0,0,0,0,0,0,0,0,0,,0,0,0,0,0,0,0,0,0,,
17/02/20,03:58:18,Secador 12,27,2002170239,201,0,0,0,0,0,0,0,0,0,0,0,0,0,0,,0,0,0,0,0,0,0,0,0,,
17/02/20,03:59:38,Secador 12,27,2002170239,199,0,0,0,0,0,0,0,0,0,0,0,0,0,0,,0,0,0,0,0,0,0,0,0,,
17/02/20,04:01:14,Secador 12,27,2002170239,203,0,0,0,0,0,0,0,0,0,0,0,0,0,0,,0,0,0,0,0,0,0,0,0,,
17/02/20,04:03:51,Secador 12,27,2002170239,60,0,0,0,0,0,0,0,0,0,0,0,0,0,0,,0,0,0,0,0,0,0,0,0,,
17/02/20,12:08:40,Secador 9,13,2002171203,196,0,0,0,0,0,0,0,0,0,0,0,0,0,0,,0,0,0,0,0,0,0,0,0,,
17/02/20,12:10:13,Secador 9,13,2002171203,201,0,0,0,0,0,0,0,0,0,0,0,0,0,0,,0,0,0,0,0,0,0,0,0,,
17/02/20,12:11:43,Secador 9,13,2002171203,201,0,0,0,0,0,0,0,0,0,0,0,0,0,0,,0,0,0,0,0,0,0,0,0,,
17/02/20,12:13:19,Secador 9,13,2002171203,199,0,0,0,0,0,0,0,0,0,0,0,0,0,0,,0,0,0,0,0,0,0,0,0,,
17/02/20,12:14:57,Secador 9,13,2002171203,200,0,0,0,0,0,0,0,0,0,0,0,0,0,0,,0,0,0,0,0,0,0,0,0,,
17/02/20,12:16:37,Secador 9,13,2002171203,200,0,0,0,0,0,0,0,0,0,0,0,0,0,0,,0,0,0,0,0,0,0,0,0,,
17/02/20,12:18:10,Secador 9,13,2002171203,200,0,0,0,0,0,0,0,0,0,0,0,0,0,0,,0,0,0,0,0,0,0,0,0,,
17/02/20,12:19:41,Secador 9,13,2002171203,199,0,0,0,0,0,0,0,0,0,0,0,0,0,0,,0,0,0,0,0,0,0,0,0,,
17/02/20,12:21:24,Secador 9,13,2002171203,201,0,0,0,0,0,0,0,0,0,0,0,0,0,0,,0,0,0,0,0,0,0,0,0,,
17/02/20,12:23:06,Secador 9,13,2002171203,200,0,0,0,0,0,0,0,0,0,0,0,0,0,0,,0,0,0,0,0,0,0,0,0,,
17/02/20,12:24:45,Secador 9,13,2002171203,199,0,0,0,0,0,0,0,0,0,0,0,0,0,0,,0,0,0,0,0,0,0,0,0,,
17/02/20,12:26:39,Secador 9,13,2002171203,199,0,0,0,0,0,0,0,0,0,0,0,0,0,0,,0,0,0,0,0,0,0,0,0,,
17/02/20,12:28:00,Secador 9,13,2002171203,203,0,0,0,0,0,0,0,0,0,0,0,0,0,0,,0,0,0,0,0,0,0,0,0,,
17/02/20,12:29:23,Secador 9,13,2002171203,199,0,0,0,0,0,0,0,0,0,0,0,0,0,0,,0,0,0,0,0,0,0,0,0,,
17/02/20,12:30:50,Secador 9,13,2002171203,201,0,0,0,0,0,0,0,0,0,0,0,0,0,0,,0,0,0,0,0,0,0,0,0,,
17/02/20,12:32:05,Secador 9,13,2002171203,200,0,0,0,0,0,0,0,0,0,0,0,0,0,0,,0,0,0,0,0,0,0,0,0,,
17/02/20,12:33:13,Secador 9,13,2002171203,205,0,0,0,0,0,0,0,0,0,0,0,0,0,0,,0,0,0,0,0,0,0,0,0,,
17/02/20,12:33:45,Secador 9,13,2002171203,195,0,0,0,0,0,0,0,0,0,0,0,0,0,0,,0,0,0,0,0,0,0,0,0,,
17/02/20,12:34:24,Secador 9,13,2002171203,200,0,0,0,0,0,0,0,0,0,0,0,0,0,0,,0,0,0,0,0,0,0,0,0,,
17/02/20,12:35:49,Secador 9,13,2002171203,200,0,0,0,0,0,0,0,0,0,0,0,0,0,0,,0,0,0,0,0,0,0,0,0,,
17/02/20,12:36:42,Secador 9,13,2002171203,204,0,0,0,0,0,0,0,0,0,0,0,0,0,0,,0,0,0,0,0,0,0,0,0,,
17/02/20,12:37:29,Secador 9,13,2002171203,193,0,0,0,0,0,0,0,0,0,0,0,0,0,0,,0,0,0,0,0,0,0,0,0,,
17/02/20,12:38:16,Secador 9,13,2002171203,206,0,0,0,0,0,0,0,0,0,0,0,0,0,0,,0,0,0,0,0,0,0,0,0,,
17/02/20,12:39:03,Secador 9,13,2002171203,201,0,0,0,0,0,0,0,0,0,0,0,0,0,0,,0,0,0,0,0,0,0,0,0,,
17/02/20,12:39:53,Secador 9,13,2002171203,199,0,0,0,0,0,0,0,0,0,0,0,0,0,0,,0,0,0,0,0,0,0,0,0,,
17/02/20,12:40:53,Secador 9,13,2002171203,197,0,0,0,0,0,0,0,0,0,0,0,0,0,0,,0,0,0,0,0,0,0,0,0,,
17/02/20,12:41:54,Secador 9,13,2002171203,201,0,0,0,0,0,0,0,0,0,0,0,0,0,0,,0,0,0,0,0,0,0,0,0,,
17/02/20,12:42:54,Secador 9,13,2002171203,201,0,0,0,0,0,0,0,0,0,0,0,0,0,0,,0,0,0,0,0,0,0,0,0,,
17/02/20,12:43:54,Secador 9,13,2002171203,199,0,0,0,0,0,0,0,0,0,0,0,0,0,0,,0,0,0,0,0,0,0,0,0,,
17/02/20,12:44:55,Secador 9,13,2002171203,200,0,0,0,0,0,0,0,0,0,0,0,0,0,0,,0,0,0,0,0,0,0,0,0,,
17/02/20,12:46:02,Secador 9,13,2002171203,200,0,0,0,0,0,0,0,0,0,0,0,0,0,0,,0,0,0,0,0,0,0,0,0,,
17/02/20,12:47:14,Secador 9,13,2002171203,199,0,0,0,0,0,0,0,0,0,0,0,0,0,0,,0,0,0,0,0,0,0,0,0,,
17/02/20,12:48:21,Secador 9,13,2002171203,200,0,0,0,0,0,0,0,0,0,0,0,0,0,0,,0,0,0,0,0,0,0,0,0,,
17/02/20,12:49:38,Secador 9,13,2002171203,200,0,0,0,0,0,0,0,0,0,0,0,0,0,0,,0,0,0,0,0,0,0,0,0,,
17/02/20,12:51:03,Secador 9,13,2002171203,200,0,0,0,0,0,0,0,0,0,0,0,0,0,0,,0,0,0,0,0,0,0,0,0,,
17/02/20,12:52:20,Secador 9,13,2002171203,199,0,0,0,0,0,0,0,0,0,0,0,0,0,0,,0,0,0,0,0,0,0,0,0,,
17/02/20,12:53:27,Secador 9,13,2002171203,204,0,0,0,0,0,0,0,0,0,0,0,0,0,0,,0,0,0,0,0,0,0,0,0,,
17/02/20,12:54:37,Secador 9,13,2002171203,196,0,0,0,0,0,0,0,0,0,0,0,0,0,0,,0,0,0,0,0,0,0,0,0,,
17/02/20,12:55:59,Secador 9,13,2002171203,198,0,0,0,0,0,0,0,0,0,0,0,0,0,0,,0,0,0,0,0,0,0,0,0,,
17/02/20,12:57:25,Secador 9,13,2002171203,204,0,0,0,0,0,0,0,0,0,0,0,0,0,0,,0,0,0,0,0,0,0,0,0,,
17/02/20,12:58:25,Secador 9,13,2002171203,201,0,0,0,0,0,0,0,0,0,0,0,0,0,0,,0,0,0,0,0,0,0,0,0,,
17/02/20,12:59:21,Secador 9,13,2002171203,201,0,0,0,0,0,0,0,0,0,0,0,0,0,0,,0,0,0,0,0,0,0,0,0,,
17/02/20,13:00:27,Secador 9,13,2002171203,197,0,0,0,0,0,0,0,0,0,0,0,0,0,0,,0,0,0,0,0,0,0,0,0,,
17/02/20,13:01:36,Secador 9,13,2002171203,200,0,0,0,0,0,0,0,0,0,0,0,0,0,0,,0,0,0,0,0,0,0,0,0,,
17/02/20,13:02:51,Secador 9,13,2002171203,200,0,0,0,0,0,0,0,0,0,0,0,0,0,0,,0,0,0,0,0,0,0,0,0,,
17/02/20,13:04:03,Secador 9,13,2002171203,200,0,0,0,0,0,0,0,0,0,0,0,0,0,0,,0,0,0,0,0,0,0,0,0,,
17/02/20,13:05:17,Secador 9,13,2002171203,200,0,0,0,0,0,0,0,0,0,0,0,0,0,0,,0,0,0,0,0,0,0,0,0,,
17/02/20,13:06:31,Secador 9,13,2002171203,203,0,0,0,0,0,0,0,0,0,0,0,0,0,0,,0,0,0,0,0,0,0,0,0,,
17/02/20,13:07:44,Secador 9,13,2002171203,196,0,0,0,0,0,0,0,0,0,0,0,0,0,0,,0,0,0,0,0,0,0,0,0,,
17/02/20,13:08:56,Secador 9,13,2002171203,201,0,0,0,0,0,0,0,0,0,0,0,0,0,0,,0,0,0,0,0,0,0,0,0,,
17/02/20,13:10:46,Secador 9,13,2002171203,199,0,0,0,0,0,0,0,0,0,0,0,0,0,0,,0,0,0,0,0,0,0,0,0,,
17/02/20,13:12:30,Secador 9,13,2002171203,200,0,0,0,0,0,0,0,0,0,0,0,0,0,0,,0,0,0,0,0,0,0,0,0,,
17/02/20,13:14:01,Secador 9,13,2002171203,200,0,0,0,0,0,0,0,0,0,0,0,0,0,0,,0,0,0,0,0,0,0,0,0,,
17/02/20,13:15:44,Secador 9,13,2002171203,198,0,0,0,0,0,0,0,0,0,0,0,0,0,0,,0,0,0,0,0,0,0,0,0,,
17/02/20,13:17:56,Secador 9,13,2002171203,201,0,0,0,0,0,0,0,0,0,0,0,0,0,0,,0,0,0,0,0,0,0,0,0,,
17/02/20,13:20:31,Secador 9,13,2002171203,202,0,0,0,0,0,0,0,0,0,0,0,0,0,0,,0,0,0,0,0,0,0,0,0,,
17/02/20,13:27:04,Secador 9,13,2002171323,199,0,0,0,0,0,0,0,0,0,0,0,0,0,0,,0,0,0,0,0,0,0,0,0,,
17/02/20,13:29:40,Secador 9,13,2002171323,198,0,0,0,0,0,0,0,0,0,0,0,0,0,0,,0,0,0,0,0,0,0,0,0,,
17/02/20,13:31:29,Secador 9,13,2002171323,199,0,0,0,0,0,0,0,0,0,0,0,0,0,0,,0,0,0,0,0,0,0,0,0,,
17/02/20,13:38:29,Secador 9,13,2002171323,25,0,0,0,0,0,0,0,0,0,0,0,0,0,0,,0,0,0,0,0,0,0,0,0,,
17/02/20,14:54:51,Secador 13,19,2002171449,203,0,0,0,0,0,0,0,0,0,0,0,0,0,0,,0,0,0,0,0,0,0,0,0,,
17/02/20,14:56:31,Secador 13,19,2002171449,202,0,0,0,0,0,0,0,0,0,0,0,0,0,0,,0,0,0,0,0,0,0,0,0,,
17/02/20,14:57:16,Secador 13,19,2002171449,197,0,0,0,0,0,0,0,0,0,0,0,0,0,0,,0,0,0,0,0,0,0,0,0,,
17/02/20,14:57:55,Secador 13,19,2002171449,200,0,0,0,0,0,0,0,0,0,0,0,0,0,0,,0,0,0,0,0,0,0,0,0,,
17/02/20,14:58:34,Secador 13,19,2002171449,201,0,0,0,0,0,0,0,0,0,0,0,0,0,0,,0,0,0,0,0,0,0,0,0,,
17/02/20,14:59:14,Secador 13,19,2002171449,200,0,0,0,0,0,0,0,0,0,0,0,0,0,0,,0,0,0,0,0,0,0,0,0,,
17/02/20,14:59:53,Secador 13,19,2002171449,199,0,0,0,0,0,0,0,0,0,0,0,0,0,0,,0,0,0,0,0,0,0,0,0,,
17/02/20,15:00:36,Secador 13,19,2002171449,206,0,0,0,0,0,0,0,0,0,0,0,0,0,0,,0,0,0,0,0,0,0,0,0,,
17/02/20,15:01:18,Secador 13,19,2002171449,194,0,0,0,0,0,0,0,0,0,0,0,0,0,0,,0,0,0,0,0,0,0,0,0,,
17/02/20,15:02:00,Secador 13,19,2002171449,200,0,0,0,0,0,0,0,0,0,0,0,0,0,0,,0,0,0,0,0,0,0,0,0,,
17/02/20,15:02:42,Secador 13,19,2002171449,199,0,0,0,0,0,0,0,0,0,0,0,0,0,0,,0,0,0,0,0,0,0,0,0,,
17/02/20,15:03:25,Secador 13,19,2002171449,207,0,0,0,0,0,0,0,0,0,0,0,0,0,0,,0,0,0,0,0,0,0,0,0,,
17/02/20,15:04:07,Secador 13,19,2002171449,201,0,0,0,0,0,0,0,0,0,0,0,0,0,0,,0,0,0,0,0,0,0,0,0,,
17/02/20,15:04:51,Secador 13,19,2002171449,199,0,0,0,0,0,0,0,0,0,0,0,0,0,0,,0,0,0,0,0,0,0,0,0,,
17/02/20,15:05:34,Secador 13,19,2002171449,200,0,0,0,0,0,0,0,0,0,0,0,0,0,0,,0,0,0,0,0,0,0,0,0,,
17/02/20,15:06:19,Secador 13,19,2002171449,201,0,0,0,0,0,0,0,0,0,0,0,0,0,0,,0,0,0,0,0,0,0,0,0,,
17/02/20,15:07:04,Secador 13,19,2002171449,197,0,0,0,0,0,0,0,0,0,0,0,0,0,0,,0,0,0,0,0,0,0,0,0,,
17/02/20,15:07:55,Secador 13,19,2002171449,203,0,0,0,0,0,0,0,0,0,0,0,0,0,0,,0,0,0,0,0,0,0,0,0,,
17/02/20,15:08:44,Secador 13,19,2002171449,198,0,0,0,0,0,0,0,0,0,0,0,0,0,0,,0,0,0,0,0,0,0,0,0,,
17/02/20,15:09:35,Secador 13,19,2002171449,201,0,0,0,0,0,0,0,0,0,0,0,0,0,0,,0,0,0,0,0,0,0,0,0,,
17/02/20,15:10:25,Secador 13,19,2002171449,194,0,0,0,0,0,0,0,0,0,0,0,0,0,0,,0,0,0,0,0,0,0,0,0,,
17/02/20,15:11:15,Secador 13,19,2002171449,199,0,0,0,0,0,0,0,0,0,0,0,0,0,0,,0,0,0,0,0,0,0,0,0,,
17/02/20,15:12:04,Secador 13,19,2002171449,201,0,0,0,0,0,0,0,0,0,0,0,0,0,0,,0,0,0,0,0,0,0,0,0,,
17/02/20,15:12:55,Secador 13,19,2002171449,200,0,0,0,0,0,0,0,0,0,0,0,0,0,0,,0,0,0,0,0,0,0,0,0,,
17/02/20,15:13:48,Secador 13,19,2002171449,200,0,0,0,0,0,0,0,0,0,0,0,0,0,0,,0,0,0,0,0,0,0,0,0,,
17/02/20,15:14:42,Secador 13,19,2002171449,200,0,0,0,0,0,0,0,0,0,0,0,0,0,0,,0,0,0,0,0,0,0,0,0,,
17/02/20,15:15:38,Secador 13,19,2002171449,199,0,0,0,0,0,0,0,0,0,0,0,0,0,0,,0,0,0,0,0,0,0,0,0,,
17/02/20,15:16:34,Secador 13,19,2002171449,200,0,0,0,0,0,0,0,0,0,0,0,0,0,0,,0,0,0,0,0,0,0,0,0,,
17/02/20,15:17:29,Secador 13,19,2002171449,199,0,0,0,0,0,0,0,0,0,0,0,0,0,0,,0,0,0,0,0,0,0,0,0,,
17/02/20,15:18:27,Secador 13,19,2002171449,201,0,0,0,0,0,0,0,0,0,0,0,0,0,0,,0,0,0,0,0,0,0,0,0,,
17/02/20,15:19:25,Secador 13,19,2002171449,200,0,0,0,0,0,0,0,0,0,0,0,0,0,0,,0,0,0,0,0,0,0,0,0,,
17/02/20,15:20:25,Secador 13,19,2002171449,200,0,0,0,0,0,0,0,0,0,0,0,0,0,0,,0,0,0,0,0,0,0,0,0,,
17/02/20,15:21:24,Secador 13,19,2002171449,200,0,0,0,0,0,0,0,0,0,0,0,0,0,0,,0,0,0,0,0,0,0,0,0,,
17/02/20,15:22:23,Secador 13,19,2002171449,201,0,0,0,0,0,0,0,0,0,0,0,0,0,0,,0,0,0,0,0,0,0,0,0,,
17/02/20,15:23:23,Secador 13,19,2002171449,199,0,0,0,0,0,0,0,0,0,0,0,0,0,0,,0,0,0,0,0,0,0,0,0,,
17/02/20,15:24:21,Secador 13,19,2002171449,200,0,0,0,0,0,0,0,0,0,0,0,0,0,0,,0,0,0,0,0,0,0,0,0,,
17/02/20,15:25:18,Secador 13,19,2002171449,200,0,0,0,0,0,0,0,0,0,0,0,0,0,0,,0,0,0,0,0,0,0,0,0,,
17/02/20,15:26:18,Secador 13,19,2002171449,201,0,0,0,0,0,0,0,0,0,0,0,0,0,0,,0,0,0,0,0,0,0,0,0,,
17/02/20,15:27:17,Secador 13,19,2002171449,198,0,0,0,0,0,0,0,0,0,0,0,0,0,0,,0,0,0,0,0,0,0,0,0,,
17/02/20,15:28:14,Secador 13,19,2002171449,202,0,0,0,0,0,0,0,0,0,0,0,0,0,0,,0,0,0,0,0,0,0,0,0,,
17/02/20,15:28:52,Secador 13,19,2002171449,201,0,0,0,0,0,0,0,0,0,0,0,0,0,0,,0,0,0,0,0,0,0,0,0,,
17/02/20,15:29:30,Secador 13,19,2002171449,200,0,0,0,0,0,0,0,0,0,0,0,0,0,0,,0,0,0,0,0,0,0,0,0,,
17/02/20,15:30:10,Secador 13,19,2002171449,199,0,0,0,0,0,0,0,0,0,0,0,0,0,0,,0,0,0,0,0,0,0,0,0,,
17/02/20,15:30:49,Secador 13,19,2002171449,201,0,0,0,0,0,0,0,0,0,0,0,0,0,0,,0,0,0,0,0,0,0,0,0,,
17/02/20,15:31:29,Secador 13,19,2002171449,200,0,0,0,0,0,0,0,0,0,0,0,0,0,0,,0,0,0,0,0,0,0,0,0,,
17/02/20,15:32:09,Secador 13,19,2002171449,198,0,0,0,0,0,0,0,0,0,0,0,0,0,0,,0,0,0,0,0,0,0,0,0,,
17/02/20,15:32:48,Secador 13,19,2002171449,199,0,0,0,0,0,0,0,0,0,0,0,0,0,0,,0,0,0,0,0,0,0,0,0,,
17/02/20,15:33:28,Secador 13,19,2002171449,202,0,0,0,0,0,0,0,0,0,0,0,0,0,0,,0,0,0,0,0,0,0,0,0,,
17/02/20,15:34:12,Secador 13,19,2002171449,200,0,0,0,0,0,0,0,0,0,0,0,0,0,0,,0,0,0,0,0,0,0,0,0,,
17/02/20,15:34:53,Secador 13,19,2002171449,198,0,0,0,0,0,0,0,0,0,0,0,0,0,0,,0,0,0,0,0,0,0,0,0,,
17/02/20,15:35:36,Secador 13,19,2002171449,199,0,0,0,0,0,0,0,0,0,0,0,0,0,0,,0,0,0,0,0,0,0,0,0,,
17/02/20,15:36:13,Secador 13,19,2002171449,201,0,0,0,0,0,0,0,0,0,0,0,0,0,0,,0,0,0,0,0,0,0,0,0,,
17/02/20,15:36:57,Secador 13,19,2002171449,201,0,0,0,0,0,0,0,0,0,0,0,0,0,0,,0,0,0,0,0,0,0,0,0,,
17/02/20,15:37:38,Secador 13,19,2002171449,202,0,0,0,0,0,0,0,0,0,0,0,0,0,0,,0,0,0,0,0,0,0,0,0,,
17/02/20,15:38:19,Secador 13,19,2002171449,199,0,0,0,0,0,0,0,0,0,0,0,0,0,0,,0,0,0,0,0,0,0,0,0,,
17/02/20,15:38:58,Secador 13,19,2002171449,197,0,0,0,0,0,0,0,0,0,0,0,0,0,0,,0,0,0,0,0,0,0,0,0,,
17/02/20,15:39:37,Secador 13,19,2002171449,201,0,0,0,0,0,0,0,0,0,0,0,0,0,0,,0,0,0,0,0,0,0,0,0,,
17/02/20,15:40:27,Secador 13,19,2002171449,202,0,0,0,0,0,0,0,0,0,0,0,0,0,0,,0,0,0,0,0,0,0,0,0,,
17/02/20,15:41:11,Secador 13,19,2002171449,200,0,0,0,0,0,0,0,0,0,0,0,0,0,0,,0,0,0,0,0,0,0,0,0,,
17/02/20,15:41:59,Secador 13,19,2002171449,199,0,0,0,0,0,0,0,0,0,0,0,0,0,0,,0,0,0,0,0,0,0,0,0,,
17/02/20,15:42:46,Secador 13,19,2002171449,203,0,0,0,0,0,0,0,0,0,0,0,0,0,0,,0,0,0,0,0,0,0,0,0,,
17/02/20,15:47:04,Secador 13,19,2002171449,174,0,0,0,0,0,0,0,0,0,0,0,0,0,0,,0,0,0,0,0,0,0,0,0,,
17/02/20,15:53:37,Secador 1,25,2002171548,201,0,0,0,0,0,0,0,0,0,0,0,0,0,0,,0,0,0,0,0,0,0,0,0,,
17/02/20,15:54:17,Secador 1,25,2002171548,202,0,0,0,0,0,0,0,0,0,0,0,0,0,0,,0,0,0,0,0,0,0,0,0,,
17/02/20,15:54:53,Secador 1,25,2002171548,199,0,0,0,0,0,0,0,0,0,0,0,0,0,0,,0,0,0,0,0,0,0,0,0,,
17/02/20,15:55:33,Secador 1,25,2002171548,199,0,0,0,0,0,0,0,0,0,0,0,0,0,0,,0,0,0,0,0,0,0,0,0,,
17/02/20,15:56:19,Secador 1,25,2002171548,196,0,0,0,0,0,0,0,0,0,0,0,0,0,0,,0,0,0,0,0,0,0,0,0,,
17/02/20,15:57:17,Secador 1,25,2002171548,203,0,0,0,0,0,0,0,0,0,0,0,0,0,0,,0,0,0,0,0,0,0,0,0,,
17/02/20,15:58:13,Secador 1,25,2002171548,199,0,0,0,0,0,0,0,0,0,0,0,0,0,0,,0,0,0,0,0,0,0,0,0,,
17/02/20,15:59:00,Secador 1,25,2002171548,201,0,0,0,0,0,0,0,0,0,0,0,0,0,0,,0,0,0,0,0,0,0,0,0,,
17/02/20,15:59:47,Secador 1,25,2002171548,200,0,0,0,0,0,0,0,0,0,0,0,0,0,0,,0,0,0,0,0,0,0,0,0,,
17/02/20,16:00:35,Secador 1,25,2002171548,201,0,0,0,0,0,0,0,0,0,0,0,0,0,0,,0,0,0,0,0,0,0,0,0,,
17/02/20,16:01:23,Secador 1,25,2002171548,198,0,0,0,0,0,0,0,0,0,0,0,0,0,0,,0,0,0,0,0,0,0,0,0,,
17/02/20,16:02:11,Secador 1,25,2002171548,199,0,0,0,0,0,0,0,0,0,0,0,0,0,0,,0,0,0,0,0,0,0,0,0,,
17/02/20,16:03:11,Secador 1,25,2002171548,199,0,0,0,0,0,0,0,0,0,0,0,0,0,0,,0,0,0,0,0,0,0,0,0,,
17/02/20,16:04:56,Secador 1,25,2002171548,200,0,0,0,0,0,0,0,0,0,0,0,0,0,0,,0,0,0,0,0,0,0,0,0,,
17/02/20,16:08:06,Secador 1,25,2002171548,201,0,0,0,0,0,0,0,0,0,0,0,0,0,0,,0,0,0,0,0,0,0,0,0,,
17/02/20,16:09:06,Secador 1,25,2002171548,201,0,0,0,0,0,0,0,0,0,0,0,0,0,0,,0,0,0,0,0,0,0,0,0,,
17/02/20,16:09:49,Secador 1,25,2002171548,204,0,0,0,0,0,0,0,0,0,0,0,0,0,0,,0,0,0,0,0,0,0,0,0,,
17/02/20,16:10:22,Secador 1,25,2002171548,200,0,0,0,0,0,0,0,0,0,0,0,0,0,0,,0,0,0,0,0,0,0,0,0,,
17/02/20,16:10:56,Secador 1,25,2002171548,201,0,0,0,0,0,0,0,0,0,0,0,0,0,0,,0,0,0,0,0,0,0,0,0,,
17/02/20,16:11:29,Secador 1,25,2002171548,199,0,0,0,0,0,0,0,0,0,0,0,0,0,0,,0,0,0,0,0,0,0,0,0,,
17/02/20,16:12:02,Secador 1,25,2002171548,201,0,0,0,0,0,0,0,0,0,0,0,0,0,0,,0,0,0,0,0,0,0,0,0,,
17/02/20,16:12:33,Secador 1,25,2002171548,202,0,0,0,0,0,0,0,0,0,0,0,0,0,0,,0,0,0,0,0,0,0,0,0,,
17/02/20,16:13:05,Secador 1,25,2002171548,200,0,0,0,0,0,0,0,0,0,0,0,0,0,0,,0,0,0,0,0,0,0,0,0,,
17/02/20,16:13:37,Secador 1,25,2002171548,196,0,0,0,0,0,0,0,0,0,0,0,0,0,0,,0,0,0,0,0,0,0,0,0,,
17/02/20,16:14:13,Secador 1,25,2002171548,199,0,0,0,0,0,0,0,0,0,0,0,0,0,0,,0,0,0,0,0,0,0,0,0,,
17/02/20,16:14:55,Secador 1,25,2002171548,200,0,0,0,0,0,0,0,0,0,0,0,0,0,0,,0,0,0,0,0,0,0,0,0,,
17/02/20,16:15:38,Secador 1,25,2002171548,200,0,0,0,0,0,0,0,0,0,0,0,0,0,0,,0,0,0,0,0,0,0,0,0,,
17/02/20,16:16:22,Secador 1,25,2002171548,200,0,0,0,0,0,0,0,0,0,0,0,0,0,0,,0,0,0,0,0,0,0,0,0,,
17/02/20,16:17:05,Secador 1,25,2002171548,201,0,0,0,0,0,0,0,0,0,0,0,0,0,0,,0,0,0,0,0,0,0,0,0,,
17/02/20,16:17:47,Secador 1,25,2002171548,199,0,0,0,0,0,0,0,0,0,0,0,0,0,0,,0,0,0,0,0,0,0,0,0,,
17/02/20,16:18:24,Secador 1,25,2002171548,202,0,0,0,0,0,0,0,0,0,0,0,0,0,0,,0,0,0,0,0,0,0,0,0,,
17/02/20,16:18:59,Secador 1,25,2002171548,201,0,0,0,0,0,0,0,0,0,0,0,0,0,0,,0,0,0,0,0,0,0,0,0,,
17/02/20,16:19:33,Secador 1,25,2002171548,199,0,0,0,0,0,0,0,0,0,0,0,0,0,0,,0,0,0,0,0,0,0,0,0,,
17/02/20,16:20:08,Secador 1,25,2002171548,199,0,0,0,0,0,0,0,0,0,0,0,0,0,0,,0,0,0,0,0,0,0,0,0,,
17/02/20,16:20:44,Secador 1,25,2002171548,201,0,0,0,0,0,0,0,0,0,0,0,0,0,0,,0,0,0,0,0,0,0,0,0,,
17/02/20,16:21:19,Secador 1,25,2002171548,201,0,0,0,0,0,0,0,0,0,0,0,0,0,0,,0,0,0,0,0,0,0,0,0,,
17/02/20,16:21:53,Secador 1,25,2002171548,199,0,0,0,0,0,0,0,0,0,0,0,0,0,0,,0,0,0,0,0,0,0,0,0,,
17/02/20,16:22:30,Secador 1,25,2002171548,199,0,0,0,0,0,0,0,0,0,0,0,0,0,0,,0,0,0,0,0,0,0,0,0,,
17/02/20,16:23:07,Secador 1,25,2002171548,200,0,0,0,0,0,0,0,0,0,0,0,0,0,0,,0,0,0,0,0,0,0,0,0,,
17/02/20,16:23:45,Secador 1,25,2002171548,199,0,0,0,0,0,0,0,0,0,0,0,0,0,0,,0,0,0,0,0,0,0,0,0,,
17/02/20,16:24:23,Secador 1,25,2002171548,201,0,0,0,0,0,0,0,0,0,0,0,0,0,0,,0,0,0,0,0,0,0,0,0,,
17/02/20,16:25:01,Secador 1,25,2002171548,199,0,0,0,0,0,0,0,0,0,0,0,0,0,0,,0,0,0,0,0,0,0,0,0,,
17/02/20,16:25:38,Secador 1,25,2002171548,202,0,0,0,0,0,0,0,0,0,0,0,0,0,0,,0,0,0,0,0,0,0,0,0,,
17/02/20,16:26:13,Secador 1,25,2002171548,198,0,0,0,0,0,0,0,0,0,0,0,0,0,0,,0,0,0,0,0,0,0,0,0,,
17/02/20,16:26:48,Secador 1,25,2002171548,202,0,0,0,0,0,0,0,0,0,0,0,0,0,0,,0,0,0,0,0,0,0,0,0,,
17/02/20,16:27:22,Secador 1,25,2002171548,200,0,0,0,0,0,0,0,0,0,0,0,0,0,0,,0,0,0,0,0,0,0,0,0,,
17/02/20,16:27:55,Secador 1,25,2002171548,202,0,0,0,0,0,0,0,0,0,0,0,0,0,0,,0,0,0,0,0,0,0,0,0,,
17/02/20,16:28:28,Secador 1,25,2002171548,199,0,0,0,0,0,0,0,0,0,0,0,0,0,0,,0,0,0,0,0,0,0,0,0,,
17/02/20,16:29:02,Secador 1,25,2002171548,200,0,0,0,0,0,0,0,0,0,0,0,0,0,0,,0,0,0,0,0,0,0,0,0,,
17/02/20,16:29:37,Secador 1,25,2002171548,199,0,0,0,0,0,0,0,0,0,0,0,0,0,0,,0,0,0,0,0,0,0,0,0,,
17/02/20,16:30:12,Secador 1,25,2002171548,200,0,0,0,0,0,0,0,0,0,0,0,0,0,0,,0,0,0,0,0,0,0,0,0,,
17/02/20,16:30:46,Secador 1,25,2002171548,201,0,0,0,0,0,0,0,0,0,0,0,0,0,0,,0,0,0,0,0,0,0,0,0,,
17/02/20,16:31:21,Secador 1,25,2002171548,203,0,0,0,0,0,0,0,0,0,0,0,0,0,0,,0,0,0,0,0,0,0,0,0,,
17/02/20,16:31:49,Secador 1,25,2002171548,195,0,0,0,0,0,0,0,0,0,0,0,0,0,0,,0,0,0,0,0,0,0,0,0,,
17/02/20,16:32:33,Secador 1,25,2002171548,201,0,0,0,0,0,0,0,0,0,0,0,0,0,0,,0,0,0,0,0,0,0,0,0,,
17/02/20,16:33:08,Secador 1,25,2002171548,202,0,0,0,0,0,0,0,0,0,0,0,0,0,0,,0,0,0,0,0,0,0,0,0,,
17/02/20,16:33:47,Secador 1,25,2002171548,197,0,0,0,0,0,0,0,0,0,0,0,0,0,0,,0,0,0,0,0,0,0,0,0,,
17/02/20,16:34:24,Secador 1,25,2002171548,198,0,0,0,0,0,0,0,0,0,0,0,0,0,0,,0,0,0,0,0,0,0,0,0,,
17/02/20,16:35:03,Secador 1,25,2002171548,203,0,0,0,0,0,0,0,0,0,0,0,0,0,0,,0,0,0,0,0,0,0,0,0,,
17/02/20,16:35:37,Secador 1,25,2002171548,199,0,0,0,0,0,0,0,0,0,0,0,0,0,0,,0,0,0,0,0,0,0,0,0,,
17/02/20,16:36:13,Secador 1,25,2002171548,198,0,0,0,0,0,0,0,0,0,0,0,0,0,0,,0,0,0,0,0,0,0,0,0,,
17/02/20,16:37:00,Secador 1,25,2002171548,197,0,0,0,0,0,0,0,0,0,0,0,0,0,0,,0,0,0,0,0,0,0,0,0,,
17/02/20,16:38:19,Secador 1,25,2002171548,201,0,0,0,0,0,0,0,0,0,0,0,0,0,0,,0,0,0,0,0,0,0,0,0,,
17/02/20,16:42:55,Secador 1,25,2002171548,200,0,0,0,0,0,0,0,0,0,0,0,0,0,0,,0,0,0,0,0,0,0,0,0,,
17/02/20,16:44:05,Secador 1,25,2002171548,47,0,0,0,0,0,0,0,0,0,0,0,0,0,0,,0,0,0,0,0,0,0,0,0,,
17/02/20,17:28:01,Secador 2,32,2002171722,200,0,0,0,0,0,0,0,0,0,0,0,0,0,0,,0,0,0,0,0,0,0,0,0,,
17/02/20,17:28:56,Secador 2,32,2002171722,201,0,0,0,0,0,0,0,0,0,0,0,0,0,0,,0,0,0,0,0,0,0,0,0,,
17/02/20,17:29:47,Secador 2,32,2002171722,200,0,0,0,0,0,0,0,0,0,0,0,0,0,0,,0,0,0,0,0,0,0,0,0,,
17/02/20,17:30:36,Secador 2,32,2002171722,201,0,0,0,0,0,0,0,0,0,0,0,0,0,0,,0,0,0,0,0,0,0,0,0,,
17/02/20,17:31:21,Secador 2,32,2002171722,201,0,0,0,0,0,0,0,0,0,0,0,0,0,0,,0,0,0,0,0,0,0,0,0,,
17/02/20,17:32:07,Secador 2,32,2002171722,199,0,0,0,0,0,0,0,0,0,0,0,0,0,0,,0,0,0,0,0,0,0,0,0,,
17/02/20,17:32:57,Secador 2,32,2002171722,198,0,0,0,0,0,0,0,0,0,0,0,0,0,0,,0,0,0,0,0,0,0,0,0,,
17/02/20,17:33:50,Secador 2,32,2002171722,201,0,0,0,0,0,0,0,0,0,0,0,0,0,0,,0,0,0,0,0,0,0,0,0,,
17/02/20,17:34:41,Secador 2,32,2002171722,199,0,0,0,0,0,0,0,0,0,0,0,0,0,0,,0,0,0,0,0,0,0,0,0,,
17/02/20,17:35:34,Secador 2,32,2002171722,202,0,0,0,0,0,0,0,0,0,0,0,0,0,0,,0,0,0,0,0,0,0,0,0,,
17/02/20,17:36:23,Secador 2,32,2002171722,200,0,0,0,0,0,0,0,0,0,0,0,0,0,0,,0,0,0,0,0,0,0,0,0,,
17/02/20,17:37:09,Secador 2,32,2002171722,200,0,0,0,0,0,0,0,0,0,0,0,0,0,0,,0,0,0,0,0,0,0,0,0,,
17/02/20,17:37:56,Secador 2,32,2002171722,201,0,0,0,0,0,0,0,0,0,0,0,0,0,0,,0,0,0,0,0,0,0,0,0,,
17/02/20,17:38:45,Secador 2,32,2002171722,199,0,0,0,0,0,0,0,0,0,0,0,0,0,0,,0,0,0,0,0,0,0,0,0,,
17/02/20,17:39:37,Secador 2,32,2002171722,199,0,0,0,0,0,0,0,0,0,0,0,0,0,0,,0,0,0,0,0,0,0,0,0,,
17/02/20,17:40:26,Secador 2,32,2002171722,201,0,0,0,0,0,0,0,0,0,0,0,0,0,0,,0,0,0,0,0,0,0,0,0,,
17/02/20,17:41:16,Secador 2,32,2002171722,199,0,0,0,0,0,0,0,0,0,0,0,0,0,0,,0,0,0,0,0,0,0,0,0,,
17/02/20,17:42:07,Secador 2,32,2002171722,200,0,0,0,0,0,0,0,0,0,0,0,0,0,0,,0,0,0,0,0,0,0,0,0,,
17/02/20,17:42:55,Secador 2,32,2002171722,202,0,0,0,0,0,0,0,0,0,0,0,0,0,0,,0,0,0,0,0,0,0,0,0,,
17/02/20,17:43:49,Secador 2,32,2002171722,196,0,0,0,0,0,0,0,0,0,0,0,0,0,0,,0,0,0,0,0,0,0,0,0,,
17/02/20,17:45:35,Secador 2,32,2002171722,200,0,0,0,0,0,0,0,0,0,0,0,0,0,0,,0,0,0,0,0,0,0,0,0,,
17/02/20,17:46:50,Secador 2,32,2002171722,201,0,0,0,0,0,0,0,0,0,0,0,0,0,0,,0,0,0,0,0,0,0,0,0,,
17/02/20,17:47:34,Secador 2,32,2002171722,206,0,0,0,0,0,0,0,0,0,0,0,0,0,0,,0,0,0,0,0,0,0,0,0,,
17/02/20,17:48:08,Secador 2,32,2002171722,199,0,0,0,0,0,0,0,0,0,0,0,0,0,0,,0,0,0,0,0,0,0,0,0,,
17/02/20,17:48:42,Secador 2,32,2002171722,200,0,0,0,0,0,0,0,0,0,0,0,0,0,0,,0,0,0,0,0,0,0,0,0,,
17/02/20,17:49:15,Secador 2,32,2002171722,200,0,0,0,0,0,0,0,0,0,0,0,0,0,0,,0,0,0,0,0,0,0,0,0,,
17/02/20,17:49:49,Secador 2,32,2002171722,201,0,0,0,0,0,0,0,0,0,0,0,0,0,0,,0,0,0,0,0,0,0,0,0,,
17/02/20,17:50:24,Secador 2,32,2002171722,199,0,0,0,0,0,0,0,0,0,0,0,0,0,0,,0,0,0,0,0,0,0,0,0,,
17/02/20,17:50:58,Secador 2,32,2002171722,200,0,0,0,0,0,0,0,0,0,0,0,0,0,0,,0,0,0,0,0,0,0,0,0,,
17/02/20,17:51:32,Secador 2,32,2002171722,200,0,0,0,0,0,0,0,0,0,0,0,0,0,0,,0,0,0,0,0,0,0,0,0,,
17/02/20,17:52:06,Secador 2,32,2002171722,199,0,0,0,0,0,0,0,0,0,0,0,0,0,0,,0,0,0,0,0,0,0,0,0,,
17/02/20,17:52:40,Secador 2,32,2002171722,202,0,0,0,0,0,0,0,0,0,0,0,0,0,0,,0,0,0,0,0,0,0,0,0,,
17/02/20,17:53:16,Secador 2,32,2002171722,199,0,0,0,0,0,0,0,0,0,0,0,0,0,0,,0,0,0,0,0,0,0,0,0,,
17/02/20,17:53:51,Secador 2,32,2002171722,200,0,0,0,0,0,0,0,0,0,0,0,0,0,0,,0,0,0,0,0,0,0,0,0,,
17/02/20,17:54:27,Secador 2,32,2002171722,200,0,0,0,0,0,0,0,0,0,0,0,0,0,0,,0,0,0,0,0,0,0,0,0,,
17/02/20,18:00:41,Secador 2,32,2002171722,194,0,0,0,0,0,0,0,0,0,0,0,0,0,0,,0,0,0,0,0,0,0,0,0,,
17/02/20,18:24:08,Secador 2,32,2002171722,208,0,0,0,0,0,0,0,0,0,0,0,0,0,0,,0,0,0,0,0,0,0,0,0,,
17/02/20,18:24:39,Secador 2,32,2002171722,198,0,0,0,0,0,0,0,0,0,0,0,0,0,0,,0,0,0,0,0,0,0,0,0,,
17/02/20,18:25:10,Secador 2,32,2002171722,203,0,0,0,0,0,0,0,0,0,0,0,0,0,0,,0,0,0,0,0,0,0,0,0,,
17/02/20,18:25:39,Secador 2,32,2002171722,198,0,0,0,0,0,0,0,0,0,0,0,0,0,0,,0,0,0,0,0,0,0,0,0,,
17/02/20,18:26:10,Secador 2,32,2002171722,202,0,0,0,0,0,0,0,0,0,0,0,0,0,0,,0,0,0,0,0,0,0,0,0,,
17/02/20,18:26:38,Secador 2,32,2002171722,200,0,0,0,0,0,0,0,0,0,0,0,0,0,0,,0,0,0,0,0,0,0,0,0,,
17/02/20,18:27:07,Secador 2,32,2002171722,201,0,0,0,0,0,0,0,0,0,0,0,0,0,0,,0,0,0,0,0,0,0,0,0,,
17/02/20,18:27:36,Secador 2,32,2002171722,198,0,0,0,0,0,0,0,0,0,0,0,0,0,0,,0,0,0,0,0,0,0,0,0,,
17/02/20,18:28:24,Secador 2,32,2002171722,192,0,0,0,0,0,0,0,0,0,0,0,0,0,0,,0,0,0,0,0,0,0,0,0,,
17/02/20,18:29:50,Secador 2,32,2002171722,200,0,0,0,0,0,0,0,0,0,0,0,0,0,0,,0,0,0,0,0,0,0,0,0,,
17/02/20,18:31:37,Secador 2,32,2002171722,202,0,0,0,0,0,0,0,0,0,0,0,0,0,0,,0,0,0,0,0,0,0,0,0,,
17/02/20,18:32:53,Secador 2,32,2002171722,198,0,0,0,0,0,0,0,0,0,0,0,0,0,0,,0,0,0,0,0,0,0,0,0,,
17/02/20,18:33:57,Secador 2,32,2002171722,200,0,0,0,0,0,0,0,0,0,0,0,0,0,0,,0,0,0,0,0,0,0,0,0,,
17/02/20,18:35:15,Secador 2,32,2002171722,203,0,0,0,0,0,0,0,0,0,0,0,0,0,0,,0,0,0,0,0,0,0,0,0,,
17/02/20,18:36:24,Secador 2,32,2002171722,197,0,0,0,0,0,0,0,0,0,0,0,0,0,0,,0,0,0,0,0,0,0,0,0,,
17/02/20,18:37:43,Secador 2,32,2002171722,200,0,0,0,0,0,0,0,0,0,0,0,0,0,0,,0,0,0,0,0,0,0,0,0,,
17/02/20,18:39:06,Secador 2,32,2002171722,200,0,0,0,0,0,0,0,0,0,0,0,0,0,0,,0,0,0,0,0,0,0,0,0,,
17/02/20,18:40:51,Secador 2,32,2002171722,201,0,0,0,0,0,0,0,0,0,0,0,0,0,0,,0,0,0,0,0,0,0,0,0,,
17/02/20,18:42:10,Secador 2,32,2002171722,201,0,0,0,0,0,0,0,0,0,0,0,0,0,0,,0,0,0,0,0,0,0,0,0,,
17/02/20,18:43:00,Secador 2,32,2002171722,200,0,0,0,0,0,0,0,0,0,0,0,0,0,0,,0,0,0,0,0,0,0,0,0,,
17/02/20,18:43:50,Secador 2,32,2002171722,200,0,0,0,0,0,0,0,0,0,0,0,0,0,0,,0,0,0,0,0,0,0,0,0,,
17/02/20,18:44:42,Secador 2,32,2002171722,199,0,0,0,0,0,0,0,0,0,0,0,0,0,0,,0,0,0,0,0,0,0,0,0,,
17/02/20,18:45:39,Secador 2,32,2002171722,200,0,0,0,0,0,0,0,0,0,0,0,0,0,0,,0,0,0,0,0,0,0,0,0,,
17/02/20,18:46:55,Secador 2,32,2002171722,200,0,0,0,0,0,0,0,0,0,0,0,0,0,0,,0,0,0,0,0,0,0,0,0,,
17/02/20,18:51:02,Secador 2,32,2002171722,200,0,0,0,0,0,0,0,0,0,0,0,0,0,0,,0,0,0,0,0,0,0,0,0,,
17/02/20,18:52:11,Secador 2,32,2002171722,199,0,0,0,0,0,0,0,0,0,0,0,0,0,0,,0,0,0,0,0,0,0,0,0,,
17/02/20,18:53:07,Secador 2,32,2002171722,201,0,0,0,0,0,0,0,0,0,0,0,0,0,0,,0,0,0,0,0,0,0,0,0,,
17/02/20,18:54:01,Secador 2,32,2002171722,200,0,0,0,0,0,0,0,0,0,0,0,0,0,0,,0,0,0,0,0,0,0,0,0,,
17/02/20,18:54:55,Secador 2,32,2002171722,202,0,0,0,0,0,0,0,0,0,0,0,0,0,0,,0,0,0,0,0,0,0,0,0,,
17/02/20,18:55:55,Secador 2,32,2002171722,198,0,0,0,0,0,0,0,0,0,0,0,0,0,0,,0,0,0,0,0,0,0,0,0,,
17/02/20,18:57:01,Secador 2,32,2002171722,199,0,0,0,0,0,0,0,0,0,0,0,0,0,0,,0,0,0,0,0,0,0,0,0,,
17/02/20,18:58:12,Secador 2,32,2002171722,200,0,0,0,0,0,0,0,0,0,0,0,0,0,0,,0,0,0,0,0,0,0,0,0,,
17/02/20,19:03:21,Secador 2,32,2002171722,27,0,0,0,0,0,0,0,0,0,0,0,0,0,0,,0,0,0,0,0,0,0,0,0,,
17/02/20,19:17:04,Secador 3,34,2002171911,204,0,0,0,0,0,0,0,0,0,0,0,0,0,0,,0,0,0,0,0,0,0,0,0,,
17/02/20,19:17:53,Secador 3,34,2002171911,199,0,0,0,0,0,0,0,0,0,0,0,0,0,0,,0,0,0,0,0,0,0,0,0,,
17/02/20,19:18:45,Secador 3,34,2002171911,199,0,0,0,0,0,0,0,0,0,0,0,0,0,0,,0,0,0,0,0,0,0,0,0,,
17/02/20,19:19:30,Secador 3,34,2002171911,202,0,0,0,0,0,0,0,0,0,0,0,0,0,0,,0,0,0,0,0,0,0,0,0,,
17/02/20,19:20:16,Secador 3,34,2002171911,198,0,0,0,0,0,0,0,0,0,0,0,0,0,0,,0,0,0,0,0,0,0,0,0,,
17/02/20,19:21:04,Secador 3,34,2002171911,202,0,0,0,0,0,0,0,0,0,0,0,0,0,0,,0,0,0,0,0,0,0,0,0,,
17/02/20,19:21:51,Secador 3,34,2002171911,199,0,0,0,0,0,0,0,0,0,0,0,0,0,0,,0,0,0,0,0,0,0,0,0,,
17/02/20,19:22:42,Secador 3,34,2002171911,200,0,0,0,0,0,0,0,0,0,0,0,0,0,0,,0,0,0,0,0,0,0,0,0,,
17/02/20,19:23:34,Secador 3,34,2002171911,198,0,0,0,0,0,0,0,0,0,0,0,0,0,0,,0,0,0,0,0,0,0,0,0,,
17/02/20,19:24:26,Secador 3,34,2002171911,201,0,0,0,0,0,0,0,0,0,0,0,0,0,0,,0,0,0,0,0,0,0,0,0,,
17/02/20,19:25:15,Secador 3,34,2002171911,201,0,0,0,0,0,0,0,0,0,0,0,0,0,0,,0,0,0,0,0,0,0,0,0,,
17/02/20,19:26:07,Secador 3,34,2002171911,200,0,0,0,0,0,0,0,0,0,0,0,0,0,0,,0,0,0,0,0,0,0,0,0,,
17/02/20,19:26:57,Secador 3,34,2002171911,198,0,0,0,0,0,0,0,0,0,0,0,0,0,0,,0,0,0,0,0,0,0,0,0,,
17/02/20,19:27:56,Secador 3,34,2002171911,202,0,0,0,0,0,0,0,0,0,0,0,0,0,0,,0,0,0,0,0,0,0,0,0,,
17/02/20,19:28:48,Secador 3,34,2002171911,198,0,0,0,0,0,0,0,0,0,0,0,0,0,0,,0,0,0,0,0,0,0,0,0,,
17/02/20,19:29:40,Secador 3,34,2002171911,202,0,0,0,0,0,0,0,0,0,0,0,0,0,0,,0,0,0,0,0,0,0,0,0,,
17/02/20,19:30:30,Secador 3,34,2002171911,199,0,0,0,0,0,0,0,0,0,0,0,0,0,0,,0,0,0,0,0,0,0,0,0,,
17/02/20,19:31:22,Secador 3,34,2002171911,200,0,0,0,0,0,0,0,0,0,0,0,0,0,0,,0,0,0,0,0,0,0,0,0,,
17/02/20,19:32:14,Secador 3,34,2002171911,199,0,0,0,0,0,0,0,0,0,0,0,0,0,0,,0,0,0,0,0,0,0,0,0,,
17/02/20,19:33:06,Secador 3,34,2002171911,201,0,0,0,0,0,0,0,0,0,0,0,0,0,0,,0,0,0,0,0,0,0,0,0,,
17/02/20,19:33:58,Secador 3,34,2002171911,200,0,0,0,0,0,0,0,0,0,0,0,0,0,0,,0,0,0,0,0,0,0,0,0,,
17/02/20,19:34:51,Secador 3,34,2002171911,199,0,0,0,0,0,0,0,0,0,0,0,0,0,0,,0,0,0,0,0,0,0,0,0,,
17/02/20,19:35:44,Secador 3,34,2002171911,201,0,0,0,0,0,0,0,0,0,0,0,0,0,0,,0,0,0,0,0,0,0,0,0,,
17/02/20,19:36:35,Secador 3,34,2002171911,200,0,0,0,0,0,0,0,0,0,0,0,0,0,0,,0,0,0,0,0,0,0,0,0,,
17/02/20,19:37:27,Secador 3,34,2002171911,199,0,0,0,0,0,0,0,0,0,0,0,0,0,0,,0,0,0,0,0,0,0,0,0,,
17/02/20,19:38:20,Secador 3,34,2002171911,202,0,0,0,0,0,0,0,0,0,0,0,0,0,0,,0,0,0,0,0,0,0,0,0,,
17/02/20,19:39:11,Secador 3,34,2002171911,205,0,0,0,0,0,0,0,0,0,0,0,0,0,0,,0,0,0,0,0,0,0,0,0,,
17/02/20,19:39:44,Secador 3,34,2002171911,199,0,0,0,0,0,0,0,0,0,0,0,0,0,0,,0,0,0,0,0,0,0,0,0,,
17/02/20,19:40:20,Secador 3,34,2002171911,199,0,0,0,0,0,0,0,0,0,0,0,0,0,0,,0,0,0,0,0,0,0,0,0,,
17/02/20,19:40:58,Secador 3,34,2002171911,201,0,0,0,0,0,0,0,0,0,0,0,0,0,0,,0,0,0,0,0,0,0,0,0,,
17/02/20,19:41:32,Secador 3,34,2002171911,200,0,0,0,0,0,0,0,0,0,0,0,0,0,0,,0,0,0,0,0,0,0,0,0,,
17/02/20,19:42:04,Secador 3,34,2002171911,199,0,0,0,0,0,0,0,0,0,0,0,0,0,0,,0,0,0,0,0,0,0,0,0,,
17/02/20,19:42:39,Secador 3,34,2002171911,202,0,0,0,0,0,0,0,0,0,0,0,0,0,0,,0,0,0,0,0,0,0,0,0,,
17/02/20,19:43:11,Secador 3,34,2002171911,199,0,0,0,0,0,0,0,0,0,0,0,0,0,0,,0,0,0,0,0,0,0,0,0,,
17/02/20,19:43:44,Secador 3,34,2002171911,202,0,0,0,0,0,0,0,0,0,0,0,0,0,0,,0,0,0,0,0,0,0,0,0,,
17/02/20,19:44:18,Secador 3,34,2002171911,197,0,0,0,0,0,0,0,0,0,0,0,0,0,0,,0,0,0,0,0,0,0,0,0,,
17/02/20,19:44:52,Secador 3,34,2002171911,201,0,0,0,0,0,0,0,0,0,0,0,0,0,0,,0,0,0,0,0,0,0,0,0,,
17/02/20,19:45:26,Secador 3,34,2002171911,199,0,0,0,0,0,0,0,0,0,0,0,0,0,0,,0,0,0,0,0,0,0,0,0,,
17/02/20,19:46:00,Secador 3,34,2002171911,200,0,0,0,0,0,0,0,0,0,0,0,0,0,0,,0,0,0,0,0,0,0,0,0,,
17/02/20,19:46:34,Secador 3,34,2002171911,201,0,0,0,0,0,0,0,0,0,0,0,0,0,0,,0,0,0,0,0,0,0,0,0,,
17/02/20,19:47:09,Secador 3,34,2002171911,198,0,0,0,0,0,0,0,0,0,0,0,0,0,0,,0,0,0,0,0,0,0,0,0,,
17/02/20,19:47:44,Secador 3,34,2002171911,201,0,0,0,0,0,0,0,0,0,0,0,0,0,0,,0,0,0,0,0,0,0,0,0,,
17/02/20,19:48:19,Secador 3,34,2002171911,200,0,0,0,0,0,0,0,0,0,0,0,0,0,0,,0,0,0,0,0,0,0,0,0,,
17/02/20,19:48:54,Secador 3,34,2002171911,200,0,0,0,0,0,0,0,0,0,0,0,0,0,0,,0,0,0,0,0,0,0,0,0,,
17/02/20,19:49:28,Secador 3,34,2002171911,200,0,0,0,0,0,0,0,0,0,0,0,0,0,0,,0,0,0,0,0,0,0,0,0,,
17/02/20,19:50:03,Secador 3,34,2002171911,200,0,0,0,0,0,0,0,0,0,0,0,0,0,0,,0,0,0,0,0,0,0,0,0,,
17/02/20,19:50:38,Secador 3,34,2002171911,199,0,0,0,0,0,0,0,0,0,0,0,0,0,0,,0,0,0,0,0,0,0,0,0,,
17/02/20,19:51:13,Secador 3,34,2002171911,202,0,0,0,0,0,0,0,0,0,0,0,0,0,0,,0,0,0,0,0,0,0,0,0,,
17/02/20,19:51:50,Secador 3,34,2002171911,199,0,0,0,0,0,0,0,0,0,0,0,0,0,0,,0,0,0,0,0,0,0,0,0,,
17/02/20,19:52:26,Secador 3,34,2002171911,200,0,0,0,0,0,0,0,0,0,0,0,0,0,0,,0,0,0,0,0,0,0,0,0,,
17/02/20,19:52:59,Secador 3,34,2002171911,201,0,0,0,0,0,0,0,0,0,0,0,0,0,0,,0,0,0,0,0,0,0,0,0,,
17/02/20,19:53:32,Secador 3,34,2002171911,200,0,0,0,0,0,0,0,0,0,0,0,0,0,0,,0,0,0,0,0,0,0,0,0,,
17/02/20,19:54:04,Secador 3,34,2002171911,200,0,0,0,0,0,0,0,0,0,0,0,0,0,0,,0,0,0,0,0,0,0,0,0,,
17/02/20,19:54:38,Secador 3,34,2002171911,198,0,0,0,0,0,0,0,0,0,0,0,0,0,0,,0,0,0,0,0,0,0,0,0,,
17/02/20,19:55:17,Secador 3,34,2002171911,200,0,0,0,0,0,0,0,0,0,0,0,0,0,0,,0,0,0,0,0,0,0,0,0,,
17/02/20,19:55:57,Secador 3,34,2002171911,201,0,0,0,0,0,0,0,0,0,0,0,0,0,0,,0,0,0,0,0,0,0,0,0,,
17/02/20,19:56:35,Secador 3,34,2002171911,200,0,0,0,0,0,0,0,0,0,0,0,0,0,0,,0,0,0,0,0,0,0,0,0,,
17/02/20,19:57:20,Secador 3,34,2002171911,196,0,0,0,0,0,0,0,0,0,0,0,0,0,0,,0,0,0,0,0,0,0,0,0,,
17/02/20,19:58:17,Secador 3,34,2002171911,200,0,0,0,0,0,0,0,0,0,0,0,0,0,0,,0,0,0,0,0,0,0,0,0,,
17/02/20,19:59:05,Secador 3,34,2002171911,201,0,0,0,0,0,0,0,0,0,0,0,0,0,0,,0,0,0,0,0,0,0,0,0,,
17/02/20,19:59:49,Secador 3,34,2002171911,200,0,0,0,0,0,0,0,0,0,0,0,0,0,0,,0,0,0,0,0,0,0,0,0,,
17/02/20,20:00:35,Secador 3,34,2002171911,201,0,0,0,0,0,0,0,0,0,0,0,0,0,0,,0,0,0,0,0,0,0,0,0,,
17/02/20,20:01:22,Secador 3,34,2002171911,199,0,0,0,0,0,0,0,0,0,0,0,0,0,0,,0,0,0,0,0,0,0,0,0,,
17/02/20,20:02:14,Secador 3,34,2002171911,198,0,0,0,0,0,0,0,0,0,0,0,0,0,0,,0,0,0,0,0,0,0,0,0,,
17/02/20,20:03:06,Secador 3,34,2002171911,200,0,0,0,0,0,0,0,0,0,0,0,0,0,0,,0,0,0,0,0,0,0,0,0,,
17/02/20,20:15:19,Secador 3,34,2002171911,200,0,0,0,0,0,0,0,0,0,0,0,0,0,0,,0,0,0,0,0,0,0,0,0,,
17/02/20,20:16:47,Secador 3,34,2002171911,108,0,0,0,0,0,0,0,0,0,0,0,0,0,0,,0,0,0,0,0,0,0,0,0,,
17/02/20,22:56:59,Secador 7,36,2002172253,206,0,0,0,0,0,0,0,0,0,0,0,0,0,0,,0,0,0,0,0,0,0,0,0,,
17/02/20,22:57:33,Secador 7,36,2002172253,199,0,0,0,0,0,0,0,0,0,0,0,0,0,0,,0,0,0,0,0,0,0,0,0,,
17/02/20,22:58:07,Secador 7,36,2002172253,202,0,0,0,0,0,0,0,0,0,0,0,0,0,0,,0,0,0,0,0,0,0,0,0,,
17/02/20,22:58:40,Secador 7,36,2002172253,200,0,0,0,0,0,0,0,0,0,0,0,0,0,0,,0,0,0,0,0,0,0,0,0,,
17/02/20,22:59:12,Secador 7,36,2002172253,199,0,0,0,0,0,0,0,0,0,0,0,0,0,0,,0,0,0,0,0,0,0,0,0,,
17/02/20,22:59:45,Secador 7,36,2002172253,199,0,0,0,0,0,0,0,0,0,0,0,0,0,0,,0,0,0,0,0,0,0,0,0,,
17/02/20,23:00:26,Secador 7,36,2002172253,198,0,0,0,0,0,0,0,0,0,0,0,0,0,0,,0,0,0,0,0,0,0,0,0,,
17/02/20,23:01:05,Secador 7,36,2002172253,200,0,0,0,0,0,0,0,0,0,0,0,0,0,0,,0,0,0,0,0,0,0,0,0,,
17/02/20,23:01:50,Secador 7,36,2002172253,199,0,0,0,0,0,0,0,0,0,0,0,0,0,0,,0,0,0,0,0,0,0,0,0,,
17/02/20,23:02:34,Secador 7,36,2002172253,201,0,0,0,0,0,0,0,0,0,0,0,0,0,0,,0,0,0,0,0,0,0,0,0,,
17/02/20,23:03:16,Secador 7,36,2002172253,200,0,0,0,0,0,0,0,0,0,0,0,0,0,0,,0,0,0,0,0,0,0,0,0,,
17/02/20,23:03:57,Secador 7,36,2002172253,200,0,0,0,0,0,0,0,0,0,0,0,0,0,0,,0,0,0,0,0,0,0,0,0,,
17/02/20,23:04:39,Secador 7,36,2002172253,200,0,0,0,0,0,0,0,0,0,0,0,0,0,0,,0,0,0,0,0,0,0,0,0,,
17/02/20,23:05:21,Secador 7,36,2002172253,199,0,0,0,0,0,0,0,0,0,0,0,0,0,0,,0,0,0,0,0,0,0,0,0,,
17/02/20,23:06:03,Secador 7,36,2002172253,201,0,0,0,0,0,0,0,0,0,0,0,0,0,0,,0,0,0,0,0,0,0,0,0,,
17/02/20,23:06:45,Secador 7,36,2002172253,198,0,0,0,0,0,0,0,0,0,0,0,0,0,0,,0,0,0,0,0,0,0,0,0,,
17/02/20,23:07:29,Secador 7,36,2002172253,201,0,0,0,0,0,0,0,0,0,0,0,0,0,0,,0,0,0,0,0,0,0,0,0,,
17/02/20,23:08:13,Secador 7,36,2002172253,202,0,0,0,0,0,0,0,0,0,0,0,0,0,0,,0,0,0,0,0,0,0,0,0,,
17/02/20,23:08:55,Secador 7,36,2002172253,199,0,0,0,0,0,0,0,0,0,0,0,0,0,0,,0,0,0,0,0,0,0,0,0,,
17/02/20,23:09:38,Secador 7,36,2002172253,197,0,0,0,0,0,0,0,0,0,0,0,0,0,0,,0,0,0,0,0,0,0,0,0,,
17/02/20,23:10:24,Secador 7,36,2002172253,203,0,0,0,0,0,0,0,0,0,0,0,0,0,0,,0,0,0,0,0,0,0,0,0,,
17/02/20,23:11:08,Secador 7,36,2002172253,199,0,0,0,0,0,0,0,0,0,0,0,0,0,0,,0,0,0,0,0,0,0,0,0,,
17/02/20,23:11:52,Secador 7,36,2002172253,201,0,0,0,0,0,0,0,0,0,0,0,0,0,0,,0,0,0,0,0,0,0,0,0,,
17/02/20,23:12:33,Secador 7,36,2002172253,200,0,0,0,0,0,0,0,0,0,0,0,0,0,0,,0,0,0,0,0,0,0,0,0,,
17/02/20,23:13:14,Secador 7,36,2002172253,200,0,0,0,0,0,0,0,0,0,0,0,0,0,0,,0,0,0,0,0,0,0,0,0,,
17/02/20,23:13:55,Secador 7,36,2002172253,200,0,0,0,0,0,0,0,0,0,0,0,0,0,0,,0,0,0,0,0,0,0,0,0,,
17/02/20,23:14:36,Secador 7,36,2002172253,200,0,0,0,0,0,0,0,0,0,0,0,0,0,0,,0,0,0,0,0,0,0,0,0,,
17/02/20,23:15:17,Secador 7,36,2002172253,200,0,0,0,0,0,0,0,0,0,0,0,0,0,0,,0,0,0,0,0,0,0,0,0,,
17/02/20,23:15:57,Secador 7,36,2002172253,200,0,0,0,0,0,0,0,0,0,0,0,0,0,0,,0,0,0,0,0,0,0,0,0,,
17/02/20,23:16:38,Secador 7,36,2002172253,200,0,0,0,0,0,0,0,0,0,0,0,0,0,0,,0,0,0,0,0,0,0,0,0,,
17/02/20,23:17:19,Secador 7,36,2002172253,199,0,0,0,0,0,0,0,0,0,0,0,0,0,0,,0,0,0,0,0,0,0,0,0,,
17/02/20,23:18:00,Secador 7,36,2002172253,202,0,0,0,0,0,0,0,0,0,0,0,0,0,0,,0,0,0,0,0,0,0,0,0,,
17/02/20,23:18:40,Secador 7,36,2002172253,200,0,0,0,0,0,0,0,0,0,0,0,0,0,0,,0,0,0,0,0,0,0,0,0,,
17/02/20,23:19:21,Secador 7,36,2002172253,199,0,0,0,0,0,0,0,0,0,0,0,0,0,0,,0,0,0,0,0,0,0,0,0,,
17/02/20,23:20:02,Secador 7,36,2002172253,200,0,0,0,0,0,0,0,0,0,0,0,0,0,0,,0,0,0,0,0,0,0,0,0,,
17/02/20,23:20:43,Secador 7,36,2002172253,200,0,0,0,0,0,0,0,0,0,0,0,0,0,0,,0,0,0,0,0,0,0,0,0,,
17/02/20,23:21:24,Secador 7,36,2002172253,200,0,0,0,0,0,0,0,0,0,0,0,0,0,0,,0,0,0,0,0,0,0,0,0,,
17/02/20,23:22:05,Secador 7,36,2002172253,202,0,0,0,0,0,0,0,0,0,0,0,0,0,0,,0,0,0,0,0,0,0,0,0,,
17/02/20,23:22:45,Secador 7,36,2002172253,198,0,0,0,0,0,0,0,0,0,0,0,0,0,0,,0,0,0,0,0,0,0,0,0,,
17/02/20,23:23:27,Secador 7,36,2002172253,200,0,0,0,0,0,0,0,0,0,0,0,0,0,0,,0,0,0,0,0,0,0,0,0,,
17/02/20,23:24:08,Secador 7,36,2002172253,200,0,0,0,0,0,0,0,0,0,0,0,0,0,0,,0,0,0,0,0,0,0,0,0,,
17/02/20,23:24:49,Secador 7,36,2002172253,200,0,0,0,0,0,0,0,0,0,0,0,0,0,0,,0,0,0,0,0,0,0,0,0,,
17/02/20,23:25:30,Secador 7,36,2002172253,201,0,0,0,0,0,0,0,0,0,0,0,0,0,0,,0,0,0,0,0,0,0,0,0,,
17/02/20,23:26:11,Secador 7,36,2002172253,198,0,0,0,0,0,0,0,0,0,0,0,0,0,0,,0,0,0,0,0,0,0,0,0,,
17/02/20,23:26:52,Secador 7,36,2002172253,201,0,0,0,0,0,0,0,0,0,0,0,0,0,0,,0,0,0,0,0,0,0,0,0,,
17/02/20,23:27:34,Secador 7,36,2002172253,199,0,0,0,0,0,0,0,0,0,0,0,0,0,0,,0,0,0,0,0,0,0,0,0,,
17/02/20,23:28:16,Secador 7,36,2002172253,201,0,0,0,0,0,0,0,0,0,0,0,0,0,0,,0,0,0,0,0,0,0,0,0,,
17/02/20,23:28:57,Secador 7,36,2002172253,200,0,0,0,0,0,0,0,0,0,0,0,0,0,0,,0,0,0,0,0,0,0,0,0,,
17/02/20,23:29:40,Secador 7,36,2002172253,201,0,0,0,0,0,0,0,0,0,0,0,0,0,0,,0,0,0,0,0,0,0,0,0,,
17/02/20,23:30:22,Secador 7,36,2002172253,199,0,0,0,0,0,0,0,0,0,0,0,0,0,0,,0,0,0,0,0,0,0,0,0,,
17/02/20,23:31:04,Secador 7,36,2002172253,200,0,0,0,0,0,0,0,0,0,0,0,0,0,0,,0,0,0,0,0,0,0,0,0,,
17/02/20,23:31:45,Secador 7,36,2002172253,202,0,0,0,0,0,0,0,0,0,0,0,0,0,0,,0,0,0,0,0,0,0,0,0,,
17/02/20,23:32:26,Secador 7,36,2002172253,197,0,0,0,0,0,0,0,0,0,0,0,0,0,0,,0,0,0,0,0,0,0,0,0,,
17/02/20,23:33:09,Secador 7,36,2002172253,202,0,0,0,0,0,0,0,0,0,0,0,0,0,0,,0,0,0,0,0,0,0,0,0,,
17/02/20,23:33:51,Secador 7,36,2002172253,198,0,0,0,0,0,0,0,0,0,0,0,0,0,0,,0,0,0,0,0,0,0,0,0,,
17/02/20,23:34:34,Secador 7,36,2002172253,201,0,0,0,0,0,0,0,0,0,0,0,0,0,0,,0,0,0,0,0,0,0,0,0,,
17/02/20,23:35:20,Secador 7,36,2002172253,199,0,0,0,0,0,0,0,0,0,0,0,0,0,0,,0,0,0,0,0,0,0,0,0,,
17/02/20,23:36:11,Secador 7,36,2002172253,198,0,0,0,0,0,0,0,0,0,0,0,0,0,0,,0,0,0,0,0,0,0,0,0,,
17/02/20,23:37:24,Secador 7,36,2002172253,200,0,0,0,0,0,0,0,0,0,0,0,0,0,0,,0,0,0,0,0,0,0,0,0,,
17/02/20,23:39:22,Secador 7,36,2002172253,200,0,0,0,0,0,0,0,0,0,0,0,0,0,0,,0,0,0,0,0,0,0,0,0,,
17/02/20,23:40:52,Secador 7,36,2002172253,200,0,0,0,0,0,0,0,0,0,0,0,0,0,0,,0,0,0,0,0,0,0,0,0,,
17/02/20,23:41:39,Secador 7,36,2002172253,201,0,0,0,0,0,0,0,0,0,0,0,0,0,0,,0,0,0,0,0,0,0,0,0,,
17/02/20,23:42:25,Secador 7,36,2002172253,201,0,0,0,0,0,0,0,0,0,0,0,0,0,0,,0,0,0,0,0,0,0,0,0,,
17/02/20,23:43:11,Secador 7,36,2002172253,202,0,0,0,0,0,0,0,0,0,0,0,0,0,0,,0,0,0,0,0,0,0,0,0,,
17/02/20,23:43:57,Secador 7,36,2002172253,197,0,0,0,0,0,0,0,0,0,0,0,0,0,0,,0,0,0,0,0,0,0,0,0,,
17/02/20,23:44:46,Secador 7,36,2002172253,201,0,0,0,0,0,0,0,0,0,0,0,0,0,0,,0,0,0,0,0,0,0,0,0,,
17/02/20,23:45:33,Secador 7,36,2002172253,200,0,0,0,0,0,0,0,0,0,0,0,0,0,0,,0,0,0,0,0,0,0,0,0,,
17/02/20,23:46:25,Secador 7,36,2002172253,198,0,0,0,0,0,0,0,0,0,0,0,0,0,0,,0,0,0,0,0,0,0,0,0,,
17/02/20,23:47:47,Secador 7,36,2002172253,200,0,0,0,0,0,0,0,0,0,0,0,0,0,0,,0,0,0,0,0,0,0,0,0,,
17/02/20,23:50:58,Secador 7,36,2002172253,188,0,0,0,0,0,0,0,0,0,0,0,0,0,0,,0,0,0,0,0,0,0,0,0,,
18/02/20,00:19:44,Secador 8,30,2002180008,201,0,0,0,0,0,0,0,0,0,0,0,0,0,0,,0,0,0,0,0,0,0,0,0,,
18/02/20,00:20:49,Secador 8,30,2002180008,198,0,0,0,0,0,0,0,0,0,0,0,0,0,0,,0,0,0,0,0,0,0,0,0,,
18/02/20,00:21:50,Secador 8,30,2002180008,200,0,0,0,0,0,0,0,0,0,0,0,0,0,0,,0,0,0,0,0,0,0,0,0,,
18/02/20,00:22:47,Secador 8,30,2002180008,201,0,0,0,0,0,0,0,0,0,0,0,0,0,0,,0,0,0,0,0,0,0,0,0,,
18/02/20,00:23:43,Secador 8,30,2002180008,200,0,0,0,0,0,0,0,0,0,0,0,0,0,0,,0,0,0,0,0,0,0,0,0,,
18/02/20,00:24:42,Secador 8,30,2002180008,200,0,0,0,0,0,0,0,0,0,0,0,0,0,0,,0,0,0,0,0,0,0,0,0,,
18/02/20,00:25:37,Secador 8,30,2002180008,200,0,0,0,0,0,0,0,0,0,0,0,0,0,0,,0,0,0,0,0,0,0,0,0,,
18/02/20,00:26:38,Secador 8,30,2002180008,199,0,0,0,0,0,0,0,0,0,0,0,0,0,0,,0,0,0,0,0,0,0,0,0,,
18/02/20,00:27:43,Secador 8,30,2002180008,200,0,0,0,0,0,0,0,0,0,0,0,0,0,0,,0,0,0,0,0,0,0,0,0,,
18/02/20,00:28:51,Secador 8,30,2002180008,200,0,0,0,0,0,0,0,0,0,0,0,0,0,0,,0,0,0,0,0,0,0,0,0,,
18/02/20,00:29:59,Secador 8,30,2002180008,200,0,0,0,0,0,0,0,0,0,0,0,0,0,0,,0,0,0,0,0,0,0,0,0,,
18/02/20,00:31:07,Secador 8,30,2002180008,200,0,0,0,0,0,0,0,0,0,0,0,0,0,0,,0,0,0,0,0,0,0,0,0,,
18/02/20,00:32:32,Secador 8,30,2002180008,199,0,0,0,0,0,0,0,0,0,0,0,0,0,0,,0,0,0,0,0,0,0,0,0,,
18/02/20,00:33:47,Secador 8,30,2002180008,202,0,0,0,0,0,0,0,0,0,0,0,0,0,0,,0,0,0,0,0,0,0,0,0,,
18/02/20,00:34:45,Secador 8,30,2002180008,200,0,0,0,0,0,0,0,0,0,0,0,0,0,0,,0,0,0,0,0,0,0,0,0,,
18/02/20,00:35:42,Secador 8,30,2002180008,200,0,0,0,0,0,0,0,0,0,0,0,0,0,0,,0,0,0,0,0,0,0,0,0,,
18/02/20,00:36:39,Secador 8,30,2002180008,200,0,0,0,0,0,0,0,0,0,0,0,0,0,0,,0,0,0,0,0,0,0,0,0,,
18/02/20,00:37:40,Secador 8,30,2002180008,199,0,0,0,0,0,0,0,0,0,0,0,0,0,0,,0,0,0,0,0,0,0,0,0,,
18/02/20,00:38:41,Secador 8,30,2002180008,201,0,0,0,0,0,0,0,0,0,0,0,0,0,0,,0,0,0,0,0,0,0,0,0,,
18/02/20,00:40:01,Secador 8,30,2002180008,201,0,0,0,0,0,0,0,0,0,0,0,0,0,0,,0,0,0,0,0,0,0,0,0,,
18/02/20,00:42:24,Secador 8,30,2002180008,198,0,0,0,0,0,0,0,0,0,0,0,0,0,0,,0,0,0,0,0,0,0,0,0,,
18/02/20,00:45:48,Secador 8,30,2002180008,199,0,0,0,0,0,0,0,0,0,0,0,0,0,0,,0,0,0,0,0,0,0,0,0,,
18/02/20,01:14:24,Secador 8,30,2002180008,201,0,0,0,0,0,0,0,0,0,0,0,0,0,0,,0,0,0,0,0,0,0,0,0,,
18/02/20,01:16:13,Secador 8,30,2002180008,201,0,0,0,0,0,0,0,0,0,0,0,0,0,0,,0,0,0,0,0,0,0,0,0,,
18/02/20,01:17:04,Secador 8,30,2002180008,201,0,0,0,0,0,0,0,0,0,0,0,0,0,0,,0,0,0,0,0,0,0,0,0,,
18/02/20,01:17:52,Secador 8,30,2002180008,200,0,0,0,0,0,0,0,0,0,0,0,0,0,0,,0,0,0,0,0,0,0,0,0,,
18/02/20,01:18:41,Secador 8,30,2002180008,202,0,0,0,0,0,0,0,0,0,0,0,0,0,0,,0,0,0,0,0,0,0,0,0,,
18/02/20,01:19:30,Secador 8,30,2002180008,198,0,0,0,0,0,0,0,0,0,0,0,0,0,0,,0,0,0,0,0,0,0,0,0,,
18/02/20,01:20:19,Secador 8,30,2002180008,201,0,0,0,0,0,0,0,0,0,0,0,0,0,0,,0,0,0,0,0,0,0,0,0,,
18/02/20,01:24:42,Secador 8,30,2002180008,198,0,0,0,0,0,0,0,0,0,0,0,0,0,0,,0,0,0,0,0,0,0,0,0,,
18/02/20,01:34:34,Secador 8,30,2002180008,200,0,0,0,0,0,0,0,0,0,0,0,0,0,0,,0,0,0,0,0,0,0,0,0,,
18/02/20,01:36:18,Secador 8,30,2002180008,200,0,0,0,0,0,0,0,0,0,0,0,0,0,0,,0,0,0,0,0,0,0,0,0,,
18/02/20,01:39:14,Secador 8,30,2002180008,200,0,0,0,0,0,0,0,0,0,0,0,0,0,0,,0,0,0,0,0,0,0,0,0,,
18/02/20,01:40:35,Secador 8,30,2002180008,199,0,0,0,0,0,0,0,0,0,0,0,0,0,0,,0,0,0,0,0,0,0,0,0,,
18/02/20,01:42:12,Secador 8,30,2002180008,200,0,0,0,0,0,0,0,0,0,0,0,0,0,0,,0,0,0,0,0,0,0,0,0,,
18/02/20,01:44:20,Secador 8,30,2002180008,201,0,0,0,0,0,0,0,0,0,0,0,0,0,0,,0,0,0,0,0,0,0,0,0,,
18/02/20,01:46:07,Secador 8,30,2002180008,200,0,0,0,0,0,0,0,0,0,0,0,0,0,0,,0,0,0,0,0,0,0,0,0,,
18/02/20,01:52:29,Secador 8,30,2002180008,200,0,0,0,0,0,0,0,0,0,0,0,0,0,0,,0,0,0,0,0,0,0,0,0,,
18/02/20,01:54:21,Secador 8,30,2002180008,200,0,0,0,0,0,0,0,0,0,0,0,0,0,0,,0,0,0,0,0,0,0,0,0,,
18/02/20,01:56:01,Secador 8,30,2002180008,200,0,0,0,0,0,0,0,0,0,0,0,0,0,0,,0,0,0,0,0,0,0,0,0,,
18/02/20,01:57:39,Secador 8,30,2002180008,200,0,0,0,0,0,0,0,0,0,0,0,0,0,0,,0,0,0,0,0,0,0,0,0,,
18/02/20,01:59:56,Secador 8,30,2002180008,199,0,0,0,0,0,0,0,0,0,0,0,0,0,0,,0,0,0,0,0,0,0,0,0,,
18/02/20,02:02:20,Secador 8,30,2002180008,199,0,0,0,0,0,0,0,0,0,0,0,0,0,0,,0,0,0,0,0,0,0,0,0,,
18/02/20,02:06:32,Secador 8,30,2002180008,201,0,0,0,0,0,0,0,0,0,0,0,0,0,0,,0,0,0,0,0,0,0,0,0,,
18/02/20,02:09:36,Secador 8,30,2002180008,202,0,0,0,0,0,0,0,0,0,0,0,0,0,0,,0,0,0,0,0,0,0,0,0,,
18/02/20,02:11:11,Secador 8,30,2002180008,199,0,0,0,0,0,0,0,0,0,0,0,0,0,0,,0,0,0,0,0,0,0,0,0,,
18/02/20,02:13:16,Secador 8,30,2002180008,199,0,0,0,0,0,0,0,0,0,0,0,0,0,0,,0,0,0,0,0,0,0,0,0,,
18/02/20,02:15:14,Secador 8,30,2002180008,201,0,0,0,0,0,0,0,0,0,0,0,0,0,0,,0,0,0,0,0,0,0,0,0,,
18/02/20,02:16:54,Secador 8,30,2002180008,199,0,0,0,0,0,0,0,0,0,0,0,0,0,0,,0,0,0,0,0,0,0,0,0,,
18/02/20,02:19:32,Secador 8,30,2002180008,200,0,0,0,0,0,0,0,0,0,0,0,0,0,0,,0,0,0,0,0,0,0,0,0,,
18/02/20,02:21:41,Secador 8,30,2002180008,201,0,0,0,0,0,0,0,0,0,0,0,0,0,0,,0,0,0,0,0,0,0,0,0,,
18/02/20,02:24:18,Secador 8,30,2002180008,199,0,0,0,0,0,0,0,0,0,0,0,0,0,0,,0,0,0,0,0,0,0,0,0,,
18/02/20,02:27:21,Secador 8,30,2002180008,200,0,0,0,0,0,0,0,0,0,0,0,0,0,0,,0,0,0,0,0,0,0,0,0,,
18/02/20,02:29:57,Secador 8,30,2002180008,201,0,0,0,0,0,0,0,0,0,0,0,0,0,0,,0,0,0,0,0,0,0,0,0,,
18/02/20,02:32:12,Secador 8,30,2002180008,198,0,0,0,0,0,0,0,0,0,0,0,0,0,0,,0,0,0,0,0,0,0,0,0,,
18/02/20,02:35:19,Secador 8,30,2002180008,202,0,0,0,0,0,0,0,0,0,0,0,0,0,0,,0,0,0,0,0,0,0,0,0,,
18/02/20,02:37:32,Secador 8,30,2002180008,199,0,0,0,0,0,0,0,0,0,0,0,0,0,0,,0,0,0,0,0,0,0,0,0,,
18/02/20,02:40:22,Secador 8,30,2002180008,200,0,0,0,0,0,0,0,0,0,0,0,0,0,0,,0,0,0,0,0,0,0,0,0,,
18/02/20,02:42:46,Secador 8,30,2002180008,200,0,0,0,0,0,0,0,0,0,0,0,0,0,0,,0,0,0,0,0,0,0,0,0,,
18/02/20,02:45:23,Secador 8,30,2002180008,201,0,0,0,0,0,0,0,0,0,0,0,0,0,0,,0,0,0,0,0,0,0,0,0,,
18/02/20,02:47:09,Secador 8,30,2002180008,199,0,0,0,0,0,0,0,0,0,0,0,0,0,0,,0,0,0,0,0,0,0,0,0,,
18/02/20,02:49:04,Secador 8,30,2002180008,199,0,0,0,0,0,0,0,0,0,0,0,0,0,0,,0,0,0,0,0,0,0,0,0,,
18/02/20,03:01:10,Secador 8,30,2002180008,57,0,0,0,0,0,0,0,0,0,0,0,0,0,0,,0,0,0,0,0,0,0,0,0,,
18/02/20,03:12:16,Secador 11,31,2002180308,204,0,0,0,0,0,0,0,0,0,0,0,0,0,0,,0,0,0,0,0,0,0,0,0,,
18/02/20,03:13:01,Secador 11,31,2002180308,202,0,0,0,0,0,0,0,0,0,0,0,0,0,0,,0,0,0,0,0,0,0,0,0,,
18/02/20,03:13:43,Secador 11,31,2002180308,199,0,0,0,0,0,0,0,0,0,0,0,0,0,0,,0,0,0,0,0,0,0,0,0,,
18/02/20,03:15:08,Secador 11,31,2002180308,197,0,0,0,0,0,0,0,0,0,0,0,0,0,0,,0,0,0,0,0,0,0,0,0,,
18/02/20,03:16:43,Secador 11,31,2002180308,199,0,0,0,0,0,0,0,0,0,0,0,0,0,0,,0,0,0,0,0,0,0,0,0,,
18/02/20,03:18:06,Secador 11,31,2002180308,200,0,0,0,0,0,0,0,0,0,0,0,0,0,0,,0,0,0,0,0,0,0,0,0,,
18/02/20,03:19:28,Secador 11,31,2002180308,199,0,0,0,0,0,0,0,0,0,0,0,0,0,0,,0,0,0,0,0,0,0,0,0,,
18/02/20,03:21:11,Secador 11,31,2002180308,202,0,0,0,0,0,0,0,0,0,0,0,0,0,0,,0,0,0,0,0,0,0,0,0,,
18/02/20,03:22:20,Secador 11,31,2002180308,199,0,0,0,0,0,0,0,0,0,0,0,0,0,0,,0,0,0,0,0,0,0,0,0,,
18/02/20,03:24:05,Secador 11,31,2002180308,201,0,0,0,0,0,0,0,0,0,0,0,0,0,0,,0,0,0,0,0,0,0,0,0,,
18/02/20,03:25:53,Secador 11,31,2002180308,200,0,0,0,0,0,0,0,0,0,0,0,0,0,0,,0,0,0,0,0,0,0,0,0,,
18/02/20,03:27:34,Secador 11,31,2002180308,200,0,0,0,0,0,0,0,0,0,0,0,0,0,0,,0,0,0,0,0,0,0,0,0,,
18/02/20,03:28:52,Secador 11,31,2002180308,199,0,0,0,0,0,0,0,0,0,0,0,0,0,0,,0,0,0,0,0,0,0,0,0,,
18/02/20,03:30:03,Secador 11,31,2002180308,201,0,0,0,0,0,0,0,0,0,0,0,0,0,0,,0,0,0,0,0,0,0,0,0,,
18/02/20,03:31:29,Secador 11,31,2002180308,200,0,0,0,0,0,0,0,0,0,0,0,0,0,0,,0,0,0,0,0,0,0,0,0,,
18/02/20,03:32:59,Secador 11,31,2002180308,199,0,0,0,0,0,0,0,0,0,0,0,0,0,0,,0,0,0,0,0,0,0,0,0,,
18/02/20,03:34:27,Secador 11,31,2002180308,201,0,0,0,0,0,0,0,0,0,0,0,0,0,0,,0,0,0,0,0,0,0,0,0,,
18/02/20,03:36:01,Secador 11,31,2002180308,201,0,0,0,0,0,0,0,0,0,0,0,0,0,0,,0,0,0,0,0,0,0,0,0,,
18/02/20,03:38:04,Secador 11,31,2002180308,197,0,0,0,0,0,0,0,0,0,0,0,0,0,0,,0,0,0,0,0,0,0,0,0,,
18/02/20,03:44:00,Secador 11,31,2002180308,201,0,0,0,0,0,0,0,0,0,0,0,0,0,0,,0,0,0,0,0,0,0,0,0,,
18/02/20,03:45:28,Secador 11,31,2002180308,201,0,0,0,0,0,0,0,0,0,0,0,0,0,0,,0,0,0,0,0,0,0,0,0,,
18/02/20,03:47:24,Secador 11,31,2002180308,200,0,0,0,0,0,0,0,0,0,0,0,0,0,0,,0,0,0,0,0,0,0,0,0,,
18/02/20,03:48:33,Secador 11,31,2002180308,199,0,0,0,0,0,0,0,0,0,0,0,0,0,0,,0,0,0,0,0,0,0,0,0,,
18/02/20,03:49:29,Secador 11,31,2002180308,201,0,0,0,0,0,0,0,0,0,0,0,0,0,0,,0,0,0,0,0,0,0,0,0,,
18/02/20,03:50:29,Secador 11,31,2002180308,200,0,0,0,0,0,0,0,0,0,0,0,0,0,0,,0,0,0,0,0,0,0,0,0,,
18/02/20,03:51:33,Secador 11,31,2002180308,199,0,0,0,0,0,0,0,0,0,0,0,0,0,0,,0,0,0,0,0,0,0,0,0,,
18/02/20,03:52:39,Secador 11,31,2002180308,202,0,0,0,0,0,0,0,0,0,0,0,0,0,0,,0,0,0,0,0,0,0,0,0,,
18/02/20,03:53:58,Secador 11,31,2002180308,198,0,0,0,0,0,0,0,0,0,0,0,0,0,0,,0,0,0,0,0,0,0,0,0,,
18/02/20,03:55:27,Secador 11,31,2002180308,200,0,0,0,0,0,0,0,0,0,0,0,0,0,0,,0,0,0,0,0,0,0,0,0,,
18/02/20,03:56:51,Secador 11,31,2002180308,201,0,0,0,0,0,0,0,0,0,0,0,0,0,0,,0,0,0,0,0,0,0,0,0,,
18/02/20,03:58:12,Secador 11,31,2002180308,198,0,0,0,0,0,0,0,0,0,0,0,0,0,0,,0,0,0,0,0,0,0,0,0,,
18/02/20,03:59:54,Secador 11,31,2002180308,202,0,0,0,0,0,0,0,0,0,0,0,0,0,0,,0,0,0,0,0,0,0,0,0,,
18/02/20,04:01:43,Secador 11,31,2002180308,200,0,0,0,0,0,0,0,0,0,0,0,0,0,0,,0,0,0,0,0,0,0,0,0,,
18/02/20,04:06:37,Secador 11,31,2002180308,200,0,0,0,0,0,0,0,0,0,0,0,0,0,0,,0,0,0,0,0,0,0,0,0,,
18/02/20,04:07:59,Secador 11,31,2002180308,200,0,0,0,0,0,0,0,0,0,0,0,0,0,0,,0,0,0,0,0,0,0,0,0,,
18/02/20,04:10:22,Secador 11,31,2002180308,199,0,0,0,0,0,0,0,0,0,0,0,0,0,0,,0,0,0,0,0,0,0,0,0,,
18/02/20,04:11:33,Secador 11,31,2002180308,201,0,0,0,0,0,0,0,0,0,0,0,0,0,0,,0,0,0,0,0,0,0,0,0,,
18/02/20,04:13:03,Secador 11,31,2002180308,199,0,0,0,0,0,0,0,0,0,0,0,0,0,0,,0,0,0,0,0,0,0,0,0,,
18/02/20,04:14:14,Secador 11,31,2002180308,201,0,0,0,0,0,0,0,0,0,0,0,0,0,0,,0,0,0,0,0,0,0,0,0,,
18/02/20,04:15:22,Secador 11,31,2002180308,200,0,0,0,0,0,0,0,0,0,0,0,0,0,0,,0,0,0,0,0,0,0,0,0,,
18/02/20,04:16:33,Secador 11,31,2002180308,200,0,0,0,0,0,0,0,0,0,0,0,0,0,0,,0,0,0,0,0,0,0,0,0,,
18/02/20,04:18:04,Secador 11,31,2002180308,199,0,0,0,0,0,0,0,0,0,0,0,0,0,0,,0,0,0,0,0,0,0,0,0,,
18/02/20,04:20:24,Secador 11,31,2002180308,198,0,0,0,0,0,0,0,0,0,0,0,0,0,0,,0,0,0,0,0,0,0,0,0,,
18/02/20,04:21:17,Secador 11,31,2002180308,6,0,0,0,0,0,0,0,0,0,0,0,0,0,0,,0,0,0,0,0,0,0,0,0,,
18/02/20,06:01:12,Secador 13,39,2002180556,203,0,0,0,0,0,0,0,0,0,0,0,0,0,0,,0,0,0,0,0,0,0,0,0,,
18/02/20,06:01:57,Secador 13,39,2002180556,206,0,0,0,0,0,0,0,0,0,0,0,0,0,0,,0,0,0,0,0,0,0,0,0,,
18/02/20,06:02:24,Secador 13,39,2002180556,204,0,0,0,0,0,0,0,0,0,0,0,0,0,0,,0,0,0,0,0,0,0,0,0,,
18/02/20,06:02:49,Secador 13,39,2002180556,200,0,0,0,0,0,0,0,0,0,0,0,0,0,0,,0,0,0,0,0,0,0,0,0,,
18/02/20,06:03:14,Secador 13,39,2002180556,201,0,0,0,0,0,0,0,0,0,0,0,0,0,0,,0,0,0,0,0,0,0,0,0,,
18/02/20,06:03:45,Secador 13,39,2002180556,191,0,0,0,0,0,0,0,0,0,0,0,0,0,0,,0,0,0,0,0,0,0,0,0,,
18/02/20,06:04:24,Secador 13,39,2002180556,203,0,0,0,0,0,0,0,0,0,0,0,0,0,0,,0,0,0,0,0,0,0,0,0,,
18/02/20,06:04:59,Secador 13,39,2002180556,200,0,0,0,0,0,0,0,0,0,0,0,0,0,0,,0,0,0,0,0,0,0,0,0,,
18/02/20,06:05:32,Secador 13,39,2002180556,200,0,0,0,0,0,0,0,0,0,0,0,0,0,0,,0,0,0,0,0,0,0,0,0,,
18/02/20,06:06:08,Secador 13,39,2002180556,201,0,0,0,0,0,0,0,0,0,0,0,0,0,0,,0,0,0,0,0,0,0,0,0,,
18/02/20,06:06:43,Secador 13,39,2002180556,199,0,0,0,0,0,0,0,0,0,0,0,0,0,0,,0,0,0,0,0,0,0,0,0,,
18/02/20,06:07:17,Secador 13,39,2002180556,201,0,0,0,0,0,0,0,0,0,0,0,0,0,0,,0,0,0,0,0,0,0,0,0,,
18/02/20,06:07:53,Secador 13,39,2002180556,199,0,0,0,0,0,0,0,0,0,0,0,0,0,0,,0,0,0,0,0,0,0,0,0,,
18/02/20,06:08:31,Secador 13,39,2002180556,198,0,0,0,0,0,0,0,0,0,0,0,0,0,0,,0,0,0,0,0,0,0,0,0,,
18/02/20,06:09:12,Secador 13,39,2002180556,199,0,0,0,0,0,0,0,0,0,0,0,0,0,0,,0,0,0,0,0,0,0,0,0,,
18/02/20,06:09:53,Secador 13,39,2002180556,200,0,0,0,0,0,0,0,0,0,0,0,0,0,0,,0,0,0,0,0,0,0,0,0,,
18/02/20,06:10:38,Secador 13,39,2002180556,200,0,0,0,0,0,0,0,0,0,0,0,0,0,0,,0,0,0,0,0,0,0,0,0,,
18/02/20,06:11:22,Secador 13,39,2002180556,201,0,0,0,0,0,0,0,0,0,0,0,0,0,0,,0,0,0,0,0,0,0,0,0,,
18/02/20,06:12:08,Secador 13,39,2002180556,199,0,0,0,0,0,0,0,0,0,0,0,0,0,0,,0,0,0,0,0,0,0,0,0,,
18/02/20,06:12:53,Secador 13,39,2002180556,199,0,0,0,0,0,0,0,0,0,0,0,0,0,0,,0,0,0,0,0,0,0,0,0,,
18/02/20,06:13:40,Secador 13,39,2002180556,201,0,0,0,0,0,0,0,0,0,0,0,0,0,0,,0,0,0,0,0,0,0,0,0,,
18/02/20,06:14:25,Secador 13,39,2002180556,199,0,0,0,0,0,0,0,0,0,0,0,0,0,0,,0,0,0,0,0,0,0,0,0,,
18/02/20,06:15:11,Secador 13,39,2002180556,201,0,0,0,0,0,0,0,0,0,0,0,0,0,0,,0,0,0,0,0,0,0,0,0,,
18/02/20,06:15:56,Secador 13,39,2002180556,200,0,0,0,0,0,0,0,0,0,0,0,0,0,0,,0,0,0,0,0,0,0,0,0,,
18/02/20,06:16:43,Secador 13,39,2002180556,200,0,0,0,0,0,0,0,0,0,0,0,0,0,0,,0,0,0,0,0,0,0,0,0,,
18/02/20,06:17:29,Secador 13,39,2002180556,200,0,0,0,0,0,0,0,0,0,0,0,0,0,0,,0,0,0,0,0,0,0,0,0,,
18/02/20,06:18:15,Secador 13,39,2002180556,199,0,0,0,0,0,0,0,0,0,0,0,0,0,0,,0,0,0,0,0,0,0,0,0,,
18/02/20,06:19:03,Secador 13,39,2002180556,199,0,0,0,0,0,0,0,0,0,0,0,0,0,0,,0,0,0,0,0,0,0,0,0,,
18/02/20,06:19:51,Secador 13,39,2002180556,201,0,0,0,0,0,0,0,0,0,0,0,0,0,0,,0,0,0,0,0,0,0,0,0,,
18/02/20,06:20:39,Secador 13,39,2002180556,200,0,0,0,0,0,0,0,0,0,0,0,0,0,0,,0,0,0,0,0,0,0,0,0,,
18/02/20,06:21:27,Secador 13,39,2002180556,200,0,0,0,0,0,0,0,0,0,0,0,0,0,0,,0,0,0,0,0,0,0,0,0,,
18/02/20,06:22:17,Secador 13,39,2002180556,199,0,0,0,0,0,0,0,0,0,0,0,0,0,0,,0,0,0,0,0,0,0,0,0,,
18/02/20,06:23:06,Secador 13,39,2002180556,201,0,0,0,0,0,0,0,0,0,0,0,0,0,0,,0,0,0,0,0,0,0,0,0,,
18/02/20,06:23:53,Secador 13,39,2002180556,200,0,0,0,0,0,0,0,0,0,0,0,0,0,0,,0,0,0,0,0,0,0,0,0,,
18/02/20,06:24:42,Secador 13,39,2002180556,200,0,0,0,0,0,0,0,0,0,0,0,0,0,0,,0,0,0,0,0,0,0,0,0,,
18/02/20,06:25:36,Secador 13,39,2002180556,199,0,0,0,0,0,0,0,0,0,0,0,0,0,0,,0,0,0,0,0,0,0,0,0,,
18/02/20,06:26:29,Secador 13,39,2002180556,201,0,0,0,0,0,0,0,0,0,0,0,0,0,0,,0,0,0,0,0,0,0,0,0,,
18/02/20,06:27:20,Secador 13,39,2002180556,200,0,0,0,0,0,0,0,0,0,0,0,0,0,0,,0,0,0,0,0,0,0,0,0,,
18/02/20,06:28:12,Secador 13,39,2002180556,201,0,0,0,0,0,0,0,0,0,0,0,0,0,0,,0,0,0,0,0,0,0,0,0,,
18/02/20,06:29:04,Secador 13,39,2002180556,200,0,0,0,0,0,0,0,0,0,0,0,0,0,0,,0,0,0,0,0,0,0,0,0,,
18/02/20,06:29:51,Secador 13,39,2002180556,203,0,0,0,0,0,0,0,0,0,0,0,0,0,0,,0,0,0,0,0,0,0,0,0,,
18/02/20,06:30:30,Secador 13,39,2002180556,197,0,0,0,0,0,0,0,0,0,0,0,0,0,0,,0,0,0,0,0,0,0,0,0,,
18/02/20,06:31:13,Secador 13,39,2002180556,201,0,0,0,0,0,0,0,0,0,0,0,0,0,0,,0,0,0,0,0,0,0,0,0,,
18/02/20,06:31:53,Secador 13,39,2002180556,199,0,0,0,0,0,0,0,0,0,0,0,0,0,0,,0,0,0,0,0,0,0,0,0,,
18/02/20,06:32:33,Secador 13,39,2002180556,202,0,0,0,0,0,0,0,0,0,0,0,0,0,0,,0,0,0,0,0,0,0,0,0,,
18/02/20,06:33:11,Secador 13,39,2002180556,201,0,0,0,0,0,0,0,0,0,0,0,0,0,0,,0,0,0,0,0,0,0,0,0,,
18/02/20,06:33:47,Secador 13,39,2002180556,199,0,0,0,0,0,0,0,0,0,0,0,0,0,0,,0,0,0,0,0,0,0,0,0,,
18/02/20,06:34:26,Secador 13,39,2002180556,200,0,0,0,0,0,0,0,0,0,0,0,0,0,0,,0,0,0,0,0,0,0,0,0,,
18/02/20,06:35:05,Secador 13,39,2002180556,201,0,0,0,0,0,0,0,0,0,0,0,0,0,0,,0,0,0,0,0,0,0,0,0,,
18/02/20,06:35:42,Secador 13,39,2002180556,200,0,0,0,0,0,0,0,0,0,0,0,0,0,0,,0,0,0,0,0,0,0,0,0,,
18/02/20,06:36:18,Secador 13,39,2002180556,200,0,0,0,0,0,0,0,0,0,0,0,0,0,0,,0,0,0,0,0,0,0,0,0,,
18/02/20,06:36:56,Secador 13,39,2002180556,199,0,0,0,0,0,0,0,0,0,0,0,0,0,0,,0,0,0,0,0,0,0,0,0,,
18/02/20,06:37:32,Secador 13,39,2002180556,201,0,0,0,0,0,0,0,0,0,0,0,0,0,0,,0,0,0,0,0,0,0,0,0,,
18/02/20,06:38:08,Secador 13,39,2002180556,199,0,0,0,0,0,0,0,0,0,0,0,0,0,0,,0,0,0,0,0,0,0,0,0,,
18/02/20,06:38:43,Secador 13,39,2002180556,202,0,0,0,0,0,0,0,0,0,0,0,0,0,0,,0,0,0,0,0,0,0,0,0,,
18/02/20,06:39:18,Secador 13,39,2002180556,199,0,0,0,0,0,0,0,0,0,0,0,0,0,0,,0,0,0,0,0,0,0,0,0,,
18/02/20,06:39:54,Secador 13,39,2002180556,202,0,0,0,0,0,0,0,0,0,0,0,0,0,0,,0,0,0,0,0,0,0,0,0,,
18/02/20,06:40:31,Secador 13,39,2002180556,196,0,0,0,0,0,0,0,0,0,0,0,0,0,0,,0,0,0,0,0,0,0,0,0,,
18/02/20,06:41:15,Secador 13,39,2002180556,199,0,0,0,0,0,0,0,0,0,0,0,0,0,0,,0,0,0,0,0,0,0,0,0,,
18/02/20,06:41:57,Secador 13,39,2002180556,200,0,0,0,0,0,0,0,0,0,0,0,0,0,0,,0,0,0,0,0,0,0,0,0,,
18/02/20,06:42:47,Secador 13,39,2002180556,199,0,0,0,0,0,0,0,0,0,0,0,0,0,0,,0,0,0,0,0,0,0,0,0,,
18/02/20,06:43:31,Secador 13,39,2002180556,202,0,0,0,0,0,0,0,0,0,0,0,0,0,0,,0,0,0,0,0,0,0,0,0,,
18/02/20,06:44:16,Secador 13,39,2002180556,200,0,0,0,0,0,0,0,0,0,0,0,0,0,0,,0,0,0,0,0,0,0,0,0,,
18/02/20,06:44:59,Secador 13,39,2002180556,201,0,0,0,0,0,0,0,0,0,0,0,0,0,0,,0,0,0,0,0,0,0,0,0,,
18/02/20,06:45:48,Secador 13,39,2002180556,196,0,0,0,0,0,0,0,0,0,0,0,0,0,0,,0,0,0,0,0,0,0,0,0,,
18/02/20,06:46:42,Secador 13,39,2002180556,201,0,0,0,0,0,0,0,0,0,0,0,0,0,0,,0,0,0,0,0,0,0,0,0,,
18/02/20,06:47:59,Secador 13,39,2002180556,198,0,0,0,0,0,0,0,0,0,0,0,0,0,0,,0,0,0,0,0,0,0,0,0,,
18/02/20,06:50:30,Secador 13,39,2002180556,20,0,0,0,0,0,0,0,0,0,0,0,0,0,0,,0,0,0,0,0,0,0,0,0,,
18/02/20,07:02:49,Secador 1,40,2002180701,220,0,0,0,0,0,0,0,0,0,0,0,0,0,0,,0,0,0,0,0,0,0,0,0,,
18/02/20,07:03:15,Secador 1,40,2002180701,184,0,0,0,0,0,0,0,0,0,0,0,0,0,0,,0,0,0,0,0,0,0,0,0,,
18/02/20,07:05:19,Secador 1,40,2002180701,197,0,0,0,0,0,0,0,0,0,0,0,0,0,0,,0,0,0,0,0,0,0,0,0,,
18/02/20,07:06:02,Secador 1,40,2002180701,204,0,0,0,0,0,0,0,0,0,0,0,0,0,0,,0,0,0,0,0,0,0,0,0,,
18/02/20,07:06:53,Secador 1,40,2002180701,198,0,0,0,0,0,0,0,0,0,0,0,0,0,0,,0,0,0,0,0,0,0,0,0,,
18/02/20,07:07:39,Secador 1,40,2002180701,201,0,0,0,0,0,0,0,0,0,0,0,0,0,0,,0,0,0,0,0,0,0,0,0,,
18/02/20,07:08:25,Secador 1,40,2002180701,198,0,0,0,0,0,0,0,0,0,0,0,0,0,0,,0,0,0,0,0,0,0,0,0,,
18/02/20,07:09:15,Secador 1,40,2002180701,198,0,0,0,0,0,0,0,0,0,0,0,0,0,0,,0,0,0,0,0,0,0,0,0,,
18/02/20,07:10:52,Secador 1,40,2002180701,202,0,0,0,0,0,0,0,0,0,0,0,0,0,0,,0,0,0,0,0,0,0,0,0,,
18/02/20,07:11:56,Secador 1,40,2002180701,199,0,0,0,0,0,0,0,0,0,0,0,0,0,0,,0,0,0,0,0,0,0,0,0,,
18/02/20,07:12:46,Secador 1,40,2002180701,201,0,0,0,0,0,0,0,0,0,0,0,0,0,0,,0,0,0,0,0,0,0,0,0,,
18/02/20,07:13:32,Secador 1,40,2002180701,201,0,0,0,0,0,0,0,0,0,0,0,0,0,0,,0,0,0,0,0,0,0,0,0,,
18/02/20,07:14:24,Secador 1,40,2002180701,197,0,0,0,0,0,0,0,0,0,0,0,0,0,0,,0,0,0,0,0,0,0,0,0,,
18/02/20,07:15:34,Secador 1,40,2002180701,201,0,0,0,0,0,0,0,0,0,0,0,0,0,0,,0,0,0,0,0,0,0,0,0,,
18/02/20,07:17:14,Secador 1,40,2002180701,199,0,0,0,0,0,0,0,0,0,0,0,0,0,0,,0,0,0,0,0,0,0,0,0,,
18/02/20,07:18:36,Secador 1,40,2002180701,202,0,0,0,0,0,0,0,0,0,0,0,0,0,0,,0,0,0,0,0,0,0,0,0,,
18/02/20,07:19:28,Secador 1,40,2002180701,200,0,0,0,0,0,0,0,0,0,0,0,0,0,0,,0,0,0,0,0,0,0,0,0,,
18/02/20,07:20:20,Secador 1,40,2002180701,199,0,0,0,0,0,0,0,0,0,0,0,0,0,0,,0,0,0,0,0,0,0,0,0,,
18/02/20,07:21:22,Secador 1,40,2002180701,199,0,0,0,0,0,0,0,0,0,0,0,0,0,0,,0,0,0,0,0,0,0,0,0,,
18/02/20,07:22:21,Secador 1,40,2002180701,201,0,0,0,0,0,0,0,0,0,0,0,0,0,0,,0,0,0,0,0,0,0,0,0,,
18/02/20,07:23:20,Secador 1,40,2002180701,200,0,0,0,0,0,0,0,0,0,0,0,0,0,0,,0,0,0,0,0,0,0,0,0,,
18/02/20,07:24:17,Secador 1,40,2002180701,200,0,0,0,0,0,0,0,0,0,0,0,0,0,0,,0,0,0,0,0,0,0,0,0,,
18/02/20,07:25:22,Secador 1,40,2002180701,200,0,0,0,0,0,0,0,0,0,0,0,0,0,0,,0,0,0,0,0,0,0,0,0,,
18/02/20,07:26:37,Secador 1,40,2002180701,200,0,0,0,0,0,0,0,0,0,0,0,0,0,0,,0,0,0,0,0,0,0,0,0,,
18/02/20,07:27:31,Secador 1,40,2002180701,201,0,0,0,0,0,0,0,0,0,0,0,0,0,0,,0,0,0,0,0,0,0,0,0,,
18/02/20,07:28:28,Secador 1,40,2002180701,198,0,0,0,0,0,0,0,0,0,0,0,0,0,0,,0,0,0,0,0,0,0,0,0,,
18/02/20,07:29:38,Secador 1,40,2002180701,200,0,0,0,0,0,0,0,0,0,0,0,0,0,0,,0,0,0,0,0,0,0,0,0,,
18/02/20,07:30:59,Secador 1,40,2002180701,200,0,0,0,0,0,0,0,0,0,0,0,0,0,0,,0,0,0,0,0,0,0,0,0,,
18/02/20,07:31:56,Secador 1,40,2002180701,201,0,0,0,0,0,0,0,0,0,0,0,0,0,0,,0,0,0,0,0,0,0,0,0,,
18/02/20,07:33:01,Secador 1,40,2002180701,201,0,0,0,0,0,0,0,0,0,0,0,0,0,0,,0,0,0,0,0,0,0,0,0,,
18/02/20,07:34:01,Secador 1,40,2002180701,199,0,0,0,0,0,0,0,0,0,0,0,0,0,0,,0,0,0,0,0,0,0,0,0,,
18/02/20,07:35:10,Secador 1,40,2002180701,200,0,0,0,0,0,0,0,0,0,0,0,0,0,0,,0,0,0,0,0,0,0,0,0,,
18/02/20,07:37:02,Secador 1,40,2002180701,199,0,0,0,0,0,0,0,0,0,0,0,0,0,0,,0,0,0,0,0,0,0,0,0,,
18/02/20,07:39:02,Secador 1,40,2002180701,201,0,0,0,0,0,0,0,0,0,0,0,0,0,0,,0,0,0,0,0,0,0,0,0,,
18/02/20,07:40:10,Secador 1,40,2002180701,199,0,0,0,0,0,0,0,0,0,0,0,0,0,0,,0,0,0,0,0,0,0,0,0,,
18/02/20,07:41:24,Secador 1,40,2002180701,200,0,0,0,0,0,0,0,0,0,0,0,0,0,0,,0,0,0,0,0,0,0,0,0,,
18/02/20,07:43:32,Secador 1,40,2002180701,201,0,0,0,0,0,0,0,0,0,0,0,0,0,0,,0,0,0,0,0,0,0,0,0,,
18/02/20,07:45:41,Secador 1,40,2002180701,199,0,0,0,0,0,0,0,0,0,0,0,0,0,0,,0,0,0,0,0,0,0,0,0,,
18/02/20,07:51:27,Secador 1,40,2002180701,201,0,0,0,0,0,0,0,0,0,0,0,0,0,0,,0,0,0,0,0,0,0,0,0,,
18/02/20,07:53:03,Secador 1,40,2002180701,201,0,0,0,0,0,0,0,0,0,0,0,0,0,0,,0,0,0,0,0,0,0,0,0,,
18/02/20,07:54:34,Secador 1,40,2002180701,198,0,0,0,0,0,0,0,0,0,0,0,0,0,0,,0,0,0,0,0,0,0,0,0,,
18/02/20,07:57:17,Secador 1,40,2002180701,200,0,0,0,0,0,0,0,0,0,0,0,0,0,0,,0,0,0,0,0,0,0,0,0,,
18/02/20,08:00:05,Secador 1,40,2002180701,201,0,0,0,0,0,0,0,0,0,0,0,0,0,0,,0,0,0,0,0,0,0,0,0,,
18/02/20,08:01:37,Secador 1,40,2002180701,201,0,0,0,0,0,0,0,0,0,0,0,0,0,0,,0,0,0,0,0,0,0,0,0,,
18/02/20,08:03:18,Secador 1,40,2002180701,199,0,0,0,0,0,0,0,0,0,0,0,0,0,0,,0,0,0,0,0,0,0,0,0,,
18/02/20,08:04:34,Secador 1,40,2002180701,201,0,0,0,0,0,0,0,0,0,0,0,0,0,0,,0,0,0,0,0,0,0,0,0,,
18/02/20,08:05:34,Secador 1,40,2002180701,198,0,0,0,0,0,0,0,0,0,0,0,0,0,0,,0,0,0,0,0,0,0,0,0,,
18/02/20,08:06:37,Secador 1,40,2002180701,201,0,0,0,0,0,0,0,0,0,0,0,0,0,0,,0,0,0,0,0,0,0,0,0,,
18/02/20,08:07:41,Secador 1,40,2002180701,199,0,0,0,0,0,0,0,0,0,0,0,0,0,0,,0,0,0,0,0,0,0,0,0,,
18/02/20,08:08:48,Secador 1,40,2002180701,201,0,0,0,0,0,0,0,0,0,0,0,0,0,0,,0,0,0,0,0,0,0,0,0,,
18/02/20,08:09:46,Secador 1,40,2002180701,200,0,0,0,0,0,0,0,0,0,0,0,0,0,0,,0,0,0,0,0,0,0,0,0,,
18/02/20,08:11:52,Secador 1,40,2002180701,201,0,0,0,0,0,0,0,0,0,0,0,0,0,0,,0,0,0,0,0,0,0,0,0,,
18/02/20,08:14:14,Secador 1,40,2002180701,198,0,0,0,0,0,0,0,0,0,0,0,0,0,0,,0,0,0,0,0,0,0,0,0,,
18/02/20,08:16:20,Secador 1,40,2002180701,200,0,0,0,0,0,0,0,0,0,0,0,0,0,0,,0,0,0,0,0,0,0,0,0,,
18/02/20,08:18:45,Secador 1,40,2002180701,201,0,0,0,0,0,0,0,0,0,0,0,0,0,0,,0,0,0,0,0,0,0,0,0,,
18/02/20,08:20:40,Secador 1,40,2002180701,197,0,0,0,0,0,0,0,0,0,0,0,0,0,0,,0,0,0,0,0,0,0,0,0,,
18/02/20,08:22:52,Secador 1,40,2002180701,202,0,0,0,0,0,0,0,0,0,0,0,0,0,0,,0,0,0,0,0,0,0,0,0,,
18/02/20,08:23:58,Secador 1,40,2002180701,200,0,0,0,0,0,0,0,0,0,0,0,0,0,0,,0,0,0,0,0,0,0,0,0,,
18/02/20,08:25:23,Secador 1,40,2002180701,200,0,0,0,0,0,0,0,0,0,0,0,0,0,0,,0,0,0,0,0,0,0,0,0,,
18/02/20,08:26:29,Secador 1,40,2002180701,200,0,0,0,0,0,0,0,0,0,0,0,0,0,0,,0,0,0,0,0,0,0,0,0,,
18/02/20,08:27:43,Secador 1,40,2002180701,200,0,0,0,0,0,0,0,0,0,0,0,0,0,0,,0,0,0,0,0,0,0,0,0,,
18/02/20,08:28:58,Secador 1,40,2002180701,202,0,0,0,0,0,0,0,0,0,0,0,0,0,0,,0,0,0,0,0,0,0,0,0,,
18/02/20,08:30:20,Secador 1,40,2002180701,199,0,0,0,0,0,0,0,0,0,0,0,0,0,0,,0,0,0,0,0,0,0,0,0,,
18/02/20,08:31:32,Secador 1,40,2002180701,198,0,0,0,0,0,0,0,0,0,0,0,0,0,0,,0,0,0,0,0,0,0,0,0,,
18/02/20,08:33:34,Secador 1,40,2002180701,202,0,0,0,0,0,0,0,0,0,0,0,0,0,0,,0,0,0,0,0,0,0,0,0,,
18/02/20,08:35:04,Secador 1,40,2002180701,199,0,0,0,0,0,0,0,0,0,0,0,0,0,0,,0,0,0,0,0,0,0,0,0,,
18/02/20,08:36:09,Secador 1,40,2002180701,201,0,0,0,0,0,0,0,0,0,0,0,0,0,0,,0,0,0,0,0,0,0,0,0,,
18/02/20,08:37:01,Secador 1,40,2002180701,201,0,0,0,0,0,0,0,0,0,0,0,0,0,0,,0,0,0,0,0,0,0,0,0,,
18/02/20,08:41:10,Secador 1,40,2002180701,195,0,0,0,0,0,0,0,0,0,0,0,0,0,0,,0,0,0,0,0,0,0,0,0,,
18/02/20,10:06:51,Secador 1,40,2002180701,6,0,0,0,0,0,0,0,0,0,0,0,0,0,0,,0,0,0,0,0,0,0,0,0,,
18/02/20,10:13:57,Secador 5,15,2002181007,204,0,0,0,0,0,0,0,0,0,0,0,0,0,0,,0,0,0,0,0,0,0,0,0,,
18/02/20,10:15:11,Secador 5,15,2002181007,200,0,0,0,0,0,0,0,0,0,0,0,0,0,0,,0,0,0,0,0,0,0,0,0,,
18/02/20,10:17:06,Secador 5,15,2002181007,200,0,0,0,0,0,0,0,0,0,0,0,0,0,0,,0,0,0,0,0,0,0,0,0,,
18/02/20,10:27:06,Secador 5,15,2002181007,200,0,0,0,0,0,0,0,0,0,0,0,0,0,0,,0,0,0,0,0,0,0,0,0,,
18/02/20,10:48:14,Secador 5,15,2002181007,202,0,0,0,0,0,0,0,0,0,0,0,0,0,0,,0,0,0,0,0,0,0,0,0,,
18/02/20,10:48:55,Secador 5,15,2002181007,200,0,0,0,0,0,0,0,0,0,0,0,0,0,0,,0,0,0,0,0,0,0,0,0,,
18/02/20,10:49:49,Secador 5,15,2002181007,197,0,0,0,0,0,0,0,0,0,0,0,0,0,0,,0,0,0,0,0,0,0,0,0,,
18/02/20,10:53:49,Secador 5,15,2002181007,203,0,0,0,0,0,0,0,0,0,0,0,0,0,0,,0,0,0,0,0,0,0,0,0,,
18/02/20,10:54:37,Secador 5,15,2002181007,200,0,0,0,0,0,0,0,0,0,0,0,0,0,0,,0,0,0,0,0,0,0,0,0,,
18/02/20,10:55:21,Secador 5,15,2002181007,201,0,0,0,0,0,0,0,0,0,0,0,0,0,0,,0,0,0,0,0,0,0,0,0,,
18/02/20,10:56:08,Secador 5,15,2002181007,200,0,0,0,0,0,0,0,0,0,0,0,0,0,0,,0,0,0,0,0,0,0,0,0,,
18/02/20,10:57:01,Secador 5,15,2002181007,198,0,0,0,0,0,0,0,0,0,0,0,0,0,0,,0,0,0,0,0,0,0,0,0,,
18/02/20,10:57:54,Secador 5,15,2002181007,200,0,0,0,0,0,0,0,0,0,0,0,0,0,0,,0,0,0,0,0,0,0,0,0,,
18/02/20,10:58:49,Secador 5,15,2002181007,199,0,0,0,0,0,0,0,0,0,0,0,0,0,0,,0,0,0,0,0,0,0,0,0,,
18/02/20,10:59:48,Secador 5,15,2002181007,200,0,0,0,0,0,0,0,0,0,0,0,0,0,0,,0,0,0,0,0,0,0,0,0,,
18/02/20,11:00:47,Secador 5,15,2002181007,200,0,0,0,0,0,0,0,0,0,0,0,0,0,0,,0,0,0,0,0,0,0,0,0,,
18/02/20,11:01:44,Secador 5,15,2002181007,201,0,0,0,0,0,0,0,0,0,0,0,0,0,0,,0,0,0,0,0,0,0,0,0,,
18/02/20,11:02:45,Secador 5,15,2002181007,199,0,0,0,0,0,0,0,0,0,0,0,0,0,0,,0,0,0,0,0,0,0,0,0,,
18/02/20,11:03:42,Secador 5,15,2002181007,200,0,0,0,0,0,0,0,0,0,0,0,0,0,0,,0,0,0,0,0,0,0,0,0,,
18/02/20,11:04:38,Secador 5,15,2002181007,200,0,0,0,0,0,0,0,0,0,0,0,0,0,0,,0,0,0,0,0,0,0,0,0,,
18/02/20,11:05:35,Secador 5,15,2002181007,200,0,0,0,0,0,0,0,0,0,0,0,0,0,0,,0,0,0,0,0,0,0,0,0,,
18/02/20,11:06:39,Secador 5,15,2002181007,200,0,0,0,0,0,0,0,0,0,0,0,0,0,0,,0,0,0,0,0,0,0,0,0,,
18/02/20,11:07:38,Secador 5,15,2002181007,200,0,0,0,0,0,0,0,0,0,0,0,0,0,0,,0,0,0,0,0,0,0,0,0,,
18/02/20,11:08:38,Secador 5,15,2002181007,199,0,0,0,0,0,0,0,0,0,0,0,0,0,0,,0,0,0,0,0,0,0,0,0,,
18/02/20,11:09:55,Secador 5,15,2002181007,200,0,0,0,0,0,0,0,0,0,0,0,0,0,0,,0,0,0,0,0,0,0,0,0,,
18/02/20,11:11:21,Secador 5,15,2002181007,201,0,0,0,0,0,0,0,0,0,0,0,0,0,0,,0,0,0,0,0,0,0,0,0,,
18/02/20,11:12:57,Secador 5,15,2002181007,200,0,0,0,0,0,0,0,0,0,0,0,0,0,0,,0,0,0,0,0,0,0,0,0,,
18/02/20,11:14:10,Secador 5,15,2002181007,200,0,0,0,0,0,0,0,0,0,0,0,0,0,0,,0,0,0,0,0,0,0,0,0,,
18/02/20,11:16:16,Secador 5,15,2002181007,199,0,0,0,0,0,0,0,0,0,0,0,0,0,0,,0,0,0,0,0,0,0,0,0,,
18/02/20,11:19:10,Secador 5,15,2002181007,202,0,0,0,0,0,0,0,0,0,0,0,0,0,0,,0,0,0,0,0,0,0,0,0,,
18/02/20,11:20:02,Secador 5,15,2002181007,199,0,0,0,0,0,0,0,0,0,0,0,0,0,0,,0,0,0,0,0,0,0,0,0,,
18/02/20,11:21:23,Secador 5,15,2002181007,200,0,0,0,0,0,0,0,0,0,0,0,0,0,0,,0,0,0,0,0,0,0,0,0,,
18/02/20,11:23:06,Secador 5,15,2002181007,201,0,0,0,0,0,0,0,0,0,0,0,0,0,0,,0,0,0,0,0,0,0,0,0,,
18/02/20,11:23:57,Secador 5,15,2002181007,201,0,0,0,0,0,0,0,0,0,0,0,0,0,0,,0,0,0,0,0,0,0,0,0,,
18/02/20,11:24:40,Secador 5,15,2002181007,201,0,0,0,0,0,0,0,0,0,0,0,0,0,0,,0,0,0,0,0,0,0,0,0,,
18/02/20,11:25:43,Secador 5,15,2002181007,197,0,0,0,0,0,0,0,0,0,0,0,0,0,0,,0,0,0,0,0,0,0,0,0,,
18/02/20,11:28:34,Secador 5,15,2002181007,206,0,0,0,0,0,0,0,0,0,0,0,0,0,0,,0,0,0,0,0,0,0,0,0,,
18/02/20,11:29:01,Secador 5,15,2002181007,209,0,0,0,0,0,0,0,0,0,0,0,0,0,0,,0,0,0,0,0,0,0,0,0,,
18/02/20,11:29:50,Secador 5,15,2002181007,184,0,0,0,0,0,0,0,0,0,0,0,0,0,0,,0,0,0,0,0,0,0,0,0,,
18/02/20,11:31:05,Secador 5,15,2002181007,200,0,0,0,0,0,0,0,0,0,0,0,0,0,0,,0,0,0,0,0,0,0,0,0,,
18/02/20,11:33:59,Secador 5,15,2002181007,201,0,0,0,0,0,0,0,0,0,0,0,0,0,0,,0,0,0,0,0,0,0,0,0,,
18/02/20,11:34:59,Secador 5,15,2002181007,202,0,0,0,0,0,0,0,0,0,0,0,0,0,0,,0,0,0,0,0,0,0,0,0,,
18/02/20,11:36:03,Secador 5,15,2002181007,198,0,0,0,0,0,0,0,0,0,0,0,0,0,0,,0,0,0,0,0,0,0,0,0,,
18/02/20,11:36:52,Secador 5,15,2002181007,200,0,0,0,0,0,0,0,0,0,0,0,0,0,0,,0,0,0,0,0,0,0,0,0,,
18/02/20,11:37:48,Secador 5,15,2002181007,200,0,0,0,0,0,0,0,0,0,0,0,0,0,0,,0,0,0,0,0,0,0,0,0,,
18/02/20,11:38:58,Secador 5,15,2002181007,200,0,0,0,0,0,0,0,0,0,0,0,0,0,0,,0,0,0,0,0,0,0,0,0,,
18/02/20,11:40:03,Secador 5,15,2002181007,202,0,0,0,0,0,0,0,0,0,0,0,0,0,0,,0,0,0,0,0,0,0,0,0,,
18/02/20,11:40:51,Secador 5,15,2002181007,199,0,0,0,0,0,0,0,0,0,0,0,0,0,0,,0,0,0,0,0,0,0,0,0,,
18/02/20,11:42:12,Secador 5,15,2002181007,198,0,0,0,0,0,0,0,0,0,0,0,0,0,0,,0,0,0,0,0,0,0,0,0,,
18/02/20,11:43:27,Secador 5,15,2002181007,202,0,0,0,0,0,0,0,0,0,0,0,0,0,0,,0,0,0,0,0,0,0,0,0,,
18/02/20,11:44:20,Secador 5,15,2002181007,199,0,0,0,0,0,0,0,0,0,0,0,0,0,0,,0,0,0,0,0,0,0,0,0,,
18/02/20,11:46:12,Secador 5,15,2002181007,197,0,0,0,0,0,0,0,0,0,0,0,0,0,0,,0,0,0,0,0,0,0,0,0,,
18/02/20,11:49:03,Secador 5,15,2002181007,214,0,0,0,0,0,0,0,0,0,0,0,0,0,0,,0,0,0,0,0,0,0,0,0,,
18/02/20,11:49:41,Secador 5,15,2002181007,189,0,0,0,0,0,0,0,0,0,0,0,0,0,0,,0,0,0,0,0,0,0,0,0,,
18/02/20,11:53:18,Secador 5,15,2002181007,180,0,0,0,0,0,0,0,0,0,0,0,0,0,0,,0,0,0,0,0,0,0,0,0,,
18/02/20,12:09:50,Secador 6,16,2002181204,212,0,0,0,0,0,0,0,0,0,0,0,0,0,0,,0,0,0,0,0,0,0,0,0,,
18/02/20,12:10:15,Secador 6,16,2002181204,205,0,0,0,0,0,0,0,0,0,0,0,0,0,0,,0,0,0,0,0,0,0,0,0,,
18/02/20,12:10:44,Secador 6,16,2002181204,189,0,0,0,0,0,0,0,0,0,0,0,0,0,0,,0,0,0,0,0,0,0,0,0,,
18/02/20,12:11:20,Secador 6,16,2002181204,199,0,0,0,0,0,0,0,0,0,0,0,0,0,0,,0,0,0,0,0,0,0,0,0,,
18/02/20,12:11:59,Secador 6,16,2002181204,199,0,0,0,0,0,0,0,0,0,0,0,0,0,0,,0,0,0,0,0,0,0,0,0,,
18/02/20,12:12:40,Secador 6,16,2002181204,200,0,0,0,0,0,0,0,0,0,0,0,0,0,0,,0,0,0,0,0,0,0,0,0,,
18/02/20,12:13:25,Secador 6,16,2002181204,196,0,0,0,0,0,0,0,0,0,0,0,0,0,0,,0,0,0,0,0,0,0,0,0,,
18/02/20,12:14:14,Secador 6,16,2002181204,202,0,0,0,0,0,0,0,0,0,0,0,0,0,0,,0,0,0,0,0,0,0,0,0,,
18/02/20,12:15:07,Secador 6,16,2002181204,199,0,0,0,0,0,0,0,0,0,0,0,0,0,0,,0,0,0,0,0,0,0,0,0,,
18/02/20,12:16:00,Secador 6,16,2002181204,199,0,0,0,0,0,0,0,0,0,0,0,0,0,0,,0,0,0,0,0,0,0,0,0,,
18/02/20,12:16:56,Secador 6,16,2002181204,199,0,0,0,0,0,0,0,0,0,0,0,0,0,0,,0,0,0,0,0,0,0,0,0,,
18/02/20,12:17:55,Secador 6,16,2002181204,201,0,0,0,0,0,0,0,0,0,0,0,0,0,0,,0,0,0,0,0,0,0,0,0,,
18/02/20,12:18:58,Secador 6,16,2002181204,199,0,0,0,0,0,0,0,0,0,0,0,0,0,0,,0,0,0,0,0,0,0,0,0,,
18/02/20,12:20:02,Secador 6,16,2002181204,200,0,0,0,0,0,0,0,0,0,0,0,0,0,0,,0,0,0,0,0,0,0,0,0,,
18/02/20,12:21:12,Secador 6,16,2002181204,200,0,0,0,0,0,0,0,0,0,0,0,0,0,0,,0,0,0,0,0,0,0,0,0,,
18/02/20,12:22:30,Secador 6,16,2002181204,201,0,0,0,0,0,0,0,0,0,0,0,0,0,0,,0,0,0,0,0,0,0,0,0,,
18/02/20,12:23:45,Secador 6,16,2002181204,199,0,0,0,0,0,0,0,0,0,0,0,0,0,0,,0,0,0,0,0,0,0,0,0,,
18/02/20,12:24:54,Secador 6,16,2002181204,201,0,0,0,0,0,0,0,0,0,0,0,0,0,0,,0,0,0,0,0,0,0,0,0,,
18/02/20,12:25:53,Secador 6,16,2002181204,200,0,0,0,0,0,0,0,0,0,0,0,0,0,0,,0,0,0,0,0,0,0,0,0,,
18/02/20,12:27:04,Secador 6,16,2002181204,199,0,0,0,0,0,0,0,0,0,0,0,0,0,0,,0,0,0,0,0,0,0,0,0,,
18/02/20,12:28:17,Secador 6,16,2002181204,200,0,0,0,0,0,0,0,0,0,0,0,0,0,0,,0,0,0,0,0,0,0,0,0,,
18/02/20,12:29:20,Secador 6,16,2002181204,200,0,0,0,0,0,0,0,0,0,0,0,0,0,0,,0,0,0,0,0,0,0,0,0,,
18/02/20,12:30:30,Secador 6,16,2002181204,201,0,0,0,0,0,0,0,0,0,0,0,0,0,0,,0,0,0,0,0,0,0,0,0,,
18/02/20,12:31:44,Secador 6,16,2002181204,198,0,0,0,0,0,0,0,0,0,0,0,0,0,0,,0,0,0,0,0,0,0,0,0,,
18/02/20,12:33:50,Secador 6,16,2002181204,202,0,0,0,0,0,0,0,0,0,0,0,0,0,0,,0,0,0,0,0,0,0,0,0,,
18/02/20,12:34:48,Secador 6,16,2002181204,199,0,0,0,0,0,0,0,0,0,0,0,0,0,0,,0,0,0,0,0,0,0,0,0,,
18/02/20,12:35:50,Secador 6,16,2002181204,201,0,0,0,0,0,0,0,0,0,0,0,0,0,0,,0,0,0,0,0,0,0,0,0,,
18/02/20,12:36:53,Secador 6,16,2002181204,199,0,0,0,0,0,0,0,0,0,0,0,0,0,0,,0,0,0,0,0,0,0,0,0,,
18/02/20,12:38:09,Secador 6,16,2002181204,200,0,0,0,0,0,0,0,0,0,0,0,0,0,0,,0,0,0,0,0,0,0,0,0,,
18/02/20,12:38:56,Secador 6,16,2002181204,205,0,0,0,0,0,0,0,0,0,0,0,0,0,0,,0,0,0,0,0,0,0,0,0,,
18/02/20,12:39:30,Secador 6,16,2002181204,201,0,0,0,0,0,0,0,0,0,0,0,0,0,0,,0,0,0,0,0,0,0,0,0,,
18/02/20,12:40:05,Secador 6,16,2002181204,201,0,0,0,0,0,0,0,0,0,0,0,0,0,0,,0,0,0,0,0,0,0,0,0,,
18/02/20,12:40:42,Secador 6,16,2002181204,199,0,0,0,0,0,0,0,0,0,0,0,0,0,0,,0,0,0,0,0,0,0,0,0,,
18/02/20,12:41:18,Secador 6,16,2002181204,200,0,0,0,0,0,0,0,0,0,0,0,0,0,0,,0,0,0,0,0,0,0,0,0,,
18/02/20,12:41:56,Secador 6,16,2002181204,198,0,0,0,0,0,0,0,0,0,0,0,0,0,0,,0,0,0,0,0,0,0,0,0,,
18/02/20,12:42:39,Secador 6,16,2002181204,198,0,0,0,0,0,0,0,0,0,0,0,0,0,0,,0,0,0,0,0,0,0,0,0,,
18/02/20,12:43:19,Secador 6,16,2002181204,203,0,0,0,0,0,0,0,0,0,0,0,0,0,0,,0,0,0,0,0,0,0,0,0,,
18/02/20,12:44:04,Secador 6,16,2002181204,199,0,0,0,0,0,0,0,0,0,0,0,0,0,0,,0,0,0,0,0,0,0,0,0,,
18/02/20,12:44:49,Secador 6,16,2002181204,199,0,0,0,0,0,0,0,0,0,0,0,0,0,0,,0,0,0,0,0,0,0,0,0,,
18/02/20,12:45:31,Secador 6,16,2002181204,200,0,0,0,0,0,0,0,0,0,0,0,0,0,0,,0,0,0,0,0,0,0,0,0,,
18/02/20,12:46:11,Secador 6,16,2002181204,201,0,0,0,0,0,0,0,0,0,0,0,0,0,0,,0,0,0,0,0,0,0,0,0,,
18/02/20,12:46:52,Secador 6,16,2002181204,201,0,0,0,0,0,0,0,0,0,0,0,0,0,0,,0,0,0,0,0,0,0,0,0,,
18/02/20,12:47:34,Secador 6,16,2002181204,198,0,0,0,0,0,0,0,0,0,0,0,0,0,0,,0,0,0,0,0,0,0,0,0,,
18/02/20,12:48:22,Secador 6,16,2002181204,199,0,0,0,0,0,0,0,0,0,0,0,0,0,0,,0,0,0,0,0,0,0,0,0,,
18/02/20,12:49:10,Secador 6,16,2002181204,201,0,0,0,0,0,0,0,0,0,0,0,0,0,0,,0,0,0,0,0,0,0,0,0,,
18/02/20,12:49:57,Secador 6,16,2002181204,198,0,0,0,0,0,0,0,0,0,0,0,0,0,0,,0,0,0,0,0,0,0,0,0,,
18/02/20,12:51:00,Secador 6,16,2002181204,200,0,0,0,0,0,0,0,0,0,0,0,0,0,0,,0,0,0,0,0,0,0,0,0,,
18/02/20,12:51:40,Secador 6,16,2002181204,202,0,0,0,0,0,0,0,0,0,0,0,0,0,0,,0,0,0,0,0,0,0,0,0,,
18/02/20,12:52:21,Secador 6,16,2002181204,200,0,0,0,0,0,0,0,0,0,0,0,0,0,0,,0,0,0,0,0,0,0,0,0,,
18/02/20,12:53:06,Secador 6,16,2002181204,199,0,0,0,0,0,0,0,0,0,0,0,0,0,0,,0,0,0,0,0,0,0,0,0,,
18/02/20,12:54:10,Secador 6,16,2002181204,198,0,0,0,0,0,0,0,0,0,0,0,0,0,0,,0,0,0,0,0,0,0,0,0,,
18/02/20,12:55:44,Secador 6,16,2002181204,202,0,0,0,0,0,0,0,0,0,0,0,0,0,0,,0,0,0,0,0,0,0,0,0,,
18/02/20,12:56:42,Secador 6,16,2002181204,206,0,0,0,0,0,0,0,0,0,0,0,0,0,0,,0,0,0,0,0,0,0,0,0,,
18/02/20,12:57:10,Secador 6,16,2002181204,201,0,0,0,0,0,0,0,0,0,0,0,0,0,0,,0,0,0,0,0,0,0,0,0,,
18/02/20,12:57:42,Secador 6,16,2002181204,195,0,0,0,0,0,0,0,0,0,0,0,0,0,0,,0,0,0,0,0,0,0,0,0,,
18/02/20,12:58:30,Secador 6,16,2002181204,196,0,0,0,0,0,0,0,0,0,0,0,0,0,0,,0,0,0,0,0,0,0,0,0,,
18/02/20,12:59:36,Secador 6,16,2002181204,201,0,0,0,0,0,0,0,0,0,0,0,0,0,0,,0,0,0,0,0,0,0,0,0,,
18/02/20,13:00:28,Secador 6,16,2002181204,202,0,0,0,0,0,0,0,0,0,0,0,0,0,0,,0,0,0,0,0,0,0,0,0,,
18/02/20,13:01:13,Secador 6,16,2002181204,201,0,0,0,0,0,0,0,0,0,0,0,0,0,0,,0,0,0,0,0,0,0,0,0,,
18/02/20,13:01:57,Secador 6,16,2002181204,198,0,0,0,0,0,0,0,0,0,0,0,0,0,0,,0,0,0,0,0,0,0,0,0,,
18/02/20,13:03:32,Secador 6,16,2002181204,196,0,0,0,0,0,0,0,0,0,0,0,0,0,0,,0,0,0,0,0,0,0,0,0,,
18/02/20,13:05:13,Secador 6,16,2002181204,6,0,0,0,0,0,0,0,0,0,0,0,0,0,0,,0,0,0,0,0,0,0,0,0,,
18/02/20,13:13:30,Secador 14,33,2002181309,212,0,0,0,0,0,0,0,0,0,0,0,0,0,0,,0,0,0,0,0,0,0,0,0,,
18/02/20,13:14:15,Secador 14,33,2002181309,197,0,0,0,0,0,0,0,0,0,0,0,0,0,0,,0,0,0,0,0,0,0,0,0,,
18/02/20,13:14:45,Secador 14,33,2002181309,201,0,0,0,0,0,0,0,0,0,0,0,0,0,0,,0,0,0,0,0,0,0,0,0,,
18/02/20,13:15:18,Secador 14,33,2002181309,199,0,0,0,0,0,0,0,0,0,0,0,0,0,0,,0,0,0,0,0,0,0,0,0,,
18/02/20,13:15:51,Secador 14,33,2002181309,200,0,0,0,0,0,0,0,0,0,0,0,0,0,0,,0,0,0,0,0,0,0,0,0,,
18/02/20,13:16:25,Secador 14,33,2002181309,199,0,0,0,0,0,0,0,0,0,0,0,0,0,0,,0,0,0,0,0,0,0,0,0,,
18/02/20,13:17:00,Secador 14,33,2002181309,201,0,0,0,0,0,0,0,0,0,0,0,0,0,0,,0,0,0,0,0,0,0,0,0,,
18/02/20,13:17:36,Secador 14,33,2002181309,198,0,0,0,0,0,0,0,0,0,0,0,0,0,0,,0,0,0,0,0,0,0,0,0,,
18/02/20,13:18:13,Secador 14,33,2002181309,199,0,0,0,0,0,0,0,0,0,0,0,0,0,0,,0,0,0,0,0,0,0,0,0,,
18/02/20,13:18:53,Secador 14,33,2002181309,201,0,0,0,0,0,0,0,0,0,0,0,0,0,0,,0,0,0,0,0,0,0,0,0,,
18/02/20,13:19:33,Secador 14,33,2002181309,199,0,0,0,0,0,0,0,0,0,0,0,0,0,0,,0,0,0,0,0,0,0,0,0,,
18/02/20,13:20:16,Secador 14,33,2002181309,199,0,0,0,0,0,0,0,0,0,0,0,0,0,0,,0,0,0,0,0,0,0,0,0,,
18/02/20,13:21:01,Secador 14,33,2002181309,200,0,0,0,0,0,0,0,0,0,0,0,0,0,0,,0,0,0,0,0,0,0,0,0,,
18/02/20,13:21:46,Secador 14,33,2002181309,200,0,0,0,0,0,0,0,0,0,0,0,0,0,0,,0,0,0,0,0,0,0,0,0,,
18/02/20,13:22:33,Secador 14,33,2002181309,200,0,0,0,0,0,0,0,0,0,0,0,0,0,0,,0,0,0,0,0,0,0,0,0,,
18/02/20,13:23:16,Secador 14,33,2002181309,202,0,0,0,0,0,0,0,0,0,0,0,0,0,0,,0,0,0,0,0,0,0,0,0,,
18/02/20,13:23:54,Secador 14,33,2002181309,201,0,0,0,0,0,0,0,0,0,0,0,0,0,0,,0,0,0,0,0,0,0,0,0,,
18/02/20,13:24:32,Secador 14,33,2002181309,199,0,0,0,0,0,0,0,0,0,0,0,0,0,0,,0,0,0,0,0,0,0,0,0,,
18/02/20,13:25:11,Secador 14,33,2002181309,199,0,0,0,0,0,0,0,0,0,0,0,0,0,0,,0,0,0,0,0,0,0,0,0,,
18/02/20,13:25:52,Secador 14,33,2002181309,200,0,0,0,0,0,0,0,0,0,0,0,0,0,0,,0,0,0,0,0,0,0,0,0,,
18/02/20,13:26:33,Secador 14,33,2002181309,200,0,0,0,0,0,0,0,0,0,0,0,0,0,0,,0,0,0,0,0,0,0,0,0,,
18/02/20,13:27:15,Secador 14,33,2002181309,199,0,0,0,0,0,0,0,0,0,0,0,0,0,0,,0,0,0,0,0,0,0,0,0,,
18/02/20,13:27:58,Secador 14,33,2002181309,201,0,0,0,0,0,0,0,0,0,0,0,0,0,0,,0,0,0,0,0,0,0,0,0,,
18/02/20,13:28:40,Secador 14,33,2002181309,199,0,0,0,0,0,0,0,0,0,0,0,0,0,0,,0,0,0,0,0,0,0,0,0,,
18/02/20,13:29:22,Secador 14,33,2002181309,201,0,0,0,0,0,0,0,0,0,0,0,0,0,0,,0,0,0,0,0,0,0,0,0,,
18/02/20,13:30:04,Secador 14,33,2002181309,199,0,0,0,0,0,0,0,0,0,0,0,0,0,0,,0,0,0,0,0,0,0,0,0,,
18/02/20,13:30:45,Secador 14,33,2002181309,201,0,0,0,0,0,0,0,0,0,0,0,0,0,0,,0,0,0,0,0,0,0,0,0,,
18/02/20,13:31:25,Secador 14,33,2002181309,200,0,0,0,0,0,0,0,0,0,0,0,0,0,0,,0,0,0,0,0,0,0,0,0,,
18/02/20,13:32:06,Secador 14,33,2002181309,200,0,0,0,0,0,0,0,0,0,0,0,0,0,0,,0,0,0,0,0,0,0,0,0,,
18/02/20,13:32:44,Secador 14,33,2002181309,200,0,0,0,0,0,0,0,0,0,0,0,0,0,0,,0,0,0,0,0,0,0,0,0,,
18/02/20,13:33:23,Secador 14,33,2002181309,201,0,0,0,0,0,0,0,0,0,0,0,0,0,0,,0,0,0,0,0,0,0,0,0,,
18/02/20,13:34:02,Secador 14,33,2002181309,200,0,0,0,0,0,0,0,0,0,0,0,0,0,0,,0,0,0,0,0,0,0,0,0,,
18/02/20,13:34:40,Secador 14,33,2002181309,199,0,0,0,0,0,0,0,0,0,0,0,0,0,0,,0,0,0,0,0,0,0,0,0,,
18/02/20,13:35:23,Secador 14,33,2002181309,199,0,0,0,0,0,0,0,0,0,0,0,0,0,0,,0,0,0,0,0,0,0,0,0,,
18/02/20,13:36:05,Secador 14,33,2002181309,201,0,0,0,0,0,0,0,0,0,0,0,0,0,0,,0,0,0,0,0,0,0,0,0,,
18/02/20,13:36:44,Secador 14,33,2002181309,201,0,0,0,0,0,0,0,0,0,0,0,0,0,0,,0,0,0,0,0,0,0,0,0,,
18/02/20,13:37:24,Secador 14,33,2002181309,198,0,0,0,0,0,0,0,0,0,0,0,0,0,0,,0,0,0,0,0,0,0,0,0,,
18/02/20,13:38:07,Secador 14,33,2002181309,200,0,0,0,0,0,0,0,0,0,0,0,0,0,0,,0,0,0,0,0,0,0,0,0,,
18/02/20,13:38:52,Secador 14,33,2002181309,200,0,0,0,0,0,0,0,0,0,0,0,0,0,0,,0,0,0,0,0,0,0,0,0,,
18/02/20,13:39:31,Secador 14,33,2002181309,204,0,0,0,0,0,0,0,0,0,0,0,0,0,0,,0,0,0,0,0,0,0,0,0,,
18/02/20,13:40:01,Secador 14,33,2002181309,201,0,0,0,0,0,0,0,0,0,0,0,0,0,0,,0,0,0,0,0,0,0,0,0,,
18/02/20,13:40:30,Secador 14,33,2002181309,201,0,0,0,0,0,0,0,0,0,0,0,0,0,0,,0,0,0,0,0,0,0,0,0,,
18/02/20,13:40:56,Secador 14,33,2002181309,203,0,0,0,0,0,0,0,0,0,0,0,0,0,0,,0,0,0,0,0,0,0,0,0,,
18/02/20,13:41:21,Secador 14,33,2002181309,201,0,0,0,0,0,0,0,0,0,0,0,0,0,0,,0,0,0,0,0,0,0,0,0,,
18/02/20,13:41:46,Secador 14,33,2002181309,203,0,0,0,0,0,0,0,0,0,0,0,0,0,0,,0,0,0,0,0,0,0,0,0,,
18/02/20,13:42:11,Secador 14,33,2002181309,200,0,0,0,0,0,0,0,0,0,0,0,0,0,0,,0,0,0,0,0,0,0,0,0,,
18/02/20,13:42:36,Secador 14,33,2002181309,204,0,0,0,0,0,0,0,0,0,0,0,0,0,0,,0,0,0,0,0,0,0,0,0,,
18/02/20,13:43:00,Secador 14,33,2002181309,191,0,0,0,0,0,0,0,0,0,0,0,0,0,0,,0,0,0,0,0,0,0,0,0,,
18/02/20,13:43:26,Secador 14,33,2002181309,207,0,0,0,0,0,0,0,0,0,0,0,0,0,0,,0,0,0,0,0,0,0,0,0,,
18/02/20,13:45:55,Secador 14,33,2002181309,180,0,0,0,0,0,0,0,0,0,0,0,0,0,0,,0,0,0,0,0,0,0,0,0,,
18/02/20,13:51:06,Secador 14,33,2002181345,5,0,0,0,0,0,0,0,0,0,0,0,0,0,0,,0,0,0,0,0,0,0,0,0,,
18/02/20,14:00:12,Secador 4,35,2002181355,197,0,0,0,0,0,0,0,0,0,0,0,0,0,0,,0,0,0,0,0,0,0,0,0,,
18/02/20,14:00:52,Secador 4,35,2002181355,194,0,0,0,0,0,0,0,0,0,0,0,0,0,0,,0,0,0,0,0,0,0,0,0,,
18/02/20,14:01:17,Secador 4,35,2002181355,200,0,0,0,0,0,0,0,0,0,0,0,0,0,0,,0,0,0,0,0,0,0,0,0,,
18/02/20,14:01:41,Secador 4,35,2002181355,200,0,0,0,0,0,0,0,0,0,0,0,0,0,0,,0,0,0,0,0,0,0,0,0,,
18/02/20,14:02:05,Secador 4,35,2002181355,203,0,0,0,0,0,0,0,0,0,0,0,0,0,0,,0,0,0,0,0,0,0,0,0,,
18/02/20,14:02:28,Secador 4,35,2002181355,212,0,0,0,0,0,0,0,0,0,0,0,0,0,0,,0,0,0,0,0,0,0,0,0,,
18/02/20,14:02:53,Secador 4,35,2002181355,216,0,0,0,0,0,0,0,0,0,0,0,0,0,0,,0,0,0,0,0,0,0,0,0,,
18/02/20,14:03:16,Secador 4,35,2002181355,214,0,0,0,0,0,0,0,0,0,0,0,0,0,0,,0,0,0,0,0,0,0,0,0,,
18/02/20,14:03:39,Secador 4,35,2002181355,219,0,0,0,0,0,0,0,0,0,0,0,0,0,0,,0,0,0,0,0,0,0,0,0,,
18/02/20,14:04:03,Secador 4,35,2002181355,218,0,0,0,0,0,0,0,0,0,0,0,0,0,0,,0,0,0,0,0,0,0,0,0,,
18/02/20,14:04:27,Secador 4,35,2002181355,223,0,0,0,0,0,0,0,0,0,0,0,0,0,0,,0,0,0,0,0,0,0,0,0,,
18/02/20,14:04:50,Secador 4,35,2002181355,199,0,0,0,0,0,0,0,0,0,0,0,0,0,0,,0,0,0,0,0,0,0,0,0,,
18/02/20,14:05:14,Secador 4,35,2002181355,191,0,0,0,0,0,0,0,0,0,0,0,0,0,0,,0,0,0,0,0,0,0,0,0,,
18/02/20,14:05:38,Secador 4,35,2002181355,202,0,0,0,0,0,0,0,0,0,0,0,0,0,0,,0,0,0,0,0,0,0,0,0,,
18/02/20,14:06:01,Secador 4,35,2002181355,208,0,0,0,0,0,0,0,0,0,0,0,0,0,0,,0,0,0,0,0,0,0,0,0,,
18/02/20,14:06:26,Secador 4,35,2002181355,190,0,0,0,0,0,0,0,0,0,0,0,0,0,0,,0,0,0,0,0,0,0,0,0,,
18/02/20,14:06:51,Secador 4,35,2002181355,201,0,0,0,0,0,0,0,0,0,0,0,0,0,0,,0,0,0,0,0,0,0,0,0,,
18/02/20,14:07:16,Secador 4,35,2002181355,199,0,0,0,0,0,0,0,0,0,0,0,0,0,0,,0,0,0,0,0,0,0,0,0,,
18/02/20,14:07:41,Secador 4,35,2002181355,200,0,0,0,0,0,0,0,0,0,0,0,0,0,0,,0,0,0,0,0,0,0,0,0,,
18/02/20,14:08:06,Secador 4,35,2002181355,200,0,0,0,0,0,0,0,0,0,0,0,0,0,0,,0,0,0,0,0,0,0,0,0,,
18/02/20,14:08:31,Secador 4,35,2002181355,201,0,0,0,0,0,0,0,0,0,0,0,0,0,0,,0,0,0,0,0,0,0,0,0,,
18/02/20,14:08:57,Secador 4,35,2002181355,197,0,0,0,0,0,0,0,0,0,0,0,0,0,0,,0,0,0,0,0,0,0,0,0,,
18/02/20,14:09:25,Secador 4,35,2002181355,201,0,0,0,0,0,0,0,0,0,0,0,0,0,0,,0,0,0,0,0,0,0,0,0,,
18/02/20,14:09:52,Secador 4,35,2002181355,200,0,0,0,0,0,0,0,0,0,0,0,0,0,0,,0,0,0,0,0,0,0,0,0,,
18/02/20,14:10:18,Secador 4,35,2002181355,200,0,0,0,0,0,0,0,0,0,0,0,0,0,0,,0,0,0,0,0,0,0,0,0,,
18/02/20,14:10:46,Secador 4,35,2002181355,201,0,0,0,0,0,0,0,0,0,0,0,0,0,0,,0,0,0,0,0,0,0,0,0,,
18/02/20,14:11:13,Secador 4,35,2002181355,199,0,0,0,0,0,0,0,0,0,0,0,0,0,0,,0,0,0,0,0,0,0,0,0,,
18/02/20,14:11:41,Secador 4,35,2002181355,201,0,0,0,0,0,0,0,0,0,0,0,0,0,0,,0,0,0,0,0,0,0,0,0,,
18/02/20,14:12:08,Secador 4,35,2002181355,199,0,0,0,0,0,0,0,0,0,0,0,0,0,0,,0,0,0,0,0,0,0,0,0,,
18/02/20,14:12:36,Secador 4,35,2002181355,197,0,0,0,0,0,0,0,0,0,0,0,0,0,0,,0,0,0,0,0,0,0,0,0,,
18/02/20,14:13:06,Secador 4,35,2002181355,202,0,0,0,0,0,0,0,0,0,0,0,0,0,0,,0,0,0,0,0,0,0,0,0,,
18/02/20,14:13:35,Secador 4,35,2002181355,201,0,0,0,0,0,0,0,0,0,0,0,0,0,0,,0,0,0,0,0,0,0,0,0,,
18/02/20,14:14:04,Secador 4,35,2002181355,199,0,0,0,0,0,0,0,0,0,0,0,0,0,0,,0,0,0,0,0,0,0,0,0,,
18/02/20,14:14:32,Secador 4,35,2002181355,202,0,0,0,0,0,0,0,0,0,0,0,0,0,0,,0,0,0,0,0,0,0,0,0,,
18/02/20,14:15:00,Secador 4,35,2002181355,197,0,0,0,0,0,0,0,0,0,0,0,0,0,0,,0,0,0,0,0,0,0,0,0,,
18/02/20,14:15:30,Secador 4,35,2002181355,201,0,0,0,0,0,0,0,0,0,0,0,0,0,0,,0,0,0,0,0,0,0,0,0,,
18/02/20,14:15:58,Secador 4,35,2002181355,201,0,0,0,0,0,0,0,0,0,0,0,0,0,0,,0,0,0,0,0,0,0,0,0,,
18/02/20,14:16:27,Secador 4,35,2002181355,196,0,0,0,0,0,0,0,0,0,0,0,0,0,0,,0,0,0,0,0,0,0,0,0,,
18/02/20,14:16:59,Secador 4,35,2002181355,202,0,0,0,0,0,0,0,0,0,0,0,0,0,0,,0,0,0,0,0,0,0,0,0,,
18/02/20,14:17:28,Secador 4,35,2002181355,199,0,0,0,0,0,0,0,0,0,0,0,0,0,0,,0,0,0,0,0,0,0,0,0,,
18/02/20,14:17:58,Secador 4,35,2002181355,202,0,0,0,0,0,0,0,0,0,0,0,0,0,0,,0,0,0,0,0,0,0,0,0,,
18/02/20,14:18:24,Secador 4,35,2002181355,201,0,0,0,0,0,0,0,0,0,0,0,0,0,0,,0,0,0,0,0,0,0,0,0,,
18/02/20,14:18:51,Secador 4,35,2002181355,200,0,0,0,0,0,0,0,0,0,0,0,0,0,0,,0,0,0,0,0,0,0,0,0,,
18/02/20,14:19:18,Secador 4,35,2002181355,198,0,0,0,0,0,0,0,0,0,0,0,0,0,0,,0,0,0,0,0,0,0,0,0,,
18/02/20,14:19:48,Secador 4,35,2002181355,199,0,0,0,0,0,0,0,0,0,0,0,0,0,0,,0,0,0,0,0,0,0,0,0,,
18/02/20,14:20:18,Secador 4,35,2002181355,201,0,0,0,0,0,0,0,0,0,0,0,0,0,0,,0,0,0,0,0,0,0,0,0,,
18/02/20,14:20:46,Secador 4,35,2002181355,202,0,0,0,0,0,0,0,0,0,0,0,0,0,0,,0,0,0,0,0,0,0,0,0,,
18/02/20,14:21:11,Secador 4,35,2002181355,204,0,0,0,0,0,0,0,0,0,0,0,0,0,0,,0,0,0,0,0,0,0,0,0,,
18/02/20,14:21:36,Secador 4,35,2002181355,197,0,0,0,0,0,0,0,0,0,0,0,0,0,0,,0,0,0,0,0,0,0,0,0,,
18/02/20,14:22:05,Secador 4,35,2002181355,195,0,0,0,0,0,0,0,0,0,0,0,0,0,0,,0,0,0,0,0,0,0,0,0,,
18/02/20,14:22:41,Secador 4,35,2002181355,202,0,0,0,0,0,0,0,0,0,0,0,0,0,0,,0,0,0,0,0,0,0,0,0,,
18/02/20,14:23:13,Secador 4,35,2002181355,202,0,0,0,0,0,0,0,0,0,0,0,0,0,0,,0,0,0,0,0,0,0,0,0,,
18/02/20,14:23:40,Secador 4,35,2002181355,203,0,0,0,0,0,0,0,0,0,0,0,0,0,0,,0,0,0,0,0,0,0,0,0,,
18/02/20,14:24:08,Secador 4,35,2002181355,190,0,0,0,0,0,0,0,0,0,0,0,0,0,0,,0,0,0,0,0,0,0,0,0,,
18/02/20,14:24:44,Secador 4,35,2002181355,201,0,0,0,0,0,0,0,0,0,0,0,0,0,0,,0,0,0,0,0,0,0,0,0,,
18/02/20,14:25:20,Secador 4,35,2002181355,202,0,0,0,0,0,0,0,0,0,0,0,0,0,0,,0,0,0,0,0,0,0,0,0,,
18/02/20,14:25:53,Secador 4,35,2002181355,199,0,0,0,0,0,0,0,0,0,0,0,0,0,0,,0,0,0,0,0,0,0,0,0,,
18/02/20,14:26:32,Secador 4,35,2002181355,198,0,0,0,0,0,0,0,0,0,0,0,0,0,0,,0,0,0,0,0,0,0,0,0,,
18/02/20,14:27:13,Secador 4,35,2002181355,201,0,0,0,0,0,0,0,0,0,0,0,0,0,0,,0,0,0,0,0,0,0,0,0,,
18/02/20,14:28:06,Secador 4,35,2002181355,201,0,0,0,0,0,0,0,0,0,0,0,0,0,0,,0,0,0,0,0,0,0,0,0,,
18/02/20,14:28:44,Secador 4,35,2002181355,197,0,0,0,0,0,0,0,0,0,0,0,0,0,0,,0,0,0,0,0,0,0,0,0,,
18/02/20,14:32:50,Secador 4,35,2002181355,210,0,0,0,0,0,0,0,0,0,0,0,0,0,0,,0,0,0,0,0,0,0,0,0,,
18/02/20,14:33:30,Secador 4,35,2002181355,199,0,0,0,0,0,0,0,0,0,0,0,0,0,0,,0,0,0,0,0,0,0,0,0,,
18/02/20,14:33:55,Secador 4,35,2002181355,210,0,0,0,0,0,0,0,0,0,0,0,0,0,0,,0,0,0,0,0,0,0,0,0,,
18/02/20,14:36:42,Secador 4,35,2002181355,141,0,0,0,0,0,0,0,0,0,0,0,0,0,0,,0,0,0,0,0,0,0,0,0,,
18/02/20,15:33:11,Secador 13,46,2002181530,183,0,0,0,0,0,0,0,0,0,0,0,0,0,0,,0,0,0,0,0,0,0,0,0,,
18/02/20,15:34:04,Secador 13,46,2002181530,202,0,0,0,0,0,0,0,0,0,0,0,0,0,0,,0,0,0,0,0,0,0,0,0,,
18/02/20,15:34:40,Secador 13,46,2002181530,199,0,0,0,0,0,0,0,0,0,0,0,0,0,0,,0,0,0,0,0,0,0,0,0,,
18/02/20,15:35:17,Secador 13,46,2002181530,199,0,0,0,0,0,0,0,0,0,0,0,0,0,0,,0,0,0,0,0,0,0,0,0,,
18/02/20,15:35:53,Secador 13,46,2002181530,202,0,0,0,0,0,0,0,0,0,0,0,0,0,0,,0,0,0,0,0,0,0,0,0,,
18/02/20,15:36:29,Secador 13,46,2002181530,200,0,0,0,0,0,0,0,0,0,0,0,0,0,0,,0,0,0,0,0,0,0,0,0,,
18/02/20,15:37:04,Secador 13,46,2002181530,199,0,0,0,0,0,0,0,0,0,0,0,0,0,0,,0,0,0,0,0,0,0,0,0,,
18/02/20,15:37:41,Secador 13,46,2002181530,199,0,0,0,0,0,0,0,0,0,0,0,0,0,0,,0,0,0,0,0,0,0,0,0,,
18/02/20,15:38:18,Secador 13,46,2002181530,201,0,0,0,0,0,0,0,0,0,0,0,0,0,0,,0,0,0,0,0,0,0,0,0,,
18/02/20,15:38:55,Secador 13,46,2002181530,201,0,0,0,0,0,0,0,0,0,0,0,0,0,0,,0,0,0,0,0,0,0,0,0,,
18/02/20,15:39:31,Secador 13,46,2002181530,198,0,0,0,0,0,0,0,0,0,0,0,0,0,0,,0,0,0,0,0,0,0,0,0,,
18/02/20,15:40:09,Secador 13,46,2002181530,201,0,0,0,0,0,0,0,0,0,0,0,0,0,0,,0,0,0,0,0,0,0,0,0,,
18/02/20,15:40:46,Secador 13,46,2002181530,202,0,0,0,0,0,0,0,0,0,0,0,0,0,0,,0,0,0,0,0,0,0,0,0,,
18/02/20,15:41:22,Secador 13,46,2002181530,199,0,0,0,0,0,0,0,0,0,0,0,0,0,0,,0,0,0,0,0,0,0,0,0,,
18/02/20,15:41:59,Secador 13,46,2002181530,200,0,0,0,0,0,0,0,0,0,0,0,0,0,0,,0,0,0,0,0,0,0,0,0,,
18/02/20,15:42:36,Secador 13,46,2002181530,201,0,0,0,0,0,0,0,0,0,0,0,0,0,0,,0,0,0,0,0,0,0,0,0,,
18/02/20,15:43:13,Secador 13,46,2002181530,199,0,0,0,0,0,0,0,0,0,0,0,0,0,0,,0,0,0,0,0,0,0,0,0,,
18/02/20,15:43:49,Secador 13,46,2002181530,200,0,0,0,0,0,0,0,0,0,0,0,0,0,0,,0,0,0,0,0,0,0,0,0,,
18/02/20,15:44:25,Secador 13,46,2002181530,201,0,0,0,0,0,0,0,0,0,0,0,0,0,0,,0,0,0,0,0,0,0,0,0,,
18/02/20,15:45:01,Secador 13,46,2002181530,201,0,0,0,0,0,0,0,0,0,0,0,0,0,0,,0,0,0,0,0,0,0,0,0,,
18/02/20,15:45:36,Secador 13,46,2002181530,198,0,0,0,0,0,0,0,0,0,0,0,0,0,0,,0,0,0,0,0,0,0,0,0,,
18/02/20,15:46:13,Secador 13,46,2002181530,200,0,0,0,0,0,0,0,0,0,0,0,0,0,0,,0,0,0,0,0,0,0,0,0,,
18/02/20,15:46:49,Secador 13,46,2002181530,200,0,0,0,0,0,0,0,0,0,0,0,0,0,0,,0,0,0,0,0,0,0,0,0,,
18/02/20,15:47:27,Secador 13,46,2002181530,199,0,0,0,0,0,0,0,0,0,0,0,0,0,0,,0,0,0,0,0,0,0,0,0,,
18/02/20,15:48:03,Secador 13,46,2002181530,200,0,0,0,0,0,0,0,0,0,0,0,0,0,0,,0,0,0,0,0,0,0,0,0,,
18/02/20,15:48:41,Secador 13,46,2002181530,198,0,0,0,0,0,0,0,0,0,0,0,0,0,0,,0,0,0,0,0,0,0,0,0,,
18/02/20,15:49:23,Secador 13,46,2002181530,202,0,0,0,0,0,0,0,0,0,0,0,0,0,0,,0,0,0,0,0,0,0,0,0,,
18/02/20,15:49:59,Secador 13,46,2002181530,200,0,0,0,0,0,0,0,0,0,0,0,0,0,0,,0,0,0,0,0,0,0,0,0,,
18/02/20,15:50:38,Secador 13,46,2002181530,199,0,0,0,0,0,0,0,0,0,0,0,0,0,0,,0,0,0,0,0,0,0,0,0,,
18/02/20,15:51:20,Secador 13,46,2002181530,200,0,0,0,0,0,0,0,0,0,0,0,0,0,0,,0,0,0,0,0,0,0,0,0,,
18/02/20,15:51:58,Secador 13,46,2002181530,201,0,0,0,0,0,0,0,0,0,0,0,0,0,0,,0,0,0,0,0,0,0,0,0,,
18/02/20,15:52:36,Secador 13,46,2002181530,200,0,0,0,0,0,0,0,0,0,0,0,0,0,0,,0,0,0,0,0,0,0,0,0,,
18/02/20,15:53:14,Secador 13,46,2002181530,202,0,0,0,0,0,0,0,0,0,0,0,0,0,0,,0,0,0,0,0,0,0,0,0,,
18/02/20,15:53:51,Secador 13,46,2002181530,198,0,0,0,0,0,0,0,0,0,0,0,0,0,0,,0,0,0,0,0,0,0,0,0,,
18/02/20,15:54:28,Secador 13,46,2002181530,201,0,0,0,0,0,0,0,0,0,0,0,0,0,0,,0,0,0,0,0,0,0,0,0,,
18/02/20,15:55:06,Secador 13,46,2002181530,199,0,0,0,0,0,0,0,0,0,0,0,0,0,0,,0,0,0,0,0,0,0,0,0,,
18/02/20,15:55:44,Secador 13,46,2002181530,200,0,0,0,0,0,0,0,0,0,0,0,0,0,0,,0,0,0,0,0,0,0,0,0,,
18/02/20,16:29:43,Secador 13,46,2002181530,206,0,0,0,0,0,0,0,0,0,0,0,0,0,0,,0,0,0,0,0,0,0,0,0,,
18/02/20,16:30:34,Secador 13,46,2002181530,193,0,0,0,0,0,0,0,0,0,0,0,0,0,0,,0,0,0,0,0,0,0,0,0,,
18/02/20,16:31:11,Secador 13,46,2002181530,202,0,0,0,0,0,0,0,0,0,0,0,0,0,0,,0,0,0,0,0,0,0,0,0,,
18/02/20,16:31:47,Secador 13,46,2002181530,198,0,0,0,0,0,0,0,0,0,0,0,0,0,0,,0,0,0,0,0,0,0,0,0,,
18/02/20,16:32:24,Secador 13,46,2002181530,200,0,0,0,0,0,0,0,0,0,0,0,0,0,0,,0,0,0,0,0,0,0,0,0,,
18/02/20,16:33:01,Secador 13,46,2002181530,201,0,0,0,0,0,0,0,0,0,0,0,0,0,0,,0,0,0,0,0,0,0,0,0,,
18/02/20,16:33:39,Secador 13,46,2002181530,200,0,0,0,0,0,0,0,0,0,0,0,0,0,0,,0,0,0,0,0,0,0,0,0,,
18/02/20,16:34:16,Secador 13,46,2002181530,200,0,0,0,0,0,0,0,0,0,0,0,0,0,0,,0,0,0,0,0,0,0,0,0,,
18/02/20,16:34:55,Secador 13,46,2002181530,201,0,0,0,0,0,0,0,0,0,0,0,0,0,0,,0,0,0,0,0,0,0,0,0,,
18/02/20,16:35:33,Secador 13,46,2002181530,199,0,0,0,0,0,0,0,0,0,0,0,0,0,0,,0,0,0,0,0,0,0,0,0,,
18/02/20,16:36:12,Secador 13,46,2002181530,200,0,0,0,0,0,0,0,0,0,0,0,0,0,0,,0,0,0,0,0,0,0,0,0,,
18/02/20,16:36:49,Secador 13,46,2002181530,199,0,0,0,0,0,0,0,0,0,0,0,0,0,0,,0,0,0,0,0,0,0,0,0,,
18/02/20,16:37:26,Secador 13,46,2002181530,201,0,0,0,0,0,0,0,0,0,0,0,0,0,0,,0,0,0,0,0,0,0,0,0,,
18/02/20,16:38:04,Secador 13,46,2002181530,200,0,0,0,0,0,0,0,0,0,0,0,0,0,0,,0,0,0,0,0,0,0,0,0,,
18/02/20,16:38:41,Secador 13,46,2002181530,200,0,0,0,0,0,0,0,0,0,0,0,0,0,0,,0,0,0,0,0,0,0,0,0,,
18/02/20,16:39:18,Secador 13,46,2002181530,199,0,0,0,0,0,0,0,0,0,0,0,0,0,0,,0,0,0,0,0,0,0,0,0,,
18/02/20,16:40:01,Secador 13,46,2002181530,200,0,0,0,0,0,0,0,0,0,0,0,0,0,0,,0,0,0,0,0,0,0,0,0,,
18/02/20,16:40:43,Secador 13,46,2002181530,201,0,0,0,0,0,0,0,0,0,0,0,0,0,0,,0,0,0,0,0,0,0,0,0,,
18/02/20,16:41:20,Secador 13,46,2002181530,200,0,0,0,0,0,0,0,0,0,0,0,0,0,0,,0,0,0,0,0,0,0,0,0,,
18/02/20,16:41:57,Secador 13,46,2002181530,201,0,0,0,0,0,0,0,0,0,0,0,0,0,0,,0,0,0,0,0,0,0,0,0,,
18/02/20,16:42:36,Secador 13,46,2002181530,199,0,0,0,0,0,0,0,0,0,0,0,0,0,0,,0,0,0,0,0,0,0,0,0,,
18/02/20,16:43:19,Secador 13,46,2002181530,198,0,0,0,0,0,0,0,0,0,0,0,0,0,0,,0,0,0,0,0,0,0,0,0,,
18/02/20,16:44:10,Secador 13,46,2002181530,197,0,0,0,0,0,0,0,0,0,0,0,0,0,0,,0,0,0,0,0,0,0,0,0,,
18/02/20,16:54:40,Secador 13,46,2002181530,202,0,0,0,0,0,0,0,0,0,0,0,0,0,0,,0,0,0,0,0,0,0,0,0,,
18/02/20,16:55:58,Secador 13,46,2002181530,198,0,0,0,0,0,0,0,0,0,0,0,0,0,0,,0,0,0,0,0,0,0,0,0,,
18/02/20,16:57:46,Secador 13,46,2002181530,76,0,0,0,0,0,0,0,0,0,0,0,0,0,0,,0,0,0,0,0,0,0,0,0,,
18/02/20,17:34:19,Secador 11,45,2002181706,203,0,0,0,0,0,0,0,0,0,0,0,0,0,0,,0,0,0,0,0,0,0,0,0,,
18/02/20,17:35:29,Secador 11,45,2002181706,199,0,0,0,0,0,0,0,0,0,0,0,0,0,0,,0,0,0,0,0,0,0,0,0,,
18/02/20,17:36:26,Secador 11,45,2002181706,199,0,0,0,0,0,0,0,0,0,0,0,0,0,0,,0,0,0,0,0,0,0,0,0,,
18/02/20,17:37:42,Secador 11,45,2002181706,199,0,0,0,0,0,0,0,0,0,0,0,0,0,0,,0,0,0,0,0,0,0,0,0,,
18/02/20,17:39:08,Secador 11,45,2002181706,201,0,0,0,0,0,0,0,0,0,0,0,0,0,0,,0,0,0,0,0,0,0,0,0,,
18/02/20,17:40:17,Secador 11,45,2002181706,199,0,0,0,0,0,0,0,0,0,0,0,0,0,0,,0,0,0,0,0,0,0,0,0,,
18/02/20,17:41:10,Secador 11,45,2002181706,203,0,0,0,0,0,0,0,0,0,0,0,0,0,0,,0,0,0,0,0,0,0,0,0,,
18/02/20,17:41:58,Secador 11,45,2002181706,198,0,0,0,0,0,0,0,0,0,0,0,0,0,0,,0,0,0,0,0,0,0,0,0,,
18/02/20,17:42:51,Secador 11,45,2002181706,200,0,0,0,0,0,0,0,0,0,0,0,0,0,0,,0,0,0,0,0,0,0,0,0,,
18/02/20,17:43:41,Secador 11,45,2002181706,202,0,0,0,0,0,0,0,0,0,0,0,0,0,0,,0,0,0,0,0,0,0,0,0,,
18/02/20,17:44:29,Secador 11,45,2002181706,200,0,0,0,0,0,0,0,0,0,0,0,0,0,0,,0,0,0,0,0,0,0,0,0,,
18/02/20,17:45:19,Secador 11,45,2002181706,199,0,0,0,0,0,0,0,0,0,0,0,0,0,0,,0,0,0,0,0,0,0,0,0,,
18/02/20,17:46:14,Secador 11,45,2002181706,202,0,0,0,0,0,0,0,0,0,0,0,0,0,0,,0,0,0,0,0,0,0,0,0,,
18/02/20,17:47:03,Secador 11,45,2002181706,198,0,0,0,0,0,0,0,0,0,0,0,0,0,0,,0,0,0,0,0,0,0,0,0,,
18/02/20,17:47:52,Secador 11,45,2002181706,201,0,0,0,0,0,0,0,0,0,0,0,0,0,0,,0,0,0,0,0,0,0,0,0,,
18/02/20,17:48:39,Secador 11,45,2002181706,201,0,0,0,0,0,0,0,0,0,0,0,0,0,0,,0,0,0,0,0,0,0,0,0,,
18/02/20,17:49:28,Secador 11,45,2002181706,199,0,0,0,0,0,0,0,0,0,0,0,0,0,0,,0,0,0,0,0,0,0,0,0,,
18/02/20,17:50:14,Secador 11,45,2002181706,200,0,0,0,0,0,0,0,0,0,0,0,0,0,0,,0,0,0,0,0,0,0,0,0,,
18/02/20,17:51:02,Secador 11,45,2002181706,199,0,0,0,0,0,0,0,0,0,0,0,0,0,0,,0,0,0,0,0,0,0,0,0,,
18/02/20,17:51:53,Secador 11,45,2002181706,200,0,0,0,0,0,0,0,0,0,0,0,0,0,0,,0,0,0,0,0,0,0,0,0,,
18/02/20,17:52:43,Secador 11,45,2002181706,201,0,0,0,0,0,0,0,0,0,0,0,0,0,0,,0,0,0,0,0,0,0,0,0,,
18/02/20,17:53:34,Secador 11,45,2002181706,199,0,0,0,0,0,0,0,0,0,0,0,0,0,0,,0,0,0,0,0,0,0,0,0,,
18/02/20,17:54:24,Secador 11,45,2002181706,200,0,0,0,0,0,0,0,0,0,0,0,0,0,0,,0,0,0,0,0,0,0,0,0,,
18/02/20,17:55:18,Secador 11,45,2002181706,199,0,0,0,0,0,0,0,0,0,0,0,0,0,0,,0,0,0,0,0,0,0,0,0,,
18/02/20,17:56:16,Secador 11,45,2002181706,199,0,0,0,0,0,0,0,0,0,0,0,0,0,0,,0,0,0,0,0,0,0,0,0,,
18/02/20,17:57:23,Secador 11,45,2002181706,201,0,0,0,0,0,0,0,0,0,0,0,0,0,0,,0,0,0,0,0,0,0,0,0,,
18/02/20,17:58:20,Secador 11,45,2002181706,200,0,0,0,0,0,0,0,0,0,0,0,0,0,0,,0,0,0,0,0,0,0,0,0,,
18/02/20,17:59:16,Secador 11,45,2002181706,200,0,0,0,0,0,0,0,0,0,0,0,0,0,0,,0,0,0,0,0,0,0,0,0,,
18/02/20,18:04:58,Secador 11,45,2002181706,201,0,0,0,0,0,0,0,0,0,0,0,0,0,0,,0,0,0,0,0,0,0,0,0,,
18/02/20,18:07:02,Secador 11,45,2002181706,198,0,0,0,0,0,0,0,0,0,0,0,0,0,0,,0,0,0,0,0,0,0,0,0,,
18/02/20,18:10:03,Secador 11,45,2002181706,201,0,0,0,0,0,0,0,0,0,0,0,0,0,0,,0,0,0,0,0,0,0,0,0,,
18/02/20,18:11:58,Secador 11,45,2002181706,198,0,0,0,0,0,0,0,0,0,0,0,0,0,0,,0,0,0,0,0,0,0,0,0,,
18/02/20,18:15:35,Secador 11,45,2002181706,203,0,0,0,0,0,0,0,0,0,0,0,0,0,0,,0,0,0,0,0,0,0,0,0,,
18/02/20,18:17:49,Secador 11,45,2002181706,196,0,0,0,0,0,0,0,0,0,0,0,0,0,0,,0,0,0,0,0,0,0,0,0,,
18/02/20,18:20:47,Secador 11,45,2002181706,204,0,0,0,0,0,0,0,0,0,0,0,0,0,0,,0,0,0,0,0,0,0,0,0,,
18/02/20,18:22:44,Secador 11,45,2002181706,198,0,0,0,0,0,0,0,0,0,0,0,0,0,0,,0,0,0,0,0,0,0,0,0,,
18/02/20,18:25:38,Secador 11,45,2002181706,199,0,0,0,0,0,0,0,0,0,0,0,0,0,0,,0,0,0,0,0,0,0,0,0,,
18/02/20,18:27:32,Secador 11,45,2002181706,203,0,0,0,0,0,0,0,0,0,0,0,0,0,0,,0,0,0,0,0,0,0,0,0,,
18/02/20,18:29:26,Secador 11,45,2002181706,199,0,0,0,0,0,0,0,0,0,0,0,0,0,0,,0,0,0,0,0,0,0,0,0,,
18/02/20,18:31:30,Secador 11,45,2002181706,201,0,0,0,0,0,0,0,0,0,0,0,0,0,0,,0,0,0,0,0,0,0,0,0,,
18/02/20,18:33:51,Secador 11,45,2002181706,197,0,0,0,0,0,0,0,0,0,0,0,0,0,0,,0,0,0,0,0,0,0,0,0,,
18/02/20,18:36:12,Secador 11,45,2002181706,201,0,0,0,0,0,0,0,0,0,0,0,0,0,0,,0,0,0,0,0,0,0,0,0,,
18/02/20,18:40:13,Secador 11,45,2002181706,199,0,0,0,0,0,0,0,0,0,0,0,0,0,0,,0,0,0,0,0,0,0,0,0,,
18/02/20,18:43:27,Secador 11,45,2002181706,200,0,0,0,0,0,0,0,0,0,0,0,0,0,0,,0,0,0,0,0,0,0,0,0,,
18/02/20,18:45:42,Secador 11,45,2002181706,201,0,0,0,0,0,0,0,0,0,0,0,0,0,0,,0,0,0,0,0,0,0,0,0,,
18/02/20,18:48:44,Secador 11,45,2002181706,200,0,0,0,0,0,0,0,0,0,0,0,0,0,0,,0,0,0,0,0,0,0,0,0,,
18/02/20,18:53:29,Secador 11,45,2002181706,199,0,0,0,0,0,0,0,0,0,0,0,0,0,0,,0,0,0,0,0,0,0,0,0,,
18/02/20,19:19:01,Secador 11,45,2002181706,200,0,0,0,0,0,0,0,0,0,0,0,0,0,0,,0,0,0,0,0,0,0,0,0,,
18/02/20,19:22:08,Secador 11,45,2002181706,202,0,0,0,0,0,0,0,0,0,0,0,0,0,0,,0,0,0,0,0,0,0,0,0,,
18/02/20,19:24:56,Secador 11,45,2002181706,191,0,0,0,0,0,0,0,0,0,0,0,0,0,0,,0,0,0,0,0,0,0,0,0,,
18/02/20,19:33:37,Secador 11,38,2002181932,1,0,0,0,0,0,0,0,0,0,0,0,0,0,0,,0,0,0,0,0,0,0,0,0,,
18/02/20,19:38:02,Secador 9,38,2002181933,199,0,0,0,0,0,0,0,0,0,0,0,0,0,0,,0,0,0,0,0,0,0,0,0,,
18/02/20,19:39:01,Secador 9,38,2002181933,200,0,0,0,0,0,0,0,0,0,0,0,0,0,0,,0,0,0,0,0,0,0,0,0,,
18/02/20,19:40:01,Secador 9,38,2002181933,201,0,0,0,0,0,0,0,0,0,0,0,0,0,0,,0,0,0,0,0,0,0,0,0,,
18/02/20,19:41:01,Secador 9,38,2002181933,199,0,0,0,0,0,0,0,0,0,0,0,0,0,0,,0,0,0,0,0,0,0,0,0,,
18/02/20,19:42:00,Secador 9,38,2002181933,202,0,0,0,0,0,0,0,0,0,0,0,0,0,0,,0,0,0,0,0,0,0,0,0,,
18/02/20,19:42:50,Secador 9,38,2002181933,202,0,0,0,0,0,0,0,0,0,0,0,0,0,0,,0,0,0,0,0,0,0,0,0,,
18/02/20,19:43:35,Secador 9,38,2002181933,200,0,0,0,0,0,0,0,0,0,0,0,0,0,0,,0,0,0,0,0,0,0,0,0,,
18/02/20,19:44:23,Secador 9,38,2002181933,200,0,0,0,0,0,0,0,0,0,0,0,0,0,0,,0,0,0,0,0,0,0,0,0,,
18/02/20,19:45:11,Secador 9,38,2002181933,198,0,0,0,0,0,0,0,0,0,0,0,0,0,0,,0,0,0,0,0,0,0,0,0,,
18/02/20,19:46:02,Secador 9,38,2002181933,201,0,0,0,0,0,0,0,0,0,0,0,0,0,0,,0,0,0,0,0,0,0,0,0,,
18/02/20,19:46:50,Secador 9,38,2002181933,199,0,0,0,0,0,0,0,0,0,0,0,0,0,0,,0,0,0,0,0,0,0,0,0,,
18/02/20,19:47:44,Secador 9,38,2002181933,198,0,0,0,0,0,0,0,0,0,0,0,0,0,0,,0,0,0,0,0,0,0,0,0,,
18/02/20,19:48:40,Secador 9,38,2002181933,201,0,0,0,0,0,0,0,0,0,0,0,0,0,0,,0,0,0,0,0,0,0,0,0,,
18/02/20,19:49:37,Secador 9,38,2002181933,201,0,0,0,0,0,0,0,0,0,0,0,0,0,0,,0,0,0,0,0,0,0,0,0,,
18/02/20,19:50:34,Secador 9,38,2002181933,199,0,0,0,0,0,0,0,0,0,0,0,0,0,0,,0,0,0,0,0,0,0,0,0,,
18/02/20,19:51:32,Secador 9,38,2002181933,200,0,0,0,0,0,0,0,0,0,0,0,0,0,0,,0,0,0,0,0,0,0,0,0,,
18/02/20,19:52:28,Secador 9,38,2002181933,202,0,0,0,0,0,0,0,0,0,0,0,0,0,0,,0,0,0,0,0,0,0,0,0,,
18/02/20,19:53:23,Secador 9,38,2002181933,198,0,0,0,0,0,0,0,0,0,0,0,0,0,0,,0,0,0,0,0,0,0,0,0,,
18/02/20,19:54:18,Secador 9,38,2002181933,200,0,0,0,0,0,0,0,0,0,0,0,0,0,0,,0,0,0,0,0,0,0,0,0,,
18/02/20,19:55:13,Secador 9,38,2002181933,200,0,0,0,0,0,0,0,0,0,0,0,0,0,0,,0,0,0,0,0,0,0,0,0,,
18/02/20,19:56:24,Secador 9,38,2002181933,201,0,0,0,0,0,0,0,0,0,0,0,0,0,0,,0,0,0,0,0,0,0,0,0,,
18/02/20,19:57:59,Secador 9,38,2002181933,200,0,0,0,0,0,0,0,0,0,0,0,0,0,0,,0,0,0,0,0,0,0,0,0,,
18/02/20,19:59:44,Secador 9,38,2002181933,199,0,0,0,0,0,0,0,0,0,0,0,0,0,0,,0,0,0,0,0,0,0,0,0,,
18/02/20,20:01:30,Secador 9,38,2002181933,200,0,0,0,0,0,0,0,0,0,0,0,0,0,0,,0,0,0,0,0,0,0,0,0,,
18/02/20,20:03:20,Secador 9,38,2002181933,200,0,0,0,0,0,0,0,0,0,0,0,0,0,0,,0,0,0,0,0,0,0,0,0,,
18/02/20,20:05:40,Secador 9,38,2002181933,199,0,0,0,0,0,0,0,0,0,0,0,0,0,0,,0,0,0,0,0,0,0,0,0,,
18/02/20,20:07:46,Secador 9,38,2002181933,201,0,0,0,0,0,0,0,0,0,0,0,0,0,0,,0,0,0,0,0,0,0,0,0,,
18/02/20,20:08:37,Secador 9,38,2002181933,202,0,0,0,0,0,0,0,0,0,0,0,0,0,0,,0,0,0,0,0,0,0,0,0,,
18/02/20,20:09:28,Secador 9,38,2002181933,200,0,0,0,0,0,0,0,0,0,0,0,0,0,0,,0,0,0,0,0,0,0,0,0,,
18/02/20,20:10:16,Secador 9,38,2002181933,198,0,0,0,0,0,0,0,0,0,0,0,0,0,0,,0,0,0,0,0,0,0,0,0,,
18/02/20,20:11:08,Secador 9,38,2002181933,201,0,0,0,0,0,0,0,0,0,0,0,0,0,0,,0,0,0,0,0,0,0,0,0,,
18/02/20,20:11:59,Secador 9,38,2002181933,200,0,0,0,0,0,0,0,0,0,0,0,0,0,0,,0,0,0,0,0,0,0,0,0,,
18/02/20,20:12:50,Secador 9,38,2002181933,201,0,0,0,0,0,0,0,0,0,0,0,0,0,0,,0,0,0,0,0,0,0,0,0,,
18/02/20,20:13:40,Secador 9,38,2002181933,200,0,0,0,0,0,0,0,0,0,0,0,0,0,0,,0,0,0,0,0,0,0,0,0,,
18/02/20,20:14:29,Secador 9,38,2002181933,199,0,0,0,0,0,0,0,0,0,0,0,0,0,0,,0,0,0,0,0,0,0,0,0,,
18/02/20,20:15:19,Secador 9,38,2002181933,201,0,0,0,0,0,0,0,0,0,0,0,0,0,0,,0,0,0,0,0,0,0,0,0,,
18/02/20,20:16:10,Secador 9,38,2002181933,199,0,0,0,0,0,0,0,0,0,0,0,0,0,0,,0,0,0,0,0,0,0,0,0,,
18/02/20,20:17:02,Secador 9,38,2002181933,200,0,0,0,0,0,0,0,0,0,0,0,0,0,0,,0,0,0,0,0,0,0,0,0,,
18/02/20,20:17:55,Secador 9,38,2002181933,200,0,0,0,0,0,0,0,0,0,0,0,0,0,0,,0,0,0,0,0,0,0,0,0,,
18/02/20,20:18:45,Secador 9,38,2002181933,200,0,0,0,0,0,0,0,0,0,0,0,0,0,0,,0,0,0,0,0,0,0,0,0,,
18/02/20,20:19:36,Secador 9,38,2002181933,200,0,0,0,0,0,0,0,0,0,0,0,0,0,0,,0,0,0,0,0,0,0,0,0,,
18/02/20,20:20:28,Secador 9,38,2002181933,199,0,0,0,0,0,0,0,0,0,0,0,0,0,0,,0,0,0,0,0,0,0,0,0,,
18/02/20,20:21:22,Secador 9,38,2002181933,202,0,0,0,0,0,0,0,0,0,0,0,0,0,0,,0,0,0,0,0,0,0,0,0,,
18/02/20,20:22:12,Secador 9,38,2002181933,198,0,0,0,0,0,0,0,0,0,0,0,0,0,0,,0,0,0,0,0,0,0,0,0,,
18/02/20,20:23:03,Secador 9,38,2002181933,200,0,0,0,0,0,0,0,0,0,0,0,0,0,0,,0,0,0,0,0,0,0,0,0,,
18/02/20,20:23:53,Secador 9,38,2002181933,202,0,0,0,0,0,0,0,0,0,0,0,0,0,0,,0,0,0,0,0,0,0,0,0,,
18/02/20,20:24:46,Secador 9,38,2002181933,199,0,0,0,0,0,0,0,0,0,0,0,0,0,0,,0,0,0,0,0,0,0,0,0,,
18/02/20,20:25:35,Secador 9,38,2002181933,200,0,0,0,0,0,0,0,0,0,0,0,0,0,0,,0,0,0,0,0,0,0,0,0,,
18/02/20,20:26:26,Secador 9,38,2002181933,200,0,0,0,0,0,0,0,0,0,0,0,0,0,0,,0,0,0,0,0,0,0,0,0,,
18/02/20,20:27:17,Secador 9,38,2002181933,200,0,0,0,0,0,0,0,0,0,0,0,0,0,0,,0,0,0,0,0,0,0,0,0,,
18/02/20,20:28:09,Secador 9,38,2002181933,200,0,0,0,0,0,0,0,0,0,0,0,0,0,0,,0,0,0,0,0,0,0,0,0,,
18/02/20,20:29:00,Secador 9,38,2002181933,200,0,0,0,0,0,0,0,0,0,0,0,0,0,0,,0,0,0,0,0,0,0,0,0,,
18/02/20,20:29:54,Secador 9,38,2002181933,199,0,0,0,0,0,0,0,0,0,0,0,0,0,0,,0,0,0,0,0,0,0,0,0,,
18/02/20,20:30:47,Secador 9,38,2002181933,202,0,0,0,0,0,0,0,0,0,0,0,0,0,0,,0,0,0,0,0,0,0,0,0,,
18/02/20,20:31:38,Secador 9,38,2002181933,199,0,0,0,0,0,0,0,0,0,0,0,0,0,0,,0,0,0,0,0,0,0,0,0,,
18/02/20,20:32:27,Secador 9,38,2002181933,199,0,0,0,0,0,0,0,0,0,0,0,0,0,0,,0,0,0,0,0,0,0,0,0,,
18/02/20,20:33:19,Secador 9,38,2002181933,200,0,0,0,0,0,0,0,0,0,0,0,0,0,0,,0,0,0,0,0,0,0,0,0,,
18/02/20,20:34:11,Secador 9,38,2002181933,201,0,0,0,0,0,0,0,0,0,0,0,0,0,0,,0,0,0,0,0,0,0,0,0,,
18/02/20,20:35:01,Secador 9,38,2002181933,203,0,0,0,0,0,0,0,0,0,0,0,0,0,0,,0,0,0,0,0,0,0,0,0,,
18/02/20,20:36:07,Secador 9,38,2002181933,198,0,0,0,0,0,0,0,0,0,0,0,0,0,0,,0,0,0,0,0,0,0,0,0,,
18/02/20,20:36:56,Secador 9,38,2002181933,198,0,0,0,0,0,0,0,0,0,0,0,0,0,0,,0,0,0,0,0,0,0,0,0,,
18/02/20,20:37:48,Secador 9,38,2002181933,202,0,0,0,0,0,0,0,0,0,0,0,0,0,0,,0,0,0,0,0,0,0,0,0,,
18/02/20,20:38:44,Secador 9,38,2002181933,197,0,0,0,0,0,0,0,0,0,0,0,0,0,0,,0,0,0,0,0,0,0,0,0,,
18/02/20,20:39:40,Secador 9,38,2002181933,201,0,0,0,0,0,0,0,0,0,0,0,0,0,0,,0,0,0,0,0,0,0,0,0,,
18/02/20,20:41:43,Secador 9,38,2002181933,199,0,0,0,0,0,0,0,0,0,0,0,0,0,0,,0,0,0,0,0,0,0,0,0,,
18/02/20,20:43:03,Secador 9,38,2002181933,202,0,0,0,0,0,0,0,0,0,0,0,0,0,0,,0,0,0,0,0,0,0,0,0,,
18/02/20,20:44:34,Secador 9,38,2002181933,200,0,0,0,0,0,0,0,0,0,0,0,0,0,0,,0,0,0,0,0,0,0,0,0,,
18/02/20,20:45:51,Secador 9,38,2002181933,200,0,0,0,0,0,0,0,0,0,0,0,0,0,0,,0,0,0,0,0,0,0,0,0,,
18/02/20,20:47:17,Secador 9,38,2002181933,199,0,0,0,0,0,0,0,0,0,0,0,0,0,0,,0,0,0,0,0,0,0,0,0,,
18/02/20,20:48:36,Secador 9,38,2002181933,200,0,0,0,0,0,0,0,0,0,0,0,0,0,0,,0,0,0,0,0,0,0,0,0,,
18/02/20,20:51:41,Secador 9,38,2002181933,191,0,0,0,0,0,0,0,0,0,0,0,0,0,0,,0,0,0,0,0,0,0,0,0,,
18/02/20,22:30:04,Secador 5,48,2002182225,204,0,0,0,0,0,0,0,0,0,0,0,0,0,0,,0,0,0,0,0,0,0,0,0,,
18/02/20,22:31:09,Secador 5,48,2002182225,199,0,0,0,0,0,0,0,0,0,0,0,0,0,0,,0,0,0,0,0,0,0,0,0,,
18/02/20,22:31:51,Secador 5,48,2002182225,201,0,0,0,0,0,0,0,0,0,0,0,0,0,0,,0,0,0,0,0,0,0,0,0,,
18/02/20,22:32:37,Secador 5,48,2002182225,198,0,0,0,0,0,0,0,0,0,0,0,0,0,0,,0,0,0,0,0,0,0,0,0,,
18/02/20,22:33:27,Secador 5,48,2002182225,199,0,0,0,0,0,0,0,0,0,0,0,0,0,0,,0,0,0,0,0,0,0,0,0,,
18/02/20,22:34:11,Secador 5,48,2002182225,204,0,0,0,0,0,0,0,0,0,0,0,0,0,0,,0,0,0,0,0,0,0,0,0,,
18/02/20,22:34:51,Secador 5,48,2002182225,198,0,0,0,0,0,0,0,0,0,0,0,0,0,0,,0,0,0,0,0,0,0,0,0,,
18/02/20,22:35:35,Secador 5,48,2002182225,200,0,0,0,0,0,0,0,0,0,0,0,0,0,0,,0,0,0,0,0,0,0,0,0,,
18/02/20,22:36:14,Secador 5,48,2002182225,201,0,0,0,0,0,0,0,0,0,0,0,0,0,0,,0,0,0,0,0,0,0,0,0,,
18/02/20,22:36:52,Secador 5,48,2002182225,201,0,0,0,0,0,0,0,0,0,0,0,0,0,0,,0,0,0,0,0,0,0,0,0,,
18/02/20,22:37:30,Secador 5,48,2002182225,200,0,0,0,0,0,0,0,0,0,0,0,0,0,0,,0,0,0,0,0,0,0,0,0,,
18/02/20,22:38:03,Secador 5,48,2002182225,202,0,0,0,0,0,0,0,0,0,0,0,0,0,0,,0,0,0,0,0,0,0,0,0,,
18/02/20,22:38:35,Secador 5,48,2002182225,200,0,0,0,0,0,0,0,0,0,0,0,0,0,0,,0,0,0,0,0,0,0,0,0,,
18/02/20,22:39:07,Secador 5,48,2002182225,200,0,0,0,0,0,0,0,0,0,0,0,0,0,0,,0,0,0,0,0,0,0,0,0,,
18/02/20,22:39:41,Secador 5,48,2002182225,198,0,0,0,0,0,0,0,0,0,0,0,0,0,0,,0,0,0,0,0,0,0,0,0,,
18/02/20,22:40:15,Secador 5,48,2002182225,200,0,0,0,0,0,0,0,0,0,0,0,0,0,0,,0,0,0,0,0,0,0,0,0,,
18/02/20,22:40:51,Secador 5,48,2002182225,199,0,0,0,0,0,0,0,0,0,0,0,0,0,0,,0,0,0,0,0,0,0,0,0,,
18/02/20,22:41:27,Secador 5,48,2002182225,200,0,0,0,0,0,0,0,0,0,0,0,0,0,0,,0,0,0,0,0,0,0,0,0,,
18/02/20,22:42:03,Secador 5,48,2002182225,200,0,0,0,0,0,0,0,0,0,0,0,0,0,0,,0,0,0,0,0,0,0,0,0,,
18/02/20,22:42:38,Secador 5,48,2002182225,201,0,0,0,0,0,0,0,0,0,0,0,0,0,0,,0,0,0,0,0,0,0,0,0,,
18/02/20,22:43:12,Secador 5,48,2002182225,199,0,0,0,0,0,0,0,0,0,0,0,0,0,0,,0,0,0,0,0,0,0,0,0,,
18/02/20,22:43:45,Secador 5,48,2002182225,201,0,0,0,0,0,0,0,0,0,0,0,0,0,0,,0,0,0,0,0,0,0,0,0,,
18/02/20,22:44:19,Secador 5,48,2002182225,200,0,0,0,0,0,0,0,0,0,0,0,0,0,0,,0,0,0,0,0,0,0,0,0,,
18/02/20,22:44:53,Secador 5,48,2002182225,202,0,0,0,0,0,0,0,0,0,0,0,0,0,0,,0,0,0,0,0,0,0,0,0,,
18/02/20,22:45:25,Secador 5,48,2002182225,198,0,0,0,0,0,0,0,0,0,0,0,0,0,0,,0,0,0,0,0,0,0,0,0,,
18/02/20,22:46:05,Secador 5,48,2002182225,198,0,0,0,0,0,0,0,0,0,0,0,0,0,0,,0,0,0,0,0,0,0,0,0,,
18/02/20,22:46:44,Secador 5,48,2002182225,203,0,0,0,0,0,0,0,0,0,0,0,0,0,0,,0,0,0,0,0,0,0,0,0,,
18/02/20,22:47:18,Secador 5,48,2002182225,199,0,0,0,0,0,0,0,0,0,0,0,0,0,0,,0,0,0,0,0,0,0,0,0,,
18/02/20,22:47:53,Secador 5,48,2002182225,200,0,0,0,0,0,0,0,0,0,0,0,0,0,0,,0,0,0,0,0,0,0,0,0,,
18/02/20,22:48:27,Secador 5,48,2002182225,201,0,0,0,0,0,0,0,0,0,0,0,0,0,0,,0,0,0,0,0,0,0,0,0,,
18/02/20,22:49:00,Secador 5,48,2002182225,199,0,0,0,0,0,0,0,0,0,0,0,0,0,0,,0,0,0,0,0,0,0,0,0,,
18/02/20,22:49:33,Secador 5,48,2002182225,201,0,0,0,0,0,0,0,0,0,0,0,0,0,0,,0,0,0,0,0,0,0,0,0,,
18/02/20,22:50:07,Secador 5,48,2002182225,200,0,0,0,0,0,0,0,0,0,0,0,0,0,0,,0,0,0,0,0,0,0,0,0,,
18/02/20,22:50:42,Secador 5,48,2002182225,200,0,0,0,0,0,0,0,0,0,0,0,0,0,0,,0,0,0,0,0,0,0,0,0,,
18/02/20,22:51:15,Secador 5,48,2002182225,199,0,0,0,0,0,0,0,0,0,0,0,0,0,0,,0,0,0,0,0,0,0,0,0,,
18/02/20,22:51:48,Secador 5,48,2002182225,201,0,0,0,0,0,0,0,0,0,0,0,0,0,0,,0,0,0,0,0,0,0,0,0,,
18/02/20,22:52:23,Secador 5,48,2002182225,201,0,0,0,0,0,0,0,0,0,0,0,0,0,0,,0,0,0,0,0,0,0,0,0,,
18/02/20,22:52:58,Secador 5,48,2002182225,197,0,0,0,0,0,0,0,0,0,0,0,0,0,0,,0,0,0,0,0,0,0,0,0,,
18/02/20,22:53:31,Secador 5,48,2002182225,202,0,0,0,0,0,0,0,0,0,0,0,0,0,0,,0,0,0,0,0,0,0,0,0,,
18/02/20,22:54:06,Secador 5,48,2002182225,199,0,0,0,0,0,0,0,0,0,0,0,0,0,0,,0,0,0,0,0,0,0,0,0,,
18/02/20,22:54:39,Secador 5,48,2002182225,199,0,0,0,0,0,0,0,0,0,0,0,0,0,0,,0,0,0,0,0,0,0,0,0,,
18/02/20,22:55:14,Secador 5,48,2002182225,201,0,0,0,0,0,0,0,0,0,0,0,0,0,0,,0,0,0,0,0,0,0,0,0,,
18/02/20,22:55:49,Secador 5,48,2002182225,201,0,0,0,0,0,0,0,0,0,0,0,0,0,0,,0,0,0,0,0,0,0,0,0,,
18/02/20,22:56:23,Secador 5,48,2002182225,198,0,0,0,0,0,0,0,0,0,0,0,0,0,0,,0,0,0,0,0,0,0,0,0,,
18/02/20,22:56:58,Secador 5,48,2002182225,200,0,0,0,0,0,0,0,0,0,0,0,0,0,0,,0,0,0,0,0,0,0,0,0,,
18/02/20,22:57:35,Secador 5,48,2002182225,201,0,0,0,0,0,0,0,0,0,0,0,0,0,0,,0,0,0,0,0,0,0,0,0,,
18/02/20,22:58:10,Secador 5,48,2002182225,200,0,0,0,0,0,0,0,0,0,0,0,0,0,0,,0,0,0,0,0,0,0,0,0,,
18/02/20,22:58:45,Secador 5,48,2002182225,199,0,0,0,0,0,0,0,0,0,0,0,0,0,0,,0,0,0,0,0,0,0,0,0,,
18/02/20,22:59:20,Secador 5,48,2002182225,201,0,0,0,0,0,0,0,0,0,0,0,0,0,0,,0,0,0,0,0,0,0,0,0,,
18/02/20,22:59:55,Secador 5,48,2002182225,201,0,0,0,0,0,0,0,0,0,0,0,0,0,0,,0,0,0,0,0,0,0,0,0,,
18/02/20,23:00:29,Secador 5,48,2002182225,197,0,0,0,0,0,0,0,0,0,0,0,0,0,0,,0,0,0,0,0,0,0,0,0,,
18/02/20,23:01:05,Secador 5,48,2002182225,202,0,0,0,0,0,0,0,0,0,0,0,0,0,0,,0,0,0,0,0,0,0,0,0,,
18/02/20,23:01:39,Secador 5,48,2002182225,201,0,0,0,0,0,0,0,0,0,0,0,0,0,0,,0,0,0,0,0,0,0,0,0,,
18/02/20,23:02:13,Secador 5,48,2002182225,199,0,0,0,0,0,0,0,0,0,0,0,0,0,0,,0,0,0,0,0,0,0,0,0,,
18/02/20,23:02:47,Secador 5,48,2002182225,200,0,0,0,0,0,0,0,0,0,0,0,0,0,0,,0,0,0,0,0,0,0,0,0,,
18/02/20,23:03:21,Secador 5,48,2002182225,200,0,0,0,0,0,0,0,0,0,0,0,0,0,0,,0,0,0,0,0,0,0,0,0,,
18/02/20,23:03:56,Secador 5,48,2002182225,200,0,0,0,0,0,0,0,0,0,0,0,0,0,0,,0,0,0,0,0,0,0,0,0,,
18/02/20,23:04:30,Secador 5,48,2002182225,200,0,0,0,0,0,0,0,0,0,0,0,0,0,0,,0,0,0,0,0,0,0,0,0,,
18/02/20,23:05:05,Secador 5,48,2002182225,200,0,0,0,0,0,0,0,0,0,0,0,0,0,0,,0,0,0,0,0,0,0,0,0,,
18/02/20,23:05:39,Secador 5,48,2002182225,199,0,0,0,0,0,0,0,0,0,0,0,0,0,0,,0,0,0,0,0,0,0,0,0,,
18/02/20,23:06:15,Secador 5,48,2002182225,201,0,0,0,0,0,0,0,0,0,0,0,0,0,0,,0,0,0,0,0,0,0,0,0,,
18/02/20,23:06:50,Secador 5,48,2002182225,200,0,0,0,0,0,0,0,0,0,0,0,0,0,0,,0,0,0,0,0,0,0,0,0,,
18/02/20,23:07:26,Secador 5,48,2002182225,198,0,0,0,0,0,0,0,0,0,0,0,0,0,0,,0,0,0,0,0,0,0,0,0,,
18/02/20,23:08:05,Secador 5,48,2002182225,200,0,0,0,0,0,0,0,0,0,0,0,0,0,0,,0,0,0,0,0,0,0,0,0,,
18/02/20,23:08:45,Secador 5,48,2002182225,201,0,0,0,0,0,0,0,0,0,0,0,0,0,0,,0,0,0,0,0,0,0,0,0,,
18/02/20,23:09:21,Secador 5,48,2002182225,201,0,0,0,0,0,0,0,0,0,0,0,0,0,0,,0,0,0,0,0,0,0,0,0,,
18/02/20,23:09:57,Secador 5,48,2002182225,200,0,0,0,0,0,0,0,0,0,0,0,0,0,0,,0,0,0,0,0,0,0,0,0,,
18/02/20,23:10:36,Secador 5,48,2002182225,198,0,0,0,0,0,0,0,0,0,0,0,0,0,0,,0,0,0,0,0,0,0,0,0,,
18/02/20,23:11:30,Secador 5,48,2002182225,196,0,0,0,0,0,0,0,0,0,0,0,0,0,0,,0,0,0,0,0,0,0,0,0,,
18/02/20,23:15:53,Secador 5,48,2002182225,171,0,0,0,0,0,0,0,0,0,0,0,0,0,0,,0,0,0,0,0,0,0,0,0,,
18/02/20,23:22:59,Secador 1,47,2002182319,202,0,0,0,0,0,0,0,0,0,0,0,0,0,0,,0,0,0,0,0,0,0,0,0,,
18/02/20,23:23:42,Secador 1,47,2002182319,203,0,0,0,0,0,0,0,0,0,0,0,0,0,0,,0,0,0,0,0,0,0,0,0,,
18/02/20,23:24:20,Secador 1,47,2002182319,199,0,0,0,0,0,0,0,0,0,0,0,0,0,0,,0,0,0,0,0,0,0,0,0,,
18/02/20,23:25:00,Secador 1,47,2002182319,200,0,0,0,0,0,0,0,0,0,0,0,0,0,0,,0,0,0,0,0,0,0,0,0,,
18/02/20,23:25:40,Secador 1,47,2002182319,200,0,0,0,0,0,0,0,0,0,0,0,0,0,0,,0,0,0,0,0,0,0,0,0,,
18/02/20,23:26:19,Secador 1,47,2002182319,201,0,0,0,0,0,0,0,0,0,0,0,0,0,0,,0,0,0,0,0,0,0,0,0,,
18/02/20,23:26:58,Secador 1,47,2002182319,199,0,0,0,0,0,0,0,0,0,0,0,0,0,0,,0,0,0,0,0,0,0,0,0,,
18/02/20,23:27:38,Secador 1,47,2002182319,200,0,0,0,0,0,0,0,0,0,0,0,0,0,0,,0,0,0,0,0,0,0,0,0,,
18/02/20,23:28:19,Secador 1,47,2002182319,201,0,0,0,0,0,0,0,0,0,0,0,0,0,0,,0,0,0,0,0,0,0,0,0,,
18/02/20,23:28:58,Secador 1,47,2002182319,199,0,0,0,0,0,0,0,0,0,0,0,0,0,0,,0,0,0,0,0,0,0,0,0,,
18/02/20,23:29:39,Secador 1,47,2002182319,202,0,0,0,0,0,0,0,0,0,0,0,0,0,0,,0,0,0,0,0,0,0,0,0,,
18/02/20,23:30:18,Secador 1,47,2002182319,198,0,0,0,0,0,0,0,0,0,0,0,0,0,0,,0,0,0,0,0,0,0,0,0,,
18/02/20,23:30:57,Secador 1,47,2002182319,201,0,0,0,0,0,0,0,0,0,0,0,0,0,0,,0,0,0,0,0,0,0,0,0,,
18/02/20,23:31:39,Secador 1,47,2002182319,199,0,0,0,0,0,0,0,0,0,0,0,0,0,0,,0,0,0,0,0,0,0,0,0,,
18/02/20,23:32:22,Secador 1,47,2002182319,199,0,0,0,0,0,0,0,0,0,0,0,0,0,0,,0,0,0,0,0,0,0,0,0,,
18/02/20,23:33:04,Secador 1,47,2002182319,202,0,0,0,0,0,0,0,0,0,0,0,0,0,0,,0,0,0,0,0,0,0,0,0,,
18/02/20,23:33:45,Secador 1,47,2002182319,200,0,0,0,0,0,0,0,0,0,0,0,0,0,0,,0,0,0,0,0,0,0,0,0,,
18/02/20,23:34:25,Secador 1,47,2002182319,199,0,0,0,0,0,0,0,0,0,0,0,0,0,0,,0,0,0,0,0,0,0,0,0,,
18/02/20,23:35:07,Secador 1,47,2002182319,199,0,0,0,0,0,0,0,0,0,0,0,0,0,0,,0,0,0,0,0,0,0,0,0,,
18/02/20,23:35:49,Secador 1,47,2002182319,201,0,0,0,0,0,0,0,0,0,0,0,0,0,0,,0,0,0,0,0,0,0,0,0,,
18/02/20,23:36:32,Secador 1,47,2002182319,199,0,0,0,0,0,0,0,0,0,0,0,0,0,0,,0,0,0,0,0,0,0,0,0,,
18/02/20,23:37:16,Secador 1,47,2002182319,201,0,0,0,0,0,0,0,0,0,0,0,0,0,0,,0,0,0,0,0,0,0,0,0,,
18/02/20,23:37:59,Secador 1,47,2002182319,202,0,0,0,0,0,0,0,0,0,0,0,0,0,0,,0,0,0,0,0,0,0,0,0,,
18/02/20,23:38:41,Secador 1,47,2002182319,198,0,0,0,0,0,0,0,0,0,0,0,0,0,0,,0,0,0,0,0,0,0,0,0,,
18/02/20,23:39:24,Secador 1,47,2002182319,200,0,0,0,0,0,0,0,0,0,0,0,0,0,0,,0,0,0,0,0,0,0,0,0,,
18/02/20,23:40:07,Secador 1,47,2002182319,200,0,0,0,0,0,0,0,0,0,0,0,0,0,0,,0,0,0,0,0,0,0,0,0,,
18/02/20,23:40:50,Secador 1,47,2002182319,200,0,0,0,0,0,0,0,0,0,0,0,0,0,0,,0,0,0,0,0,0,0,0,0,,
18/02/20,23:41:39,Secador 1,47,2002182319,197,0,0,0,0,0,0,0,0,0,0,0,0,0,0,,0,0,0,0,0,0,0,0,0,,
18/02/20,23:42:31,Secador 1,47,2002182319,202,0,0,0,0,0,0,0,0,0,0,0,0,0,0,,0,0,0,0,0,0,0,0,0,,
18/02/20,23:43:20,Secador 1,47,2002182319,200,0,0,0,0,0,0,0,0,0,0,0,0,0,0,,0,0,0,0,0,0,0,0,0,,
18/02/20,23:44:11,Secador 1,47,2002182319,198,0,0,0,0,0,0,0,0,0,0,0,0,0,0,,0,0,0,0,0,0,0,0,0,,
18/02/20,23:45:02,Secador 1,47,2002182319,202,0,0,0,0,0,0,0,0,0,0,0,0,0,0,,0,0,0,0,0,0,0,0,0,,
18/02/20,23:45:53,Secador 1,47,2002182319,199,0,0,0,0,0,0,0,0,0,0,0,0,0,0,,0,0,0,0,0,0,0,0,0,,
18/02/20,23:46:45,Secador 1,47,2002182319,200,0,0,0,0,0,0,0,0,0,0,0,0,0,0,,0,0,0,0,0,0,0,0,0,,
18/02/20,23:47:36,Secador 1,47,2002182319,200,0,0,0,0,0,0,0,0,0,0,0,0,0,0,,0,0,0,0,0,0,0,0,0,,
18/02/20,23:48:29,Secador 1,47,2002182319,201,0,0,0,0,0,0,0,0,0,0,0,0,0,0,,0,0,0,0,0,0,0,0,0,,
18/02/20,23:49:21,Secador 1,47,2002182319,198,0,0,0,0,0,0,0,0,0,0,0,0,0,0,,0,0,0,0,0,0,0,0,0,,
18/02/20,23:50:18,Secador 1,47,2002182319,200,0,0,0,0,0,0,0,0,0,0,0,0,0,0,,0,0,0,0,0,0,0,0,0,,
18/02/20,23:51:14,Secador 1,47,2002182319,201,0,0,0,0,0,0,0,0,0,0,0,0,0,0,,0,0,0,0,0,0,0,0,0,,
18/02/20,23:52:08,Secador 1,47,2002182319,200,0,0,0,0,0,0,0,0,0,0,0,0,0,0,,0,0,0,0,0,0,0,0,0,,
18/02/20,23:53:03,Secador 1,47,2002182319,200,0,0,0,0,0,0,0,0,0,0,0,0,0,0,,0,0,0,0,0,0,0,0,0,,
18/02/20,23:53:59,Secador 1,47,2002182319,199,0,0,0,0,0,0,0,0,0,0,0,0,0,0,,0,0,0,0,0,0,0,0,0,,
18/02/20,23:54:53,Secador 1,47,2002182319,200,0,0,0,0,0,0,0,0,0,0,0,0,0,0,,0,0,0,0,0,0,0,0,0,,
18/02/20,23:55:47,Secador 1,47,2002182319,200,0,0,0,0,0,0,0,0,0,0,0,0,0,0,,0,0,0,0,0,0,0,0,0,,
18/02/20,23:56:41,Secador 1,47,2002182319,201,0,0,0,0,0,0,0,0,0,0,0,0,0,0,,0,0,0,0,0,0,0,0,0,,
18/02/20,23:57:34,Secador 1,47,2002182319,200,0,0,0,0,0,0,0,0,0,0,0,0,0,0,,0,0,0,0,0,0,0,0,0,,
18/02/20,23:58:27,Secador 1,47,2002182319,200,0,0,0,0,0,0,0,0,0,0,0,0,0,0,,0,0,0,0,0,0,0,0,0,,
18/02/20,23:59:21,Secador 1,47,2002182319,200,0,0,0,0,0,0,0,0,0,0,0,0,0,0,,0,0,0,0,0,0,0,0,0,,
19/02/20,00:00:14,Secador 1,47,2002182319,200,0,0,0,0,0,0,0,0,0,0,0,0,0,0,,0,0,0,0,0,0,0,0,0,,
19/02/20,00:01:09,Secador 1,47,2002182319,200,0,0,0,0,0,0,0,0,0,0,0,0,0,0,,0,0,0,0,0,0,0,0,0,,
19/02/20,00:02:01,Secador 1,47,2002182319,201,0,0,0,0,0,0,0,0,0,0,0,0,0,0,,0,0,0,0,0,0,0,0,0,,
19/02/20,00:02:43,Secador 1,47,2002182319,201,0,0,0,0,0,0,0,0,0,0,0,0,0,0,,0,0,0,0,0,0,0,0,0,,
19/02/20,00:03:25,Secador 1,47,2002182319,199,0,0,0,0,0,0,0,0,0,0,0,0,0,0,,0,0,0,0,0,0,0,0,0,,
19/02/20,00:04:07,Secador 1,47,2002182319,202,0,0,0,0,0,0,0,0,0,0,0,0,0,0,,0,0,0,0,0,0,0,0,0,,
19/02/20,00:04:48,Secador 1,47,2002182319,199,0,0,0,0,0,0,0,0,0,0,0,0,0,0,,0,0,0,0,0,0,0,0,0,,
19/02/20,00:05:29,Secador 1,47,2002182319,200,0,0,0,0,0,0,0,0,0,0,0,0,0,0,,0,0,0,0,0,0,0,0,0,,
19/02/20,00:06:09,Secador 1,47,2002182319,200,0,0,0,0,0,0,0,0,0,0,0,0,0,0,,0,0,0,0,0,0,0,0,0,,
19/02/20,00:06:51,Secador 1,47,2002182319,201,0,0,0,0,0,0,0,0,0,0,0,0,0,0,,0,0,0,0,0,0,0,0,0,,
19/02/20,00:07:31,Secador 1,47,2002182319,200,0,0,0,0,0,0,0,0,0,0,0,0,0,0,,0,0,0,0,0,0,0,0,0,,
19/02/20,00:08:11,Secador 1,47,2002182319,199,0,0,0,0,0,0,0,0,0,0,0,0,0,0,,0,0,0,0,0,0,0,0,0,,
19/02/20,00:08:54,Secador 1,47,2002182319,199,0,0,0,0,0,0,0,0,0,0,0,0,0,0,,0,0,0,0,0,0,0,0,0,,
19/02/20,00:09:38,Secador 1,47,2002182319,201,0,0,0,0,0,0,0,0,0,0,0,0,0,0,,0,0,0,0,0,0,0,0,0,,
19/02/20,00:10:24,Secador 1,47,2002182319,199,0,0,0,0,0,0,0,0,0,0,0,0,0,0,,0,0,0,0,0,0,0,0,0,,
19/02/20,00:11:09,Secador 1,47,2002182319,200,0,0,0,0,0,0,0,0,0,0,0,0,0,0,,0,0,0,0,0,0,0,0,0,,
19/02/20,00:11:56,Secador 1,47,2002182319,201,0,0,0,0,0,0,0,0,0,0,0,0,0,0,,0,0,0,0,0,0,0,0,0,,
19/02/20,00:12:43,Secador 1,47,2002182319,200,0,0,0,0,0,0,0,0,0,0,0,0,0,0,,0,0,0,0,0,0,0,0,0,,
19/02/20,00:13:32,Secador 1,47,2002182319,198,0,0,0,0,0,0,0,0,0,0,0,0,0,0,,0,0,0,0,0,0,0,0,0,,
19/02/20,00:14:19,Secador 1,47,2002182319,202,0,0,0,0,0,0,0,0,0,0,0,0,0,0,,0,0,0,0,0,0,0,0,0,,
19/02/20,00:15:04,Secador 1,47,2002182319,198,0,0,0,0,0,0,0,0,0,0,0,0,0,0,,0,0,0,0,0,0,0,0,0,,
19/02/20,00:15:52,Secador 1,47,2002182319,203,0,0,0,0,0,0,0,0,0,0,0,0,0,0,,0,0,0,0,0,0,0,0,0,,
19/02/20,00:16:36,Secador 1,47,2002182319,199,0,0,0,0,0,0,0,0,0,0,0,0,0,0,,0,0,0,0,0,0,0,0,0,,
19/02/20,00:17:23,Secador 1,47,2002182319,199,0,0,0,0,0,0,0,0,0,0,0,0,0,0,,0,0,0,0,0,0,0,0,0,,
19/02/20,00:18:18,Secador 1,47,2002182319,199,0,0,0,0,0,0,0,0,0,0,0,0,0,0,,0,0,0,0,0,0,0,0,0,,
19/02/20,00:19:10,Secador 1,47,2002182319,200,0,0,0,0,0,0,0,0,0,0,0,0,0,0,,0,0,0,0,0,0,0,0,0,,
19/02/20,00:20:09,Secador 1,47,2002182319,199,0,0,0,0,0,0,0,0,0,0,0,0,0,0,,0,0,0,0,0,0,0,0,0,,
19/02/20,00:26:55,Secador 1,47,2002182319,77,0,0,0,0,0,0,0,0,0,0,0,0,0,0,,0,0,0,0,0,0,0,0,0,,
19/02/20,00:36:37,Secador 2,41,2002190030,201,0,0,0,0,0,0,0,0,0,0,0,0,0,0,,0,0,0,0,0,0,0,0,0,,
19/02/20,00:38:37,Secador 2,41,2002190030,201,0,0,0,0,0,0,0,0,0,0,0,0,0,0,,0,0,0,0,0,0,0,0,0,,
19/02/20,00:40:28,Secador 2,41,2002190030,198,0,0,0,0,0,0,0,0,0,0,0,0,0,0,,0,0,0,0,0,0,0,0,0,,
19/02/20,00:42:10,Secador 2,41,2002190030,200,0,0,0,0,0,0,0,0,0,0,0,0,0,0,,0,0,0,0,0,0,0,0,0,,
19/02/20,00:43:24,Secador 2,41,2002190030,199,0,0,0,0,0,0,0,0,0,0,0,0,0,0,,0,0,0,0,0,0,0,0,0,,
19/02/20,00:44:37,Secador 2,41,2002190030,200,0,0,0,0,0,0,0,0,0,0,0,0,0,0,,0,0,0,0,0,0,0,0,0,,
19/02/20,00:46:16,Secador 2,41,2002190030,200,0,0,0,0,0,0,0,0,0,0,0,0,0,0,,0,0,0,0,0,0,0,0,0,,
19/02/20,00:48:38,Secador 2,41,2002190030,201,0,0,0,0,0,0,0,0,0,0,0,0,0,0,,0,0,0,0,0,0,0,0,0,,
19/02/20,00:49:44,Secador 2,41,2002190030,199,0,0,0,0,0,0,0,0,0,0,0,0,0,0,,0,0,0,0,0,0,0,0,0,,
19/02/20,00:51:27,Secador 2,41,2002190030,201,0,0,0,0,0,0,0,0,0,0,0,0,0,0,,0,0,0,0,0,0,0,0,0,,
19/02/20,00:52:55,Secador 2,41,2002190030,199,0,0,0,0,0,0,0,0,0,0,0,0,0,0,,0,0,0,0,0,0,0,0,0,,
19/02/20,00:53:57,Secador 2,41,2002190030,200,0,0,0,0,0,0,0,0,0,0,0,0,0,0,,0,0,0,0,0,0,0,0,0,,
19/02/20,00:55:08,Secador 2,41,2002190030,200,0,0,0,0,0,0,0,0,0,0,0,0,0,0,,0,0,0,0,0,0,0,0,0,,
19/02/20,00:56:46,Secador 2,41,2002190030,201,0,0,0,0,0,0,0,0,0,0,0,0,0,0,,0,0,0,0,0,0,0,0,0,,
19/02/20,00:58:44,Secador 2,41,2002190030,199,0,0,0,0,0,0,0,0,0,0,0,0,0,0,,0,0,0,0,0,0,0,0,0,,
19/02/20,01:00:13,Secador 2,41,2002190030,200,0,0,0,0,0,0,0,0,0,0,0,0,0,0,,0,0,0,0,0,0,0,0,0,,
19/02/20,01:01:54,Secador 2,41,2002190030,200,0,0,0,0,0,0,0,0,0,0,0,0,0,0,,0,0,0,0,0,0,0,0,0,,
19/02/20,01:03:33,Secador 2,41,2002190030,201,0,0,0,0,0,0,0,0,0,0,0,0,0,0,,0,0,0,0,0,0,0,0,0,,
19/02/20,01:04:34,Secador 2,41,2002190030,202,0,0,0,0,0,0,0,0,0,0,0,0,0,0,,0,0,0,0,0,0,0,0,0,,
19/02/20,01:05:22,Secador 2,41,2002190030,200,0,0,0,0,0,0,0,0,0,0,0,0,0,0,,0,0,0,0,0,0,0,0,0,,
19/02/20,01:06:18,Secador 2,41,2002190030,198,0,0,0,0,0,0,0,0,0,0,0,0,0,0,,0,0,0,0,0,0,0,0,0,,
19/02/20,01:07:22,Secador 2,41,2002190030,199,0,0,0,0,0,0,0,0,0,0,0,0,0,0,,0,0,0,0,0,0,0,0,0,,
19/02/20,01:08:27,Secador 2,41,2002190030,200,0,0,0,0,0,0,0,0,0,0,0,0,0,0,,0,0,0,0,0,0,0,0,0,,
19/02/20,01:09:38,Secador 2,41,2002190030,200,0,0,0,0,0,0,0,0,0,0,0,0,0,0,,0,0,0,0,0,0,0,0,0,,
19/02/20,01:10:46,Secador 2,41,2002190030,200,0,0,0,0,0,0,0,0,0,0,0,0,0,0,,0,0,0,0,0,0,0,0,0,,
19/02/20,01:11:51,Secador 2,41,2002190030,201,0,0,0,0,0,0,0,0,0,0,0,0,0,0,,0,0,0,0,0,0,0,0,0,,
19/02/20,01:12:46,Secador 2,41,2002190030,202,0,0,0,0,0,0,0,0,0,0,0,0,0,0,,0,0,0,0,0,0,0,0,0,,
19/02/20,01:13:33,Secador 2,41,2002190030,200,0,0,0,0,0,0,0,0,0,0,0,0,0,0,,0,0,0,0,0,0,0,0,0,,
19/02/20,01:14:20,Secador 2,41,2002190030,201,0,0,0,0,0,0,0,0,0,0,0,0,0,0,,0,0,0,0,0,0,0,0,0,,
19/02/20,01:15:08,Secador 2,41,2002190030,200,0,0,0,0,0,0,0,0,0,0,0,0,0,0,,0,0,0,0,0,0,0,0,0,,
19/02/20,01:15:55,Secador 2,41,2002190030,197,0,0,0,0,0,0,0,0,0,0,0,0,0,0,,0,0,0,0,0,0,0,0,0,,
19/02/20,01:16:51,Secador 2,41,2002190030,200,0,0,0,0,0,0,0,0,0,0,0,0,0,0,,0,0,0,0,0,0,0,0,0,,
19/02/20,01:18:17,Secador 2,41,2002190030,200,0,0,0,0,0,0,0,0,0,0,0,0,0,0,,0,0,0,0,0,0,0,0,0,,
19/02/20,01:19:48,Secador 2,41,2002190030,199,0,0,0,0,0,0,0,0,0,0,0,0,0,0,,0,0,0,0,0,0,0,0,0,,
19/02/20,01:20:50,Secador 2,41,2002190030,204,0,0,0,0,0,0,0,0,0,0,0,0,0,0,,0,0,0,0,0,0,0,0,0,,
19/02/20,01:21:38,Secador 2,41,2002190030,197,0,0,0,0,0,0,0,0,0,0,0,0,0,0,,0,0,0,0,0,0,0,0,0,,
19/02/20,01:22:43,Secador 2,41,2002190030,199,0,0,0,0,0,0,0,0,0,0,0,0,0,0,,0,0,0,0,0,0,0,0,0,,
19/02/20,01:23:47,Secador 2,41,2002190030,200,0,0,0,0,0,0,0,0,0,0,0,0,0,0,,0,0,0,0,0,0,0,0,0,,
19/02/20,01:25:43,Secador 2,41,2002190030,200,0,0,0,0,0,0,0,0,0,0,0,0,0,0,,0,0,0,0,0,0,0,0,0,,
19/02/20,01:27:34,Secador 2,41,2002190030,200,0,0,0,0,0,0,0,0,0,0,0,0,0,0,,0,0,0,0,0,0,0,0,0,,
19/02/20,01:30:12,Secador 2,41,2002190030,204,0,0,0,0,0,0,0,0,0,0,0,0,0,0,,0,0,0,0,0,0,0,0,0,,
19/02/20,01:32:01,Secador 2,41,2002190030,197,0,0,0,0,0,0,0,0,0,0,0,0,0,0,,0,0,0,0,0,0,0,0,0,,
19/02/20,01:39:43,Secador 2,41,2002190030,202,0,0,0,0,0,0,0,0,0,0,0,0,0,0,,0,0,0,0,0,0,0,0,0,,
19/02/20,01:41:39,Secador 2,41,2002190030,197,0,0,0,0,0,0,0,0,0,0,0,0,0,0,,0,0,0,0,0,0,0,0,0,,
19/02/20,01:42:58,Secador 2,41,2002190030,201,0,0,0,0,0,0,0,0,0,0,0,0,0,0,,0,0,0,0,0,0,0,0,0,,
19/02/20,01:45:45,Secador 2,41,2002190030,200,0,0,0,0,0,0,0,0,0,0,0,0,0,0,,0,0,0,0,0,0,0,0,0,,
19/02/20,01:47:14,Secador 2,41,2002190030,199,0,0,0,0,0,0,0,0,0,0,0,0,0,0,,0,0,0,0,0,0,0,0,0,,
19/02/20,01:48:32,Secador 2,41,2002190030,203,0,0,0,0,0,0,0,0,0,0,0,0,0,0,,0,0,0,0,0,0,0,0,0,,
19/02/20,01:50:09,Secador 2,41,2002190030,198,0,0,0,0,0,0,0,0,0,0,0,0,0,0,,0,0,0,0,0,0,0,0,0,,
19/02/20,01:51:24,Secador 2,41,2002190030,201,0,0,0,0,0,0,0,0,0,0,0,0,0,0,,0,0,0,0,0,0,0,0,0,,
19/02/20,01:52:43,Secador 2,41,2002190030,200,0,0,0,0,0,0,0,0,0,0,0,0,0,0,,0,0,0,0,0,0,0,0,0,,
19/02/20,01:59:20,Secador 2,41,2002190030,193,0,0,0,0,0,0,0,0,0,0,0,0,0,0,,0,0,0,0,0,0,0,0,0,,
19/02/20,02:08:37,Secador 3,42,2002190204,200,0,0,0,0,0,0,0,0,0,0,0,0,0,0,,0,0,0,0,0,0,0,0,0,,
19/02/20,02:10:01,Secador 3,42,2002190204,199,0,0,0,0,0,0,0,0,0,0,0,0,0,0,,0,0,0,0,0,0,0,0,0,,
19/02/20,02:11:07,Secador 3,42,2002190204,199,0,0,0,0,0,0,0,0,0,0,0,0,0,0,,0,0,0,0,0,0,0,0,0,,
19/02/20,02:12:16,Secador 3,42,2002190204,200,0,0,0,0,0,0,0,0,0,0,0,0,0,0,,0,0,0,0,0,0,0,0,0,,
19/02/20,02:13:13,Secador 3,42,2002190204,202,0,0,0,0,0,0,0,0,0,0,0,0,0,0,,0,0,0,0,0,0,0,0,0,,
19/02/20,02:14:10,Secador 3,42,2002190204,199,0,0,0,0,0,0,0,0,0,0,0,0,0,0,,0,0,0,0,0,0,0,0,0,,
19/02/20,02:15:09,Secador 3,42,2002190204,200,0,0,0,0,0,0,0,0,0,0,0,0,0,0,,0,0,0,0,0,0,0,0,0,,
19/02/20,02:16:03,Secador 3,42,2002190204,200,0,0,0,0,0,0,0,0,0,0,0,0,0,0,,0,0,0,0,0,0,0,0,0,,
19/02/20,02:17:01,Secador 3,42,2002190204,199,0,0,0,0,0,0,0,0,0,0,0,0,0,0,,0,0,0,0,0,0,0,0,0,,
19/02/20,02:18:18,Secador 3,42,2002190204,201,0,0,0,0,0,0,0,0,0,0,0,0,0,0,,0,0,0,0,0,0,0,0,0,,
19/02/20,02:19:35,Secador 3,42,2002190204,199,0,0,0,0,0,0,0,0,0,0,0,0,0,0,,0,0,0,0,0,0,0,0,0,,
19/02/20,02:21:25,Secador 3,42,2002190204,200,0,0,0,0,0,0,0,0,0,0,0,0,0,0,,0,0,0,0,0,0,0,0,0,,
19/02/20,02:23:04,Secador 3,42,2002190204,202,0,0,0,0,0,0,0,0,0,0,0,0,0,0,,0,0,0,0,0,0,0,0,0,,
19/02/20,02:23:54,Secador 3,42,2002190204,201,0,0,0,0,0,0,0,0,0,0,0,0,0,0,,0,0,0,0,0,0,0,0,0,,
19/02/20,02:24:45,Secador 3,42,2002190204,198,0,0,0,0,0,0,0,0,0,0,0,0,0,0,,0,0,0,0,0,0,0,0,0,,
19/02/20,02:25:42,Secador 3,42,2002190204,201,0,0,0,0,0,0,0,0,0,0,0,0,0,0,,0,0,0,0,0,0,0,0,0,,
19/02/20,02:26:33,Secador 3,42,2002190204,199,0,0,0,0,0,0,0,0,0,0,0,0,0,0,,0,0,0,0,0,0,0,0,0,,
19/02/20,02:27:28,Secador 3,42,2002190204,201,0,0,0,0,0,0,0,0,0,0,0,0,0,0,,0,0,0,0,0,0,0,0,0,,
19/02/20,02:28:31,Secador 3,42,2002190204,199,0,0,0,0,0,0,0,0,0,0,0,0,0,0,,0,0,0,0,0,0,0,0,0,,
19/02/20,02:29:47,Secador 3,42,2002190204,200,0,0,0,0,0,0,0,0,0,0,0,0,0,0,,0,0,0,0,0,0,0,0,0,,
19/02/20,02:30:53,Secador 3,42,2002190204,200,0,0,0,0,0,0,0,0,0,0,0,0,0,0,,0,0,0,0,0,0,0,0,0,,
19/02/20,02:32:07,Secador 3,42,2002190204,199,0,0,0,0,0,0,0,0,0,0,0,0,0,0,,0,0,0,0,0,0,0,0,0,,
19/02/20,02:33:20,Secador 3,42,2002190204,200,0,0,0,0,0,0,0,0,0,0,0,0,0,0,,0,0,0,0,0,0,0,0,0,,
19/02/20,02:34:45,Secador 3,42,2002190204,199,0,0,0,0,0,0,0,0,0,0,0,0,0,0,,0,0,0,0,0,0,0,0,0,,
19/02/20,02:36:03,Secador 3,42,2002190204,202,0,0,0,0,0,0,0,0,0,0,0,0,0,0,,0,0,0,0,0,0,0,0,0,,
19/02/20,02:37:15,Secador 3,42,2002190204,199,0,0,0,0,0,0,0,0,0,0,0,0,0,0,,0,0,0,0,0,0,0,0,0,,
19/02/20,02:38:52,Secador 3,42,2002190204,200,0,0,0,0,0,0,0,0,0,0,0,0,0,0,,0,0,0,0,0,0,0,0,0,,
19/02/20,02:41:39,Secador 3,42,2002190204,199,0,0,0,0,0,0,0,0,0,0,0,0,0,0,,0,0,0,0,0,0,0,0,0,,
19/02/20,02:44:47,Secador 3,42,2002190204,201,0,0,0,0,0,0,0,0,0,0,0,0,0,0,,0,0,0,0,0,0,0,0,0,,
19/02/20,02:46:20,Secador 3,42,2002190204,200,0,0,0,0,0,0,0,0,0,0,0,0,0,0,,0,0,0,0,0,0,0,0,0,,
19/02/20,02:48:24,Secador 3,42,2002190204,200,0,0,0,0,0,0,0,0,0,0,0,0,0,0,,0,0,0,0,0,0,0,0,0,,
19/02/20,02:50:00,Secador 3,42,2002190204,199,0,0,0,0,0,0,0,0,0,0,0,0,0,0,,0,0,0,0,0,0,0,0,0,,
19/02/20,02:52:03,Secador 3,42,2002190204,204,0,0,0,0,0,0,0,0,0,0,0,0,0,0,,0,0,0,0,0,0,0,0,0,,
19/02/20,02:52:46,Secador 3,42,2002190204,201,0,0,0,0,0,0,0,0,0,0,0,0,0,0,,0,0,0,0,0,0,0,0,0,,
19/02/20,02:53:35,Secador 3,42,2002190204,195,0,0,0,0,0,0,0,0,0,0,0,0,0,0,,0,0,0,0,0,0,0,0,0,,
19/02/20,02:57:20,Secador 3,42,2002190204,200,0,0,0,0,0,0,0,0,0,0,0,0,0,0,,0,0,0,0,0,0,0,0,0,,
19/02/20,02:58:27,Secador 3,42,2002190204,202,0,0,0,0,0,0,0,0,0,0,0,0,0,0,,0,0,0,0,0,0,0,0,0,,
19/02/20,02:59:18,Secador 3,42,2002190204,202,0,0,0,0,0,0,0,0,0,0,0,0,0,0,,0,0,0,0,0,0,0,0,0,,
19/02/20,03:00:10,Secador 3,42,2002190204,198,0,0,0,0,0,0,0,0,0,0,0,0,0,0,,0,0,0,0,0,0,0,0,0,,
19/02/20,03:01:22,Secador 3,42,2002190204,199,0,0,0,0,0,0,0,0,0,0,0,0,0,0,,0,0,0,0,0,0,0,0,0,,
19/02/20,03:02:41,Secador 3,42,2002190204,201,0,0,0,0,0,0,0,0,0,0,0,0,0,0,,0,0,0,0,0,0,0,0,0,,
19/02/20,03:05:15,Secador 3,42,2002190204,201,0,0,0,0,0,0,0,0,0,0,0,0,0,0,,0,0,0,0,0,0,0,0,0,,
19/02/20,03:06:23,Secador 3,42,2002190204,198,0,0,0,0,0,0,0,0,0,0,0,0,0,0,,0,0,0,0,0,0,0,0,0,,
19/02/20,03:08:01,Secador 3,42,2002190204,201,0,0,0,0,0,0,0,0,0,0,0,0,0,0,,0,0,0,0,0,0,0,0,0,,
19/02/20,03:09:58,Secador 3,42,2002190204,200,0,0,0,0,0,0,0,0,0,0,0,0,0,0,,0,0,0,0,0,0,0,0,0,,
19/02/20,03:11:51,Secador 3,42,2002190204,199,0,0,0,0,0,0,0,0,0,0,0,0,0,0,,0,0,0,0,0,0,0,0,0,,
19/02/20,03:13:14,Secador 3,42,2002190204,201,0,0,0,0,0,0,0,0,0,0,0,0,0,0,,0,0,0,0,0,0,0,0,0,,
19/02/20,03:16:52,Secador 3,42,2002190204,201,0,0,0,0,0,0,0,0,0,0,0,0,0,0,,0,0,0,0,0,0,0,0,0,,
19/02/20,03:18:27,Secador 3,42,2002190204,199,0,0,0,0,0,0,0,0,0,0,0,0,0,0,,0,0,0,0,0,0,0,0,0,,
19/02/20,03:20:52,Secador 3,42,2002190204,200,0,0,0,0,0,0,0,0,0,0,0,0,0,0,,0,0,0,0,0,0,0,0,0,,
19/02/20,03:21:56,Secador 3,42,2002190204,201,0,0,0,0,0,0,0,0,0,0,0,0,0,0,,0,0,0,0,0,0,0,0,0,,
19/02/20,03:22:52,Secador 3,42,2002190204,200,0,0,0,0,0,0,0,0,0,0,0,0,0,0,,0,0,0,0,0,0,0,0,0,,
19/02/20,03:24:08,Secador 3,42,2002190204,199,0,0,0,0,0,0,0,0,0,0,0,0,0,0,,0,0,0,0,0,0,0,0,0,,
19/02/20,03:25:51,Secador 3,42,2002190204,201,0,0,0,0,0,0,0,0,0,0,0,0,0,0,,0,0,0,0,0,0,0,0,0,,
19/02/20,03:26:41,Secador 3,42,2002190204,200,0,0,0,0,0,0,0,0,0,0,0,0,0,0,,0,0,0,0,0,0,0,0,0,,
19/02/20,03:27:21,Secador 3,42,2002190204,204,0,0,0,0,0,0,0,0,0,0,0,0,0,0,,0,0,0,0,0,0,0,0,0,,
19/02/20,03:27:58,Secador 3,42,2002190204,198,0,0,0,0,0,0,0,0,0,0,0,0,0,0,,0,0,0,0,0,0,0,0,0,,
19/02/20,03:28:42,Secador 3,42,2002190204,199,0,0,0,0,0,0,0,0,0,0,0,0,0,0,,0,0,0,0,0,0,0,0,0,,
19/02/20,03:29:23,Secador 3,42,2002190204,202,0,0,0,0,0,0,0,0,0,0,0,0,0,0,,0,0,0,0,0,0,0,0,0,,
19/02/20,03:30:01,Secador 3,42,2002190204,199,0,0,0,0,0,0,0,0,0,0,0,0,0,0,,0,0,0,0,0,0,0,0,0,,
19/02/20,03:30:47,Secador 3,42,2002190204,200,0,0,0,0,0,0,0,0,0,0,0,0,0,0,,0,0,0,0,0,0,0,0,0,,
19/02/20,03:31:33,Secador 3,42,2002190204,198,0,0,0,0,0,0,0,0,0,0,0,0,0,0,,0,0,0,0,0,0,0,0,0,,
19/02/20,03:36:09,Secador 3,42,2002190204,196,0,0,0,0,0,0,0,0,0,0,0,0,0,0,,0,0,0,0,0,0,0,0,0,,
19/02/20,03:38:48,Secador 3,42,2002190204,6,0,0,0,0,0,0,0,0,0,0,0,0,0,0,,0,0,0,0,0,0,0,0,0,,
19/02/20,03:59:43,Secador 4,51,2002190354,206,0,0,0,0,0,0,0,0,0,0,0,0,0,0,,0,0,0,0,0,0,0,0,0,,
19/02/20,04:00:49,Secador 4,51,2002190354,199,0,0,0,0,0,0,0,0,0,0,0,0,0,0,,0,0,0,0,0,0,0,0,0,,
19/02/20,04:02:24,Secador 4,51,2002190354,198,0,0,0,0,0,0,0,0,0,0,0,0,0,0,,0,0,0,0,0,0,0,0,0,,
19/02/20,04:03:36,Secador 4,51,2002190354,199,0,0,0,0,0,0,0,0,0,0,0,0,0,0,,0,0,0,0,0,0,0,0,0,,
19/02/20,04:04:43,Secador 4,51,2002190354,200,0,0,0,0,0,0,0,0,0,0,0,0,0,0,,0,0,0,0,0,0,0,0,0,,
19/02/20,04:05:53,Secador 4,51,2002190354,201,0,0,0,0,0,0,0,0,0,0,0,0,0,0,,0,0,0,0,0,0,0,0,0,,
19/02/20,04:07:01,Secador 4,51,2002190354,199,0,0,0,0,0,0,0,0,0,0,0,0,0,0,,0,0,0,0,0,0,0,0,0,,
19/02/20,04:08:13,Secador 4,51,2002190354,200,0,0,0,0,0,0,0,0,0,0,0,0,0,0,,0,0,0,0,0,0,0,0,0,,
19/02/20,04:09:22,Secador 4,51,2002190354,200,0,0,0,0,0,0,0,0,0,0,0,0,0,0,,0,0,0,0,0,0,0,0,0,,
19/02/20,04:10:28,Secador 4,51,2002190354,201,0,0,0,0,0,0,0,0,0,0,0,0,0,0,,0,0,0,0,0,0,0,0,0,,
19/02/20,04:11:34,Secador 4,51,2002190354,199,0,0,0,0,0,0,0,0,0,0,0,0,0,0,,0,0,0,0,0,0,0,0,0,,
19/02/20,04:12:41,Secador 4,51,2002190354,200,0,0,0,0,0,0,0,0,0,0,0,0,0,0,,0,0,0,0,0,0,0,0,0,,
19/02/20,04:13:46,Secador 4,51,2002190354,201,0,0,0,0,0,0,0,0,0,0,0,0,0,0,,0,0,0,0,0,0,0,0,0,,
19/02/20,04:14:52,Secador 4,51,2002190354,199,0,0,0,0,0,0,0,0,0,0,0,0,0,0,,0,0,0,0,0,0,0,0,0,,
19/02/20,04:16:00,Secador 4,51,2002190354,200,0,0,0,0,0,0,0,0,0,0,0,0,0,0,,0,0,0,0,0,0,0,0,0,,
19/02/20,04:17:09,Secador 4,51,2002190354,200,0,0,0,0,0,0,0,0,0,0,0,0,0,0,,0,0,0,0,0,0,0,0,0,,
19/02/20,04:18:24,Secador 4,51,2002190354,201,0,0,0,0,0,0,0,0,0,0,0,0,0,0,,0,0,0,0,0,0,0,0,0,,
19/02/20,04:19:25,Secador 4,51,2002190354,199,0,0,0,0,0,0,0,0,0,0,0,0,0,0,,0,0,0,0,0,0,0,0,0,,
19/02/20,04:20:10,Secador 4,51,2002190354,206,0,0,0,0,0,0,0,0,0,0,0,0,0,0,,0,0,0,0,0,0,0,0,0,,
19/02/20,04:20:48,Secador 4,51,2002190354,200,0,0,0,0,0,0,0,0,0,0,0,0,0,0,,0,0,0,0,0,0,0,0,0,,
19/02/20,04:21:24,Secador 4,51,2002190354,198,0,0,0,0,0,0,0,0,0,0,0,0,0,0,,0,0,0,0,0,0,0,0,0,,
19/02/20,04:22:08,Secador 4,51,2002190354,200,0,0,0,0,0,0,0,0,0,0,0,0,0,0,,0,0,0,0,0,0,0,0,0,,
19/02/20,04:22:51,Secador 4,51,2002190354,200,0,0,0,0,0,0,0,0,0,0,0,0,0,0,,0,0,0,0,0,0,0,0,0,,
19/02/20,04:23:28,Secador 4,51,2002190354,201,0,0,0,0,0,0,0,0,0,0,0,0,0,0,,0,0,0,0,0,0,0,0,0,,
19/02/20,04:24:06,Secador 4,51,2002190354,199,0,0,0,0,0,0,0,0,0,0,0,0,0,0,,0,0,0,0,0,0,0,0,0,,
19/02/20,04:24:44,Secador 4,51,2002190354,200,0,0,0,0,0,0,0,0,0,0,0,0,0,0,,0,0,0,0,0,0,0,0,0,,
19/02/20,04:25:24,Secador 4,51,2002190354,200,0,0,0,0,0,0,0,0,0,0,0,0,0,0,,0,0,0,0,0,0,0,0,0,,
19/02/20,04:26:04,Secador 4,51,2002190354,200,0,0,0,0,0,0,0,0,0,0,0,0,0,0,,0,0,0,0,0,0,0,0,0,,
19/02/20,04:26:44,Secador 4,51,2002190354,199,0,0,0,0,0,0,0,0,0,0,0,0,0,0,,0,0,0,0,0,0,0,0,0,,
19/02/20,04:27:27,Secador 4,51,2002190354,200,0,0,0,0,0,0,0,0,0,0,0,0,0,0,,0,0,0,0,0,0,0,0,0,,
19/02/20,04:28:10,Secador 4,51,2002190354,200,0,0,0,0,0,0,0,0,0,0,0,0,0,0,,0,0,0,0,0,0,0,0,0,,
19/02/20,04:28:54,Secador 4,51,2002190354,200,0,0,0,0,0,0,0,0,0,0,0,0,0,0,,0,0,0,0,0,0,0,0,0,,
19/02/20,04:29:35,Secador 4,51,2002190354,201,0,0,0,0,0,0,0,0,0,0,0,0,0,0,,0,0,0,0,0,0,0,0,0,,
19/02/20,04:30:17,Secador 4,51,2002190354,199,0,0,0,0,0,0,0,0,0,0,0,0,0,0,,0,0,0,0,0,0,0,0,0,,
19/02/20,04:31:02,Secador 4,51,2002190354,200,0,0,0,0,0,0,0,0,0,0,0,0,0,0,,0,0,0,0,0,0,0,0,0,,
19/02/20,04:31:48,Secador 4,51,2002190354,200,0,0,0,0,0,0,0,0,0,0,0,0,0,0,,0,0,0,0,0,0,0,0,0,,
19/02/20,04:32:32,Secador 4,51,2002190354,200,0,0,0,0,0,0,0,0,0,0,0,0,0,0,,0,0,0,0,0,0,0,0,0,,
19/02/20,04:33:16,Secador 4,51,2002190354,201,0,0,0,0,0,0,0,0,0,0,0,0,0,0,,0,0,0,0,0,0,0,0,0,,
19/02/20,04:33:59,Secador 4,51,2002190354,200,0,0,0,0,0,0,0,0,0,0,0,0,0,0,,0,0,0,0,0,0,0,0,0,,
19/02/20,04:34:44,Secador 4,51,2002190354,198,0,0,0,0,0,0,0,0,0,0,0,0,0,0,,0,0,0,0,0,0,0,0,0,,
19/02/20,04:35:26,Secador 4,51,2002190354,203,0,0,0,0,0,0,0,0,0,0,0,0,0,0,,0,0,0,0,0,0,0,0,0,,
19/02/20,04:36:07,Secador 4,51,2002190354,199,0,0,0,0,0,0,0,0,0,0,0,0,0,0,,0,0,0,0,0,0,0,0,0,,
19/02/20,04:36:49,Secador 4,51,2002190354,199,0,0,0,0,0,0,0,0,0,0,0,0,0,0,,0,0,0,0,0,0,0,0,0,,
19/02/20,04:37:33,Secador 4,51,2002190354,200,0,0,0,0,0,0,0,0,0,0,0,0,0,0,,0,0,0,0,0,0,0,0,0,,
19/02/20,04:38:21,Secador 4,51,2002190354,198,0,0,0,0,0,0,0,0,0,0,0,0,0,0,,0,0,0,0,0,0,0,0,0,,
19/02/20,04:39:07,Secador 4,51,2002190354,203,0,0,0,0,0,0,0,0,0,0,0,0,0,0,,0,0,0,0,0,0,0,0,0,,
19/02/20,04:39:55,Secador 4,51,2002190354,196,0,0,0,0,0,0,0,0,0,0,0,0,0,0,,0,0,0,0,0,0,0,0,0,,
19/02/20,04:40:52,Secador 4,51,2002190354,205,0,0,0,0,0,0,0,0,0,0,0,0,0,0,,0,0,0,0,0,0,0,0,0,,
19/02/20,04:41:54,Secador 4,51,2002190354,198,0,0,0,0,0,0,0,0,0,0,0,0,0,0,,0,0,0,0,0,0,0,0,0,,
19/02/20,04:42:49,Secador 4,51,2002190354,200,0,0,0,0,0,0,0,0,0,0,0,0,0,0,,0,0,0,0,0,0,0,0,0,,
19/02/20,04:44:01,Secador 4,51,2002190354,198,0,0,0,0,0,0,0,0,0,0,0,0,0,0,,0,0,0,0,0,0,0,0,0,,
19/02/20,04:45:23,Secador 4,51,2002190354,201,0,0,0,0,0,0,0,0,0,0,0,0,0,0,,0,0,0,0,0,0,0,0,0,,
19/02/20,04:46:38,Secador 4,51,2002190354,200,0,0,0,0,0,0,0,0,0,0,0,0,0,0,,0,0,0,0,0,0,0,0,0,,
19/02/20,04:47:46,Secador 4,51,2002190354,198,0,0,0,0,0,0,0,0,0,0,0,0,0,0,,0,0,0,0,0,0,0,0,0,,
19/02/20,04:49:06,Secador 4,51,2002190354,202,0,0,0,0,0,0,0,0,0,0,0,0,0,0,,0,0,0,0,0,0,0,0,0,,
19/02/20,04:50:39,Secador 4,51,2002190354,204,0,0,0,0,0,0,0,0,0,0,0,0,0,0,,0,0,0,0,0,0,0,0,0,,
19/02/20,04:51:10,Secador 4,51,2002190354,201,0,0,0,0,0,0,0,0,0,0,0,0,0,0,,0,0,0,0,0,0,0,0,0,,
19/02/20,04:51:40,Secador 4,51,2002190354,199,0,0,0,0,0,0,0,0,0,0,0,0,0,0,,0,0,0,0,0,0,0,0,0,,
19/02/20,04:52:16,Secador 4,51,2002190354,199,0,0,0,0,0,0,0,0,0,0,0,0,0,0,,0,0,0,0,0,0,0,0,0,,
19/02/20,04:52:56,Secador 4,51,2002190354,199,0,0,0,0,0,0,0,0,0,0,0,0,0,0,,0,0,0,0,0,0,0,0,0,,
19/02/20,04:53:37,Secador 4,51,2002190354,201,0,0,0,0,0,0,0,0,0,0,0,0,0,0,,0,0,0,0,0,0,0,0,0,,
19/02/20,04:54:14,Secador 4,51,2002190354,194,0,0,0,0,0,0,0,0,0,0,0,0,0,0,,0,0,0,0,0,0,0,0,0,,
19/02/20,05:24:05,Secador 4,51,2002190354,26,0,0,0,0,0,0,0,0,0,0,0,0,0,0,,0,0,0,0,0,0,0,0,0,,
19/02/20,05:35:01,Secador 7,43,2002190531,207,0,0,0,0,0,0,0,0,0,0,0,0,0,0,,0,0,0,0,0,0,0,0,0,,
19/02/20,05:36:00,Secador 7,43,2002190531,197,0,0,0,0,0,0,0,0,0,0,0,0,0,0,,0,0,0,0,0,0,0,0,0,,
19/02/20,05:36:50,Secador 7,43,2002190531,200,0,0,0,0,0,0,0,0,0,0,0,0,0,0,,0,0,0,0,0,0,0,0,0,,
19/02/20,05:37:29,Secador 7,43,2002190531,201,0,0,0,0,0,0,0,0,0,0,0,0,0,0,,0,0,0,0,0,0,0,0,0,,
19/02/20,05:38:10,Secador 7,43,2002190531,200,0,0,0,0,0,0,0,0,0,0,0,0,0,0,,0,0,0,0,0,0,0,0,0,,
19/02/20,05:38:53,Secador 7,43,2002190531,200,0,0,0,0,0,0,0,0,0,0,0,0,0,0,,0,0,0,0,0,0,0,0,0,,
19/02/20,05:39:34,Secador 7,43,2002190531,200,0,0,0,0,0,0,0,0,0,0,0,0,0,0,,0,0,0,0,0,0,0,0,0,,
19/02/20,05:40:15,Secador 7,43,2002190531,200,0,0,0,0,0,0,0,0,0,0,0,0,0,0,,0,0,0,0,0,0,0,0,0,,
19/02/20,05:40:57,Secador 7,43,2002190531,199,0,0,0,0,0,0,0,0,0,0,0,0,0,0,,0,0,0,0,0,0,0,0,0,,
19/02/20,05:41:39,Secador 7,43,2002190531,201,0,0,0,0,0,0,0,0,0,0,0,0,0,0,,0,0,0,0,0,0,0,0,0,,
19/02/20,05:42:19,Secador 7,43,2002190531,200,0,0,0,0,0,0,0,0,0,0,0,0,0,0,,0,0,0,0,0,0,0,0,0,,
19/02/20,05:44:13,Secador 7,43,2002190531,198,0,0,0,0,0,0,0,0,0,0,0,0,0,0,,0,0,0,0,0,0,0,0,0,,
19/02/20,05:45:24,Secador 7,43,2002190531,199,0,0,0,0,0,0,0,0,0,0,0,0,0,0,,0,0,0,0,0,0,0,0,0,,
19/02/20,05:46:34,Secador 7,43,2002190531,198,0,0,0,0,0,0,0,0,0,0,0,0,0,0,,0,0,0,0,0,0,0,0,0,,
19/02/20,05:47:48,Secador 7,43,2002190531,201,0,0,0,0,0,0,0,0,0,0,0,0,0,0,,0,0,0,0,0,0,0,0,0,,
19/02/20,05:48:59,Secador 7,43,2002190531,200,0,0,0,0,0,0,0,0,0,0,0,0,0,0,,0,0,0,0,0,0,0,0,0,,
19/02/20,05:50:18,Secador 7,43,2002190531,201,0,0,0,0,0,0,0,0,0,0,0,0,0,0,,0,0,0,0,0,0,0,0,0,,
19/02/20,05:51:43,Secador 7,43,2002190531,199,0,0,0,0,0,0,0,0,0,0,0,0,0,0,,0,0,0,0,0,0,0,0,0,,
19/02/20,05:52:58,Secador 7,43,2002190531,202,0,0,0,0,0,0,0,0,0,0,0,0,0,0,,0,0,0,0,0,0,0,0,0,,
19/02/20,05:54:13,Secador 7,43,2002190531,199,0,0,0,0,0,0,0,0,0,0,0,0,0,0,,0,0,0,0,0,0,0,0,0,,
19/02/20,05:55:30,Secador 7,43,2002190531,199,0,0,0,0,0,0,0,0,0,0,0,0,0,0,,0,0,0,0,0,0,0,0,0,,
19/02/20,05:56:59,Secador 7,43,2002190531,202,0,0,0,0,0,0,0,0,0,0,0,0,0,0,,0,0,0,0,0,0,0,0,0,,
19/02/20,05:58:17,Secador 7,43,2002190531,200,0,0,0,0,0,0,0,0,0,0,0,0,0,0,,0,0,0,0,0,0,0,0,0,,
19/02/20,05:59:40,Secador 7,43,2002190531,200,0,0,0,0,0,0,0,0,0,0,0,0,0,0,,0,0,0,0,0,0,0,0,0,,
19/02/20,06:02:07,Secador 7,43,2002190531,200,0,0,0,0,0,0,0,0,0,0,0,0,0,0,,0,0,0,0,0,0,0,0,0,,
19/02/20,06:03:53,Secador 7,43,2002190531,199,0,0,0,0,0,0,0,0,0,0,0,0,0,0,,0,0,0,0,0,0,0,0,0,,
19/02/20,06:04:50,Secador 7,43,2002190531,200,0,0,0,0,0,0,0,0,0,0,0,0,0,0,,0,0,0,0,0,0,0,0,0,,
19/02/20,06:06:07,Secador 7,43,2002190531,201,0,0,0,0,0,0,0,0,0,0,0,0,0,0,,0,0,0,0,0,0,0,0,0,,
19/02/20,06:06:58,Secador 7,43,2002190531,201,0,0,0,0,0,0,0,0,0,0,0,0,0,0,,0,0,0,0,0,0,0,0,0,,
19/02/20,06:07:39,Secador 7,43,2002190531,201,0,0,0,0,0,0,0,0,0,0,0,0,0,0,,0,0,0,0,0,0,0,0,0,,
19/02/20,06:08:57,Secador 7,43,2002190531,196,0,0,0,0,0,0,0,0,0,0,0,0,0,0,,0,0,0,0,0,0,0,0,0,,
19/02/20,06:10:17,Secador 7,43,2002190531,202,0,0,0,0,0,0,0,0,0,0,0,0,0,0,,0,0,0,0,0,0,0,0,0,,
19/02/20,06:11:27,Secador 7,43,2002190531,198,0,0,0,0,0,0,0,0,0,0,0,0,0,0,,0,0,0,0,0,0,0,0,0,,
19/02/20,06:14:45,Secador 7,43,2002190531,201,0,0,0,0,0,0,0,0,0,0,0,0,0,0,,0,0,0,0,0,0,0,0,0,,
19/02/20,06:18:32,Secador 7,43,2002190531,201,0,0,0,0,0,0,0,0,0,0,0,0,0,0,,0,0,0,0,0,0,0,0,0,,
19/02/20,06:20:04,Secador 7,43,2002190531,198,0,0,0,0,0,0,0,0,0,0,0,0,0,0,,0,0,0,0,0,0,0,0,0,,
19/02/20,06:21:36,Secador 7,43,2002190531,201,0,0,0,0,0,0,0,0,0,0,0,0,0,0,,0,0,0,0,0,0,0,0,0,,
19/02/20,06:23:15,Secador 7,43,2002190531,199,0,0,0,0,0,0,0,0,0,0,0,0,0,0,,0,0,0,0,0,0,0,0,0,,
19/02/20,06:27:15,Secador 7,43,2002190531,201,0,0,0,0,0,0,0,0,0,0,0,0,0,0,,0,0,0,0,0,0,0,0,0,,
19/02/20,06:32:50,Secador 7,43,2002190531,189,0,0,0,0,0,0,0,0,0,0,0,0,0,0,,0,0,0,0,0,0,0,0,0,,
19/02/20,06:40:27,Secador 8,44,2002190636,201,0,0,0,0,0,0,0,0,0,0,0,0,0,0,,0,0,0,0,0,0,0,0,0,,
19/02/20,06:42:14,Secador 8,44,2002190636,200,0,0,0,0,0,0,0,0,0,0,0,0,0,0,,0,0,0,0,0,0,0,0,0,,
19/02/20,06:43:51,Secador 8,44,2002190636,199,0,0,0,0,0,0,0,0,0,0,0,0,0,0,,0,0,0,0,0,0,0,0,0,,
19/02/20,06:45:14,Secador 8,44,2002190636,199,0,0,0,0,0,0,0,0,0,0,0,0,0,0,,0,0,0,0,0,0,0,0,0,,
19/02/20,06:46:13,Secador 8,44,2002190636,200,0,0,0,0,0,0,0,0,0,0,0,0,0,0,,0,0,0,0,0,0,0,0,0,,
19/02/20,06:47:13,Secador 8,44,2002190636,201,0,0,0,0,0,0,0,0,0,0,0,0,0,0,,0,0,0,0,0,0,0,0,0,,
19/02/20,06:48:11,Secador 8,44,2002190636,199,0,0,0,0,0,0,0,0,0,0,0,0,0,0,,0,0,0,0,0,0,0,0,0,,
19/02/20,06:49:14,Secador 8,44,2002190636,200,0,0,0,0,0,0,0,0,0,0,0,0,0,0,,0,0,0,0,0,0,0,0,0,,
19/02/20,06:50:17,Secador 8,44,2002190636,201,0,0,0,0,0,0,0,0,0,0,0,0,0,0,,0,0,0,0,0,0,0,0,0,,
19/02/20,06:51:14,Secador 8,44,2002190636,204,0,0,0,0,0,0,0,0,0,0,0,0,0,0,,0,0,0,0,0,0,0,0,0,,
19/02/20,06:51:46,Secador 8,44,2002190636,202,0,0,0,0,0,0,0,0,0,0,0,0,0,0,,0,0,0,0,0,0,0,0,0,,
19/02/20,06:52:17,Secador 8,44,2002190636,200,0,0,0,0,0,0,0,0,0,0,0,0,0,0,,0,0,0,0,0,0,0,0,0,,
19/02/20,06:52:49,Secador 8,44,2002190636,201,0,0,0,0,0,0,0,0,0,0,0,0,0,0,,0,0,0,0,0,0,0,0,0,,
19/02/20,06:53:21,Secador 8,44,2002190636,200,0,0,0,0,0,0,0,0,0,0,0,0,0,0,,0,0,0,0,0,0,0,0,0,,
19/02/20,06:53:53,Secador 8,44,2002190636,199,0,0,0,0,0,0,0,0,0,0,0,0,0,0,,0,0,0,0,0,0,0,0,0,,
19/02/20,06:54:26,Secador 8,44,2002190636,200,0,0,0,0,0,0,0,0,0,0,0,0,0,0,,0,0,0,0,0,0,0,0,0,,
19/02/20,06:54:59,Secador 8,44,2002190636,200,0,0,0,0,0,0,0,0,0,0,0,0,0,0,,0,0,0,0,0,0,0,0,0,,
19/02/20,06:55:33,Secador 8,44,2002190636,200,0,0,0,0,0,0,0,0,0,0,0,0,0,0,,0,0,0,0,0,0,0,0,0,,
19/02/20,06:56:07,Secador 8,44,2002190636,199,0,0,0,0,0,0,0,0,0,0,0,0,0,0,,0,0,0,0,0,0,0,0,0,,
19/02/20,06:56:41,Secador 8,44,2002190636,199,0,0,0,0,0,0,0,0,0,0,0,0,0,0,,0,0,0,0,0,0,0,0,0,,
19/02/20,06:57:16,Secador 8,44,2002190636,200,0,0,0,0,0,0,0,0,0,0,0,0,0,0,,0,0,0,0,0,0,0,0,0,,
19/02/20,06:57:53,Secador 8,44,2002190636,201,0,0,0,0,0,0,0,0,0,0,0,0,0,0,,0,0,0,0,0,0,0,0,0,,
19/02/20,06:58:29,Secador 8,44,2002190636,198,0,0,0,0,0,0,0,0,0,0,0,0,0,0,,0,0,0,0,0,0,0,0,0,,
19/02/20,06:59:07,Secador 8,44,2002190636,201,0,0,0,0,0,0,0,0,0,0,0,0,0,0,,0,0,0,0,0,0,0,0,0,,
19/02/20,06:59:46,Secador 8,44,2002190636,200,0,0,0,0,0,0,0,0,0,0,0,0,0,0,,0,0,0,0,0,0,0,0,0,,
19/02/20,07:00:24,Secador 8,44,2002190636,199,0,0,0,0,0,0,0,0,0,0,0,0,0,0,,0,0,0,0,0,0,0,0,0,,
19/02/20,07:01:05,Secador 8,44,2002190636,200,0,0,0,0,0,0,0,0,0,0,0,0,0,0,,0,0,0,0,0,0,0,0,0,,
19/02/20,07:01:44,Secador 8,44,2002190636,201,0,0,0,0,0,0,0,0,0,0,0,0,0,0,,0,0,0,0,0,0,0,0,0,,
19/02/20,07:06:33,Secador 8,44,2002190636,198,0,0,0,0,0,0,0,0,0,0,0,0,0,0,,0,0,0,0,0,0,0,0,0,,
19/02/20,07:08:35,Secador 8,44,2002190636,199,0,0,0,0,0,0,0,0,0,0,0,0,0,0,,0,0,0,0,0,0,0,0,0,,
19/02/20,07:13:13,Secador 8,44,2002190636,201,0,0,0,0,0,0,0,0,0,0,0,0,0,0,,0,0,0,0,0,0,0,0,0,,
19/02/20,07:15:00,Secador 8,44,2002190636,200,0,0,0,0,0,0,0,0,0,0,0,0,0,0,,0,0,0,0,0,0,0,0,0,,
19/02/20,07:16:15,Secador 8,44,2002190636,197,0,0,0,0,0,0,0,0,0,0,0,0,0,0,,0,0,0,0,0,0,0,0,0,,
19/02/20,07:17:36,Secador 8,44,2002190636,202,0,0,0,0,0,0,0,0,0,0,0,0,0,0,,0,0,0,0,0,0,0,0,0,,
19/02/20,07:19:03,Secador 8,44,2002190636,199,0,0,0,0,0,0,0,0,0,0,0,0,0,0,,0,0,0,0,0,0,0,0,0,,
19/02/20,07:20:35,Secador 8,44,2002190636,200,0,0,0,0,0,0,0,0,0,0,0,0,0,0,,0,0,0,0,0,0,0,0,0,,
19/02/20,07:21:58,Secador 8,44,2002190636,200,0,0,0,0,0,0,0,0,0,0,0,0,0,0,,0,0,0,0,0,0,0,0,0,,
19/02/20,07:24:01,Secador 8,44,2002190636,201,0,0,0,0,0,0,0,0,0,0,0,0,0,0,,0,0,0,0,0,0,0,0,0,,
19/02/20,07:25:33,Secador 8,44,2002190636,199,0,0,0,0,0,0,0,0,0,0,0,0,0,0,,0,0,0,0,0,0,0,0,0,,
19/02/20,07:27:13,Secador 8,44,2002190636,200,0,0,0,0,0,0,0,0,0,0,0,0,0,0,,0,0,0,0,0,0,0,0,0,,
19/02/20,07:32:53,Secador 8,44,2002190636,201,0,0,0,0,0,0,0,0,0,0,0,0,0,0,,0,0,0,0,0,0,0,0,0,,
19/02/20,07:34:29,Secador 8,44,2002190636,199,0,0,0,0,0,0,0,0,0,0,0,0,0,0,,0,0,0,0,0,0,0,0,0,,
19/02/20,07:35:56,Secador 8,44,2002190636,201,0,0,0,0,0,0,0,0,0,0,0,0,0,0,,0,0,0,0,0,0,0,0,0,,
19/02/20,07:37:18,Secador 8,44,2002190636,200,0,0,0,0,0,0,0,0,0,0,0,0,0,0,,0,0,0,0,0,0,0,0,0,,
19/02/20,07:38:55,Secador 8,44,2002190636,199,0,0,0,0,0,0,0,0,0,0,0,0,0,0,,0,0,0,0,0,0,0,0,0,,
19/02/20,07:40:44,Secador 8,44,2002190636,199,0,0,0,0,0,0,0,0,0,0,0,0,0,0,,0,0,0,0,0,0,0,0,0,,
19/02/20,07:42:44,Secador 8,44,2002190636,201,0,0,0,0,0,0,0,0,0,0,0,0,0,0,,0,0,0,0,0,0,0,0,0,,
19/02/20,07:44:55,Secador 8,44,2002190636,199,0,0,0,0,0,0,0,0,0,0,0,0,0,0,,0,0,0,0,0,0,0,0,0,,
19/02/20,07:46:47,Secador 8,44,2002190636,200,0,0,0,0,0,0,0,0,0,0,0,0,0,0,,0,0,0,0,0,0,0,0,0,,
19/02/20,07:50:19,Secador 8,44,2002190636,201,0,0,0,0,0,0,0,0,0,0,0,0,0,0,,0,0,0,0,0,0,0,0,0,,
19/02/20,07:51:21,Secador 8,44,2002190636,200,0,0,0,0,0,0,0,0,0,0,0,0,0,0,,0,0,0,0,0,0,0,0,0,,
19/02/20,07:52:30,Secador 8,44,2002190636,200,0,0,0,0,0,0,0,0,0,0,0,0,0,0,,0,0,0,0,0,0,0,0,0,,
19/02/20,07:54:02,Secador 8,44,2002190636,200,0,0,0,0,0,0,0,0,0,0,0,0,0,0,,0,0,0,0,0,0,0,0,0,,
19/02/20,07:58:04,Secador 8,44,2002190636,201,0,0,0,0,0,0,0,0,0,0,0,0,0,0,,0,0,0,0,0,0,0,0,0,,
19/02/20,07:59:35,Secador 8,44,2002190636,197,0,0,0,0,0,0,0,0,0,0,0,0,0,0,,0,0,0,0,0,0,0,0,0,,
19/02/20,08:00:54,Secador 8,44,2002190636,202,0,0,0,0,0,0,0,0,0,0,0,0,0,0,,0,0,0,0,0,0,0,0,0,,
19/02/20,08:03:33,Secador 8,44,2002190636,199,0,0,0,0,0,0,0,0,0,0,0,0,0,0,,0,0,0,0,0,0,0,0,0,,
19/02/20,08:08:21,Secador 8,44,2002190636,199,0,0,0,0,0,0,0,0,0,0,0,0,0,0,,0,0,0,0,0,0,0,0,0,,
19/02/20,08:11:07,Secador 8,44,2002190636,202,0,0,0,0,0,0,0,0,0,0,0,0,0,0,,0,0,0,0,0,0,0,0,0,,
19/02/20,08:14:00,Secador 8,44,2002190636,201,0,0,0,0,0,0,0,0,0,0,0,0,0,0,,0,0,0,0,0,0,0,0,0,,
19/02/20,08:14:47,Secador 8,44,2002190636,200,0,0,0,0,0,0,0,0,0,0,0,0,0,0,,0,0,0,0,0,0,0,0,0,,
19/02/20,08:17:52,Secador 8,44,2002190636,198,0,0,0,0,0,0,0,0,0,0,0,0,0,0,,0,0,0,0,0,0,0,0,0,,
19/02/20,08:21:34,Secador 8,44,2002190636,202,0,0,0,0,0,0,0,0,0,0,0,0,0,0,,0,0,0,0,0,0,0,0,0,,
19/02/20,08:25:33,Secador 8,44,2002190636,86,0,0,0,0,0,0,0,0,0,0,0,0,0,0,,0,0,0,0,0,0,0,0,0,,
19/02/20,09:19:57,Secador 6,49,2002190916,211,0,0,0,0,0,0,0,0,0,0,0,0,0,0,,0,0,0,0,0,0,0,0,0,,
19/02/20,09:20:35,Secador 6,49,2002190916,198,0,0,0,0,0,0,0,0,0,0,0,0,0,0,,0,0,0,0,0,0,0,0,0,,
19/02/20,09:21:01,Secador 6,49,2002190916,200,0,0,0,0,0,0,0,0,0,0,0,0,0,0,,0,0,0,0,0,0,0,0,0,,
19/02/20,09:21:26,Secador 6,49,2002190916,200,0,0,0,0,0,0,0,0,0,0,0,0,0,0,,0,0,0,0,0,0,0,0,0,,
19/02/20,09:21:51,Secador 6,49,2002190916,199,0,0,0,0,0,0,0,0,0,0,0,0,0,0,,0,0,0,0,0,0,0,0,0,,
19/02/20,09:22:16,Secador 6,49,2002190916,202,0,0,0,0,0,0,0,0,0,0,0,0,0,0,,0,0,0,0,0,0,0,0,0,,
19/02/20,09:23:05,Secador 6,49,2002190916,186,0,0,0,0,0,0,0,0,0,0,0,0,0,0,,0,0,0,0,0,0,0,0,0,,
19/02/20,09:46:10,Secador 6,49,2002190916,205,0,0,0,0,0,0,0,0,0,0,0,0,0,0,,0,0,0,0,0,0,0,0,0,,
19/02/20,09:47:20,Secador 6,49,2002190916,197,0,0,0,0,0,0,0,0,0,0,0,0,0,0,,0,0,0,0,0,0,0,0,0,,
19/02/20,09:48:22,Secador 6,49,2002190916,200,0,0,0,0,0,0,0,0,0,0,0,0,0,0,,0,0,0,0,0,0,0,0,0,,
19/02/20,09:49:18,Secador 6,49,2002190916,203,0,0,0,0,0,0,0,0,0,0,0,0,0,0,,0,0,0,0,0,0,0,0,0,,
19/02/20,09:50:02,Secador 6,49,2002190916,200,0,0,0,0,0,0,0,0,0,0,0,0,0,0,,0,0,0,0,0,0,0,0,0,,
19/02/20,09:50:45,Secador 6,49,2002190916,200,0,0,0,0,0,0,0,0,0,0,0,0,0,0,,0,0,0,0,0,0,0,0,0,,
19/02/20,09:51:29,Secador 6,49,2002190916,200,0,0,0,0,0,0,0,0,0,0,0,0,0,0,,0,0,0,0,0,0,0,0,0,,
19/02/20,09:52:14,Secador 6,49,2002190916,200,0,0,0,0,0,0,0,0,0,0,0,0,0,0,,0,0,0,0,0,0,0,0,0,,
19/02/20,09:52:58,Secador 6,49,2002190916,200,0,0,0,0,0,0,0,0,0,0,0,0,0,0,,0,0,0,0,0,0,0,0,0,,
19/02/20,09:56:10,Secador 6,49,2002190916,199,0,0,0,0,0,0,0,0,0,0,0,0,0,0,,0,0,0,0,0,0,0,0,0,,
19/02/20,09:57:03,Secador 6,49,2002190916,202,0,0,0,0,0,0,0,0,0,0,0,0,0,0,,0,0,0,0,0,0,0,0,0,,
19/02/20,09:57:43,Secador 6,49,2002190916,199,0,0,0,0,0,0,0,0,0,0,0,0,0,0,,0,0,0,0,0,0,0,0,0,,
19/02/20,09:58:26,Secador 6,49,2002190916,201,0,0,0,0,0,0,0,0,0,0,0,0,0,0,,0,0,0,0,0,0,0,0,0,,
19/02/20,09:59:06,Secador 6,49,2002190916,199,0,0,0,0,0,0,0,0,0,0,0,0,0,0,,0,0,0,0,0,0,0,0,0,,
19/02/20,09:59:49,Secador 6,49,2002190916,200,0,0,0,0,0,0,0,0,0,0,0,0,0,0,,0,0,0,0,0,0,0,0,0,,
19/02/20,10:00:32,Secador 6,49,2002190916,200,0,0,0,0,0,0,0,0,0,0,0,0,0,0,,0,0,0,0,0,0,0,0,0,,
19/02/20,10:01:18,Secador 6,49,2002190916,199,0,0,0,0,0,0,0,0,0,0,0,0,0,0,,0,0,0,0,0,0,0,0,0,,
19/02/20,10:02:07,Secador 6,49,2002190916,200,0,0,0,0,0,0,0,0,0,0,0,0,0,0,,0,0,0,0,0,0,0,0,0,,
19/02/20,10:02:57,Secador 6,49,2002190916,200,0,0,0,0,0,0,0,0,0,0,0,0,0,0,,0,0,0,0,0,0,0,0,0,,
19/02/20,10:03:46,Secador 6,49,2002190916,200,0,0,0,0,0,0,0,0,0,0,0,0,0,0,,0,0,0,0,0,0,0,0,0,,
19/02/20,10:04:38,Secador 6,49,2002190916,201,0,0,0,0,0,0,0,0,0,0,0,0,0,0,,0,0,0,0,0,0,0,0,0,,
19/02/20,10:05:28,Secador 6,49,2002190916,199,0,0,0,0,0,0,0,0,0,0,0,0,0,0,,0,0,0,0,0,0,0,0,0,,
19/02/20,10:06:17,Secador 6,49,2002190916,198,0,0,0,0,0,0,0,0,0,0,0,0,0,0,,0,0,0,0,0,0,0,0,0,,
19/02/20,10:07:08,Secador 6,49,2002190916,202,0,0,0,0,0,0,0,0,0,0,0,0,0,0,,0,0,0,0,0,0,0,0,0,,
19/02/20,10:07:58,Secador 6,49,2002190916,201,0,0,0,0,0,0,0,0,0,0,0,0,0,0,,0,0,0,0,0,0,0,0,0,,
19/02/20,10:08:46,Secador 6,49,2002190916,199,0,0,0,0,0,0,0,0,0,0,0,0,0,0,,0,0,0,0,0,0,0,0,0,,
19/02/20,10:09:35,Secador 6,49,2002190916,200,0,0,0,0,0,0,0,0,0,0,0,0,0,0,,0,0,0,0,0,0,0,0,0,,
19/02/20,10:10:27,Secador 6,49,2002190916,199,0,0,0,0,0,0,0,0,0,0,0,0,0,0,,0,0,0,0,0,0,0,0,0,,
19/02/20,10:11:23,Secador 6,49,2002190916,201,0,0,0,0,0,0,0,0,0,0,0,0,0,0,,0,0,0,0,0,0,0,0,0,,
19/02/20,10:12:12,Secador 6,49,2002190916,200,0,0,0,0,0,0,0,0,0,0,0,0,0,0,,0,0,0,0,0,0,0,0,0,,
19/02/20,10:13:02,Secador 6,49,2002190916,199,0,0,0,0,0,0,0,0,0,0,0,0,0,0,,0,0,0,0,0,0,0,0,0,,
19/02/20,10:14:04,Secador 6,49,2002190916,200,0,0,0,0,0,0,0,0,0,0,0,0,0,0,,0,0,0,0,0,0,0,0,0,,
19/02/20,10:15:07,Secador 6,49,2002190916,200,0,0,0,0,0,0,0,0,0,0,0,0,0,0,,0,0,0,0,0,0,0,0,0,,
19/02/20,10:15:58,Secador 6,49,2002190916,200,0,0,0,0,0,0,0,0,0,0,0,0,0,0,,0,0,0,0,0,0,0,0,0,,
19/02/20,10:16:53,Secador 6,49,2002190916,202,0,0,0,0,0,0,0,0,0,0,0,0,0,0,,0,0,0,0,0,0,0,0,0,,
19/02/20,10:17:45,Secador 6,49,2002190916,197,0,0,0,0,0,0,0,0,0,0,0,0,0,0,,0,0,0,0,0,0,0,0,0,,
19/02/20,10:18:40,Secador 6,49,2002190916,201,0,0,0,0,0,0,0,0,0,0,0,0,0,0,,0,0,0,0,0,0,0,0,0,,
19/02/20,10:20:14,Secador 6,49,2002190916,201,0,0,0,0,0,0,0,0,0,0,0,0,0,0,,0,0,0,0,0,0,0,0,0,,
19/02/20,10:21:36,Secador 6,49,2002190916,199,0,0,0,0,0,0,0,0,0,0,0,0,0,0,,0,0,0,0,0,0,0,0,0,,
19/02/20,10:22:38,Secador 6,49,2002190916,201,0,0,0,0,0,0,0,0,0,0,0,0,0,0,,0,0,0,0,0,0,0,0,0,,
19/02/20,10:23:59,Secador 6,49,2002190916,199,0,0,0,0,0,0,0,0,0,0,0,0,0,0,,0,0,0,0,0,0,0,0,0,,
19/02/20,10:31:02,Secador 6,49,2002190916,187,0,0,0,0,0,0,0,0,0,0,0,0,0,0,,0,0,0,0,0,0,0,0,0,,
19/02/20,10:55:52,Secador 12,37,2002191052,202,0,0,0,0,0,0,0,0,0,0,0,0,0,0,,0,0,0,0,0,0,0,0,0,,
19/02/20,10:56:53,Secador 12,37,2002191052,200,0,0,0,0,0,0,0,0,0,0,0,0,0,0,,0,0,0,0,0,0,0,0,0,,
19/02/20,10:57:41,Secador 12,37,2002191052,199,0,0,0,0,0,0,0,0,0,0,0,0,0,0,,0,0,0,0,0,0,0,0,0,,
19/02/20,10:58:25,Secador 12,37,2002191052,201,0,0,0,0,0,0,0,0,0,0,0,0,0,0,,0,0,0,0,0,0,0,0,0,,
19/02/20,10:59:06,Secador 12,37,2002191052,202,0,0,0,0,0,0,0,0,0,0,0,0,0,0,,0,0,0,0,0,0,0,0,0,,
19/02/20,10:59:48,Secador 12,37,2002191052,198,0,0,0,0,0,0,0,0,0,0,0,0,0,0,,0,0,0,0,0,0,0,0,0,,
19/02/20,11:00:30,Secador 12,37,2002191052,201,0,0,0,0,0,0,0,0,0,0,0,0,0,0,,0,0,0,0,0,0,0,0,0,,
19/02/20,11:01:10,Secador 12,37,2002191052,199,0,0,0,0,0,0,0,0,0,0,0,0,0,0,,0,0,0,0,0,0,0,0,0,,
19/02/20,11:01:52,Secador 12,37,2002191052,199,0,0,0,0,0,0,0,0,0,0,0,0,0,0,,0,0,0,0,0,0,0,0,0,,
19/02/20,11:02:34,Secador 12,37,2002191052,200,0,0,0,0,0,0,0,0,0,0,0,0,0,0,,0,0,0,0,0,0,0,0,0,,
19/02/20,11:03:24,Secador 12,37,2002191052,198,0,0,0,0,0,0,0,0,0,0,0,0,0,0,,0,0,0,0,0,0,0,0,0,,
19/02/20,11:04:15,Secador 12,37,2002191052,203,0,0,0,0,0,0,0,0,0,0,0,0,0,0,,0,0,0,0,0,0,0,0,0,,
19/02/20,11:05:00,Secador 12,37,2002191052,199,0,0,0,0,0,0,0,0,0,0,0,0,0,0,,0,0,0,0,0,0,0,0,0,,
19/02/20,11:05:43,Secador 12,37,2002191052,202,0,0,0,0,0,0,0,0,0,0,0,0,0,0,,0,0,0,0,0,0,0,0,0,,
19/02/20,11:06:27,Secador 12,37,2002191052,198,0,0,0,0,0,0,0,0,0,0,0,0,0,0,,0,0,0,0,0,0,0,0,0,,
19/02/20,11:07:11,Secador 12,37,2002191052,201,0,0,0,0,0,0,0,0,0,0,0,0,0,0,,0,0,0,0,0,0,0,0,0,,
19/02/20,11:07:58,Secador 12,37,2002191052,200,0,0,0,0,0,0,0,0,0,0,0,0,0,0,,0,0,0,0,0,0,0,0,0,,
19/02/20,11:08:43,Secador 12,37,2002191052,200,0,0,0,0,0,0,0,0,0,0,0,0,0,0,,0,0,0,0,0,0,0,0,0,,
19/02/20,11:09:31,Secador 12,37,2002191052,199,0,0,0,0,0,0,0,0,0,0,0,0,0,0,,0,0,0,0,0,0,0,0,0,,
19/02/20,11:10:17,Secador 12,37,2002191052,201,0,0,0,0,0,0,0,0,0,0,0,0,0,0,,0,0,0,0,0,0,0,0,0,,
19/02/20,11:11:04,Secador 12,37,2002191052,199,0,0,0,0,0,0,0,0,0,0,0,0,0,0,,0,0,0,0,0,0,0,0,0,,
19/02/20,11:11:53,Secador 12,37,2002191052,200,0,0,0,0,0,0,0,0,0,0,0,0,0,0,,0,0,0,0,0,0,0,0,0,,
19/02/20,11:12:42,Secador 12,37,2002191052,200,0,0,0,0,0,0,0,0,0,0,0,0,0,0,,0,0,0,0,0,0,0,0,0,,
19/02/20,11:13:35,Secador 12,37,2002191052,200,0,0,0,0,0,0,0,0,0,0,0,0,0,0,,0,0,0,0,0,0,0,0,0,,
19/02/20,11:14:24,Secador 12,37,2002191052,200,0,0,0,0,0,0,0,0,0,0,0,0,0,0,,0,0,0,0,0,0,0,0,0,,
19/02/20,11:15:12,Secador 12,37,2002191052,201,0,0,0,0,0,0,0,0,0,0,0,0,0,0,,0,0,0,0,0,0,0,0,0,,
19/02/20,11:16:02,Secador 12,37,2002191052,199,0,0,0,0,0,0,0,0,0,0,0,0,0,0,,0,0,0,0,0,0,0,0,0,,
19/02/20,11:16:52,Secador 12,37,2002191052,200,0,0,0,0,0,0,0,0,0,0,0,0,0,0,,0,0,0,0,0,0,0,0,0,,
19/02/20,11:17:45,Secador 12,37,2002191052,199,0,0,0,0,0,0,0,0,0,0,0,0,0,0,,0,0,0,0,0,0,0,0,0,,
19/02/20,11:18:43,Secador 12,37,2002191052,199,0,0,0,0,0,0,0,0,0,0,0,0,0,0,,0,0,0,0,0,0,0,0,0,,
19/02/20,11:19:40,Secador 12,37,2002191052,201,0,0,0,0,0,0,0,0,0,0,0,0,0,0,,0,0,0,0,0,0,0,0,0,,
19/02/20,11:20:37,Secador 12,37,2002191052,200,0,0,0,0,0,0,0,0,0,0,0,0,0,0,,0,0,0,0,0,0,0,0,0,,
19/02/20,11:21:37,Secador 12,37,2002191052,200,0,0,0,0,0,0,0,0,0,0,0,0,0,0,,0,0,0,0,0,0,0,0,0,,
19/02/20,11:22:34,Secador 12,37,2002191052,200,0,0,0,0,0,0,0,0,0,0,0,0,0,0,,0,0,0,0,0,0,0,0,0,,
19/02/20,11:23:37,Secador 12,37,2002191052,199,0,0,0,0,0,0,0,0,0,0,0,0,0,0,,0,0,0,0,0,0,0,0,0,,
19/02/20,11:24:39,Secador 12,37,2002191052,200,0,0,0,0,0,0,0,0,0,0,0,0,0,0,,0,0,0,0,0,0,0,0,0,,
19/02/20,11:25:40,Secador 12,37,2002191052,201,0,0,0,0,0,0,0,0,0,0,0,0,0,0,,0,0,0,0,0,0,0,0,0,,
19/02/20,11:26:40,Secador 12,37,2002191052,200,0,0,0,0,0,0,0,0,0,0,0,0,0,0,,0,0,0,0,0,0,0,0,0,,
19/02/20,11:27:40,Secador 12,37,2002191052,200,0,0,0,0,0,0,0,0,0,0,0,0,0,0,,0,0,0,0,0,0,0,0,0,,
19/02/20,11:28:52,Secador 12,37,2002191052,200,0,0,0,0,0,0,0,0,0,0,0,0,0,0,,0,0,0,0,0,0,0,0,0,,
19/02/20,11:30:04,Secador 12,37,2002191052,199,0,0,0,0,0,0,0,0,0,0,0,0,0,0,,0,0,0,0,0,0,0,0,0,,
19/02/20,11:31:15,Secador 12,37,2002191052,200,0,0,0,0,0,0,0,0,0,0,0,0,0,0,,0,0,0,0,0,0,0,0,0,,
19/02/20,11:32:17,Secador 12,37,2002191052,200,0,0,0,0,0,0,0,0,0,0,0,0,0,0,,0,0,0,0,0,0,0,0,0,,
19/02/20,11:33:20,Secador 12,37,2002191052,200,0,0,0,0,0,0,0,0,0,0,0,0,0,0,,0,0,0,0,0,0,0,0,0,,
19/02/20,11:34:24,Secador 12,37,2002191052,200,0,0,0,0,0,0,0,0,0,0,0,0,0,0,,0,0,0,0,0,0,0,0,0,,
19/02/20,11:35:29,Secador 12,37,2002191052,201,0,0,0,0,0,0,0,0,0,0,0,0,0,0,,0,0,0,0,0,0,0,0,0,,
19/02/20,11:36:33,Secador 12,37,2002191052,199,0,0,0,0,0,0,0,0,0,0,0,0,0,0,,0,0,0,0,0,0,0,0,0,,
19/02/20,11:37:40,Secador 12,37,2002191052,200,0,0,0,0,0,0,0,0,0,0,0,0,0,0,,0,0,0,0,0,0,0,0,0,,
19/02/20,11:38:46,Secador 12,37,2002191052,200,0,0,0,0,0,0,0,0,0,0,0,0,0,0,,0,0,0,0,0,0,0,0,0,,
19/02/20,11:39:26,Secador 12,37,2002191052,207,0,0,0,0,0,0,0,0,0,0,0,0,0,0,,0,0,0,0,0,0,0,0,0,,
19/02/20,11:39:57,Secador 12,37,2002191052,201,0,0,0,0,0,0,0,0,0,0,0,0,0,0,,0,0,0,0,0,0,0,0,0,,
19/02/20,11:40:27,Secador 12,37,2002191052,199,0,0,0,0,0,0,0,0,0,0,0,0,0,0,,0,0,0,0,0,0,0,0,0,,
19/02/20,11:41:03,Secador 12,37,2002191052,196,0,0,0,0,0,0,0,0,0,0,0,0,0,0,,0,0,0,0,0,0,0,0,0,,
19/02/20,11:41:45,Secador 12,37,2002191052,200,0,0,0,0,0,0,0,0,0,0,0,0,0,0,,0,0,0,0,0,0,0,0,0,,
19/02/20,11:42:29,Secador 12,37,2002191052,201,0,0,0,0,0,0,0,0,0,0,0,0,0,0,,0,0,0,0,0,0,0,0,0,,
19/02/20,11:43:12,Secador 12,37,2002191052,199,0,0,0,0,0,0,0,0,0,0,0,0,0,0,,0,0,0,0,0,0,0,0,0,,
19/02/20,11:43:52,Secador 12,37,2002191052,200,0,0,0,0,0,0,0,0,0,0,0,0,0,0,,0,0,0,0,0,0,0,0,0,,
19/02/20,11:44:46,Secador 12,37,2002191052,197,0,0,0,0,0,0,0,0,0,0,0,0,0,0,,0,0,0,0,0,0,0,0,0,,
19/02/20,11:45:59,Secador 12,37,2002191052,201,0,0,0,0,0,0,0,0,0,0,0,0,0,0,,0,0,0,0,0,0,0,0,0,,
19/02/20,11:47:09,Secador 12,37,2002191052,200,0,0,0,0,0,0,0,0,0,0,0,0,0,0,,0,0,0,0,0,0,0,0,0,,
19/02/20,11:48:02,Secador 12,37,2002191052,201,0,0,0,0,0,0,0,0,0,0,0,0,0,0,,0,0,0,0,0,0,0,0,0,,
19/02/20,11:49:03,Secador 12,37,2002191052,198,0,0,0,0,0,0,0,0,0,0,0,0,0,0,,0,0,0,0,0,0,0,0,0,,
19/02/20,11:49:58,Secador 12,37,2002191052,203,0,0,0,0,0,0,0,0,0,0,0,0,0,0,,0,0,0,0,0,0,0,0,0,,
19/02/20,11:50:45,Secador 12,37,2002191052,200,0,0,0,0,0,0,0,0,0,0,0,0,0,0,,0,0,0,0,0,0,0,0,0,,
19/02/20,11:51:36,Secador 12,37,2002191052,199,0,0,0,0,0,0,0,0,0,0,0,0,0,0,,0,0,0,0,0,0,0,0,0,,
19/02/20,11:52:28,Secador 12,37,2002191052,198,0,0,0,0,0,0,0,0,0,0,0,0,0,0,,0,0,0,0,0,0,0,0,0,,
19/02/20,11:53:31,Secador 12,37,2002191052,201,0,0,0,0,0,0,0,0,0,0,0,0,0,0,,0,0,0,0,0,0,0,0,0,,
19/02/20,11:54:32,Secador 12,37,2002191052,199,0,0,0,0,0,0,0,0,0,0,0,0,0,0,,0,0,0,0,0,0,0,0,0,,
19/02/20,11:56:49,Secador 12,37,2002191052,205,0,0,0,0,0,0,0,0,0,0,0,0,0,0,,0,0,0,0,0,0,0,0,0,,
19/02/20,11:57:43,Secador 12,37,2002191052,199,0,0,0,0,0,0,0,0,0,0,0,0,0,0,,0,0,0,0,0,0,0,0,0,,
19/02/20,11:58:27,Secador 12,37,2002191052,196,0,0,0,0,0,0,0,0,0,0,0,0,0,0,,0,0,0,0,0,0,0,0,0,,
19/02/20,11:59:22,Secador 12,37,2002191052,202,0,0,0,0,0,0,0,0,0,0,0,0,0,0,,0,0,0,0,0,0,0,0,0,,
19/02/20,12:00:22,Secador 12,37,2002191052,198,0,0,0,0,0,0,0,0,0,0,0,0,0,0,,0,0,0,0,0,0,0,0,0,,
19/02/20,12:01:27,Secador 12,37,2002191052,203,0,0,0,0,0,0,0,0,0,0,0,0,0,0,,0,0,0,0,0,0,0,0,0,,
19/02/20,12:03:36,Secador 12,37,2002191052,199,0,0,0,0,0,0,0,0,0,0,0,0,0,0,,0,0,0,0,0,0,0,0,0,,
19/02/20,13:23:54,Secador 12,37,2002191052,154,0,0,0,0,0,0,0,0,0,0,0,0,0,0,,0,0,0,0,0,0,0,0,0,,
19/02/20,13:49:31,Secador 10,14,2002191333,200,0,0,0,0,0,0,0,0,0,0,0,0,0,0,,0,0,0,0,0,0,0,0,0,,
19/02/20,13:50:47,Secador 10,14,2002191333,202,0,0,0,0,0,0,0,0,0,0,0,0,0,0,,0,0,0,0,0,0,0,0,0,,
19/02/20,13:51:44,Secador 10,14,2002191333,198,0,0,0,0,0,0,0,0,0,0,0,0,0,0,,0,0,0,0,0,0,0,0,0,,
19/02/20,13:52:42,Secador 10,14,2002191333,199,0,0,0,0,0,0,0,0,0,0,0,0,0,0,,0,0,0,0,0,0,0,0,0,,
19/02/20,13:53:48,Secador 10,14,2002191333,199,0,0,0,0,0,0,0,0,0,0,0,0,0,0,,0,0,0,0,0,0,0,0,0,,
19/02/20,14:01:39,Secador 10,14,2002191333,204,0,0,0,0,0,0,0,0,0,0,0,0,0,0,,0,0,0,0,0,0,0,0,0,,
19/02/20,14:03:04,Secador 10,14,2002191333,197,0,0,0,0,0,0,0,0,0,0,0,0,0,0,,0,0,0,0,0,0,0,0,0,,
19/02/20,14:04:38,Secador 10,14,2002191333,200,0,0,0,0,0,0,0,0,0,0,0,0,0,0,,0,0,0,0,0,0,0,0,0,,
19/02/20,14:06:00,Secador 10,14,2002191333,198,0,0,0,0,0,0,0,0,0,0,0,0,0,0,,0,0,0,0,0,0,0,0,0,,
19/02/20,14:07:20,Secador 10,14,2002191333,202,0,0,0,0,0,0,0,0,0,0,0,0,0,0,,0,0,0,0,0,0,0,0,0,,
19/02/20,14:08:38,Secador 10,14,2002191333,201,0,0,0,0,0,0,0,0,0,0,0,0,0,0,,0,0,0,0,0,0,0,0,0,,
19/02/20,14:09:56,Secador 10,14,2002191333,197,0,0,0,0,0,0,0,0,0,0,0,0,0,0,,0,0,0,0,0,0,0,0,0,,
19/02/20,14:11:33,Secador 10,14,2002191333,203,0,0,0,0,0,0,0,0,0,0,0,0,0,0,,0,0,0,0,0,0,0,0,0,,
19/02/20,14:13:33,Secador 10,14,2002191333,199,0,0,0,0,0,0,0,0,0,0,0,0,0,0,,0,0,0,0,0,0,0,0,0,,
19/02/20,14:15:58,Secador 10,14,2002191333,199,0,0,0,0,0,0,0,0,0,0,0,0,0,0,,0,0,0,0,0,0,0,0,0,,
19/02/20,14:18:31,Secador 10,14,2002191333,201,0,0,0,0,0,0,0,0,0,0,0,0,0,0,,0,0,0,0,0,0,0,0,0,,
19/02/20,14:19:28,Secador 10,14,2002191333,198,0,0,0,0,0,0,0,0,0,0,0,0,0,0,,0,0,0,0,0,0,0,0,0,,
19/02/20,14:20:44,Secador 10,14,2002191333,200,0,0,0,0,0,0,0,0,0,0,0,0,0,0,,0,0,0,0,0,0,0,0,0,,
19/02/20,14:22:03,Secador 10,14,2002191333,201,0,0,0,0,0,0,0,0,0,0,0,0,0,0,,0,0,0,0,0,0,0,0,0,,
19/02/20,14:23:38,Secador 10,14,2002191333,201,0,0,0,0,0,0,0,0,0,0,0,0,0,0,,0,0,0,0,0,0,0,0,0,,
19/02/20,14:26:03,Secador 10,14,2002191333,199,0,0,0,0,0,0,0,0,0,0,0,0,0,0,,0,0,0,0,0,0,0,0,0,,
19/02/20,14:28:52,Secador 10,14,2002191333,202,0,0,0,0,0,0,0,0,0,0,0,0,0,0,,0,0,0,0,0,0,0,0,0,,
19/02/20,14:31:23,Secador 10,14,2002191333,199,0,0,0,0,0,0,0,0,0,0,0,0,0,0,,0,0,0,0,0,0,0,0,0,,
19/02/20,14:33:12,Secador 10,14,2002191333,201,0,0,0,0,0,0,0,0,0,0,0,0,0,0,,0,0,0,0,0,0,0,0,0,,
19/02/20,14:34:32,Secador 10,14,2002191333,198,0,0,0,0,0,0,0,0,0,0,0,0,0,0,,0,0,0,0,0,0,0,0,0,,
19/02/20,14:35:29,Secador 10,14,2002191333,203,0,0,0,0,0,0,0,0,0,0,0,0,0,0,,0,0,0,0,0,0,0,0,0,,
19/02/20,14:36:15,Secador 10,14,2002191333,200,0,0,0,0,0,0,0,0,0,0,0,0,0,0,,0,0,0,0,0,0,0,0,0,,
19/02/20,14:37:06,Secador 10,14,2002191333,198,0,0,0,0,0,0,0,0,0,0,0,0,0,0,,0,0,0,0,0,0,0,0,0,,
19/02/20,14:38:09,Secador 10,14,2002191333,200,0,0,0,0,0,0,0,0,0,0,0,0,0,0,,0,0,0,0,0,0,0,0,0,,
19/02/20,14:39:12,Secador 10,14,2002191333,200,0,0,0,0,0,0,0,0,0,0,0,0,0,0,,0,0,0,0,0,0,0,0,0,,
19/02/20,14:40:17,Secador 10,14,2002191333,199,0,0,0,0,0,0,0,0,0,0,0,0,0,0,,0,0,0,0,0,0,0,0,0,,
19/02/20,14:41:24,Secador 10,14,2002191333,200,0,0,0,0,0,0,0,0,0,0,0,0,0,0,,0,0,0,0,0,0,0,0,0,,
19/02/20,14:42:33,Secador 10,14,2002191333,200,0,0,0,0,0,0,0,0,0,0,0,0,0,0,,0,0,0,0,0,0,0,0,0,,
19/02/20,14:43:41,Secador 10,14,2002191333,200,0,0,0,0,0,0,0,0,0,0,0,0,0,0,,0,0,0,0,0,0,0,0,0,,
19/02/20,14:44:52,Secador 10,14,2002191333,202,0,0,0,0,0,0,0,0,0,0,0,0,0,0,,0,0,0,0,0,0,0,0,0,,
19/02/20,14:46:08,Secador 10,14,2002191333,200,0,0,0,0,0,0,0,0,0,0,0,0,0,0,,0,0,0,0,0,0,0,0,0,,
19/02/20,14:47:29,Secador 10,14,2002191333,201,0,0,0,0,0,0,0,0,0,0,0,0,0,0,,0,0,0,0,0,0,0,0,0,,
19/02/20,14:48:42,Secador 10,14,2002191333,199,0,0,0,0,0,0,0,0,0,0,0,0,0,0,,0,0,0,0,0,0,0,0,0,,
19/02/20,14:50:10,Secador 10,14,2002191333,199,0,0,0,0,0,0,0,0,0,0,0,0,0,0,,0,0,0,0,0,0,0,0,0,,
19/02/20,14:51:18,Secador 10,14,2002191333,200,0,0,0,0,0,0,0,0,0,0,0,0,0,0,,0,0,0,0,0,0,0,0,0,,
19/02/20,14:52:26,Secador 10,14,2002191333,199,0,0,0,0,0,0,0,0,0,0,0,0,0,0,,0,0,0,0,0,0,0,0,0,,
19/02/20,14:53:30,Secador 10,14,2002191333,203,0,0,0,0,0,0,0,0,0,0,0,0,0,0,,0,0,0,0,0,0,0,0,0,,
19/02/20,14:54:40,Secador 10,14,2002191333,197,0,0,0,0,0,0,0,0,0,0,0,0,0,0,,0,0,0,0,0,0,0,0,0,,
19/02/20,14:55:45,Secador 10,14,2002191333,200,0,0,0,0,0,0,0,0,0,0,0,0,0,0,,0,0,0,0,0,0,0,0,0,,
19/02/20,14:57:34,Secador 10,14,2002191333,200,0,0,0,0,0,0,0,0,0,0,0,0,0,0,,0,0,0,0,0,0,0,0,0,,
19/02/20,15:00:31,Secador 10,14,2002191333,200,0,0,0,0,0,0,0,0,0,0,0,0,0,0,,0,0,0,0,0,0,0,0,0,,
19/02/20,15:20:47,Secador 10,14,2002191333,214,0,0,0,0,0,0,0,0,0,0,0,0,0,0,,0,0,0,0,0,0,0,0,0,,
19/02/20,15:21:22,Secador 10,14,2002191333,198,0,0,0,0,0,0,0,0,0,0,0,0,0,0,,0,0,0,0,0,0,0,0,0,,
19/02/20,15:21:48,Secador 10,14,2002191333,198,0,0,0,0,0,0,0,0,0,0,0,0,0,0,,0,0,0,0,0,0,0,0,0,,
19/02/20,15:22:14,Secador 10,14,2002191333,198,0,0,0,0,0,0,0,0,0,0,0,0,0,0,,0,0,0,0,0,0,0,0,0,,
19/02/20,15:22:43,Secador 10,14,2002191333,200,0,0,0,0,0,0,0,0,0,0,0,0,0,0,,0,0,0,0,0,0,0,0,0,,
19/02/20,15:32:48,Secador 10,14,2002191333,207,0,0,0,0,0,0,0,0,0,0,0,0,0,0,,0,0,0,0,0,0,0,0,0,,
19/02/20,15:34:01,Secador 10,14,2002191333,200,0,0,0,0,0,0,0,0,0,0,0,0,0,0,,0,0,0,0,0,0,0,0,0,,
19/02/20,15:34:43,Secador 10,14,2002191333,200,0,0,0,0,0,0,0,0,0,0,0,0,0,0,,0,0,0,0,0,0,0,0,0,,
19/02/20,16:31:24,Secador 10,14,2002191630,201,0,0,0,0,0,0,0,0,0,0,0,0,0,0,,0,0,0,0,0,0,0,0,0,,
19/02/20,17:41:05,Secador 10,14,2002191734,200,0,0,0,0,0,0,0,0,0,0,0,0,0,0,,0,0,0,0,0,0,0,0,0,,
19/02/20,17:42:19,Secador 10,14,2002191734,203,0,0,0,0,0,0,0,0,0,0,0,0,0,0,,0,0,0,0,0,0,0,0,0,,
20/02/20,17:43:55,Secador 10,14,2002191734,204,0,0,0,0,0,0,0,0,0,0,0,0,0,0,,0,0,0,0,0,0,0,0,0,,
21/02/20,17:43:55,Secador 10,14,2002191734,204,0,0,0,0,0,0,0,0,0,0,0,0,0,0,,0,0,0,0,0,0,0,0,0,,
23/02/20,17:43:55,Secador 10,14,2002191734,204,0,0,0,0,0,0,0,0,0,0,0,0,0,0,,0,0,0,0,0,0,0,0,0,,